To honour the JVM settings for this build a single-use Daemon process will be forked. For more on this, please refer to https://docs.gradle.org/8.14/userguide/gradle_daemon.html#sec:disabling_the_daemon in the Gradle documentation.
Daemon will be stopped at the end of the build 
> Task :cacheVersionManifest1.21.1 UP-TO-DATE
> Task :cacheVersionExecutableClient1.21.1 UP-TO-DATE
> Task :cacheVersionExecutableServer1.21.1 UP-TO-DATE
> Task :cacheVersionMappingsClient1.21.1 UP-TO-DATE
> Task :cacheVersionMappingsServer1.21.1 UP-TO-DATE
> Task :neoFormListLibraries UP-TO-DATE
> Task :neoFormStripClient UP-TO-DATE
> Task :neoFormExtractServer UP-TO-DATE
> Task :neoFormStripServer UP-TO-DATE
> Task :neoFormMerge UP-TO-DATE
> Task :neoFormMergeMappings UP-TO-DATE
> Task :neoFormRename UP-TO-DATE
> Task :neoFormDecompile UP-TO-DATE
> Task :neoFormApplyForgesAccessTransformer UP-TO-DATE
> Task :neoFormApplyUserAccessTransformer UP-TO-DATE
> Task :neoFormInject UP-TO-DATE
> Task :neoFormPatch UP-TO-DATE
> Task :neoFormPatchUserDev UP-TO-DATE
> Task :neoFormApplyOfficialMappings UP-TO-DATE
> Task :neoFormApplyParchment UP-TO-DATE
> Task :neoFormUnzipSources UP-TO-DATE
> Task :create1.21.1ClientExtraJar UP-TO-DATE
> Task :selectRawArtifactNg_dummy_ng.net.minecraft_client_1.21.1_client-extra UP-TO-DATE
> Task :neoFormRecompile UP-TO-DATE
> Task :neoFormPackRecomp UP-TO-DATE
> Task :supplyRawJarForneoFormJoined1.21.1-20240808.144430 UP-TO-DATE
> Task :selectRawArtifactNg_dummy_ng.net.neoforged_neoforge_21.1.172 UP-TO-DATE
> Task :compileJava
> Task :processResources UP-TO-DATE
> Task :classes
> Task :neoFormJoined1.21.1-20240808.144430DownloadAssets UP-TO-DATE
> Task :neoFormJoined1.21.1-20240808.144430ExtractNatives UP-TO-DATE
> Task :writeMinecraftClasspathClient UP-TO-DATE

> Task :runClient
[08:47:46.694] [main/INFO] [Launcher/MODLAUNCHER]: ModLauncher running: args [--launchTarget, forgeclientdev, --version, 21.1.172, --assetIndex, asset-index, --assetsDir, C:\Users\Newpi\.gradle\caches\minecraft\assets\1.21.1, --gameDir, ., --fml.fmlVersion, 4.0.39, --fml.mcVersion, 1.21.1, --fml.neoForgeVersion, 21.1.172, --fml.neoFormVersion, 20240808.144430] 
[08:47:46.697] [main/INFO] [Launcher/MODLAUNCHER]: JVM identified as Oracle Corporation Java HotSpot(TM) 64-Bit Server VM 21.0.9+7-LTS-338 
[08:47:46.699] [main/INFO] [Launcher/MODLAUNCHER]: ModLauncher 11.0.4+main.d2e20e43 starting: java version 21.0.9 by Oracle Corporation; OS Windows 11 arch amd64 version 10.0 
[08:47:46.823] [main/INFO] [loading.ImmediateWindowHandler/]: Loading ImmediateWindowProvider fmlearlywindow 
[08:47:46.924] [main/INFO] [EARLYDISPLAY/]: Trying GL version 4.6 
[08:47:47.089] [main/INFO] [EARLYDISPLAY/]: Requested GL version 4.6 got version 4.6 
[08:47:47.170] [main/INFO] [mixin/]: SpongePowered MIXIN Subsystem Version=0.8.7 Source=union:/C:/Users/Newpi/.gradle/caches/modules-2/files-2.1/net.fabricmc/sponge-mixin/0.15.2+mixin.0.8.7/2af2f021d8e02a0220dc27a7a72b4666d66d44ca/sponge-mixin-0.15.2+mixin.0.8.7.jar%23148!/ Service=ModLauncher Env=CLIENT 
[08:47:47.368] [main/INFO] [loading.moddiscovery.ModDiscoverer/SCAN]: Found mod file "neoforge-21.1.172.jar" [locator: neoforge devenv provider ([D:\mc\MODEVS\voxy-neoforge-version1.21.1\.gradle\repositories\ng_dummy_ng\net\neoforged\neoforge\21.1.172\neoforge-21.1.172.jar])] 
[08:47:47.379] [pool-2-thread-1/INFO] [EARLYDISPLAY/]: GL info: NVIDIA GeForce RTX 4060/PCIe/SSE2 GL version 4.6.0 NVIDIA 595.97, NVIDIA Corporation 
[08:47:47.392] [main/INFO] [loading.moddiscovery.ModDiscoverer/SCAN]: Found mod file "neoforge-21.1.172.jar" [locator: neoforge devenv provider ([D:\mc\MODEVS\voxy-neoforge-version1.21.1\.gradle\repositories\ng_dummy_ng\net\neoforged\neoforge\21.1.172\neoforge-21.1.172.jar])] 
[08:47:47.410] [main/INFO] [loading.moddiscovery.ModDiscoverer/SCAN]: Found mod file "main" [locator: userdev mods and services, reader: mod manifest] 
[08:47:47.419] [main/INFO] [loading.moddiscovery.ModDiscoverer/SCAN]: Found mod file "neoforge-21.1.172.jar" [locator: userdev mods and services, reader: mod manifest] 
[08:47:47.425] [main/INFO] [loading.moddiscovery.ModDiscoverer/SCAN]: Found mod file "lithium-mc1.21.1-0.15.0-neoforge.jar" [locator: userdev mods and services, reader: mod manifest] 
[08:47:47.433] [main/INFO] [loading.moddiscovery.ModDiscoverer/SCAN]: Found mod file "sodium-mc1.21.1-0.6.13-neoforge.jar" [locator: userdev mods and services, reader: mod manifest] 
[08:47:47.441] [main/INFO] [loading.moddiscovery.ModDiscoverer/SCAN]: Found mod file "iris-1.8.8+1.21.1-neoforge.jar" [locator: userdev mods and services, reader: mod manifest] 
[08:47:47.451] [main/INFO] [loading.moddiscovery.ModDiscoverer/SCAN]: Found mod file "chunky-1.4.23-neoforge.jar" [locator: userdev mods and services, reader: mod manifest] 
[08:47:47.456] [main/INFO] [loading.moddiscovery.ModDiscoverer/SCAN]: Found mod file "spark-1.10.139-neoforge.jar" [locator: userdev mods and services, reader: mod manifest] 
[08:47:47.641] [main/WARN] [loading.moddiscovery.ModDiscoverer/SCAN]: Skipping jar. File C:\Users\Newpi\.gradle\caches\modules-2\files-2.1\me.djtheredstoner\DevAuth-neoforge\1.2.0\4b78c9ebd37af9c8e6655f1689483d2edf5b675d\DevAuth-neoforge-1.2.0.jar is for Minecraft Forge or an older version of NeoForge, and cannot be loaded 
[08:47:47.688] [main/INFO] [loading.moddiscovery.ModDiscoverer/SCAN]: Found gamelibrary file "mixinextras-neoforge-0.4.1.jar" [locator: userdev mods and services, reader: mod manifest] 
[08:47:47.971] [main/WARN] [selection.JarSelector/]: Attempted to select a dependency jar for JarJar which was passed in as source: library:mixinextras.neoforge. Using Mod File: C:\Users\Newpi\.gradle\caches\modules-2\files-2.1\io.github.llamalad7\mixinextras-neoforge\0.4.1\eff97772ecd0dcf8e52cdbafd3b3ccec425f8314\mixinextras-neoforge-0.4.1.jar 
[08:47:47.971] [main/INFO] [loading.moddiscovery.locators.JarInJarDependencyLocator/]: Found 8 dependencies adding them to mods collection 
[08:47:47.971] [main/INFO] [loading.moddiscovery.ModDiscoverer/SCAN]: Found mod file "fabric-rendering-data-attachment-v1-0.3.48+73761d2e19.jar" [parent: sodium-mc1.21.1-0.6.13-neoforge.jar, locator: jarinjar, reader: mod manifest] 
[08:47:47.971] [main/INFO] [loading.moddiscovery.ModDiscoverer/SCAN]: Found library file "jcpp-1.4.14.jar" [parent: iris-1.8.8+1.21.1-neoforge.jar, locator: jarinjar] 
[08:47:47.971] [main/INFO] [loading.moddiscovery.ModDiscoverer/SCAN]: Found mod file "fabric-renderer-api-v1-3.4.0+acb05a3919.jar" [parent: iris-1.8.8+1.21.1-neoforge.jar, locator: jarinjar, reader: mod manifest] 
[08:47:47.972] [main/INFO] [loading.moddiscovery.ModDiscoverer/SCAN]: Found mod file "fabric-api-base-0.4.42+d1308ded19.jar" [parent: sodium-mc1.21.1-0.6.13-neoforge.jar, locator: jarinjar, reader: mod manifest] 
[08:47:47.972] [main/INFO] [loading.moddiscovery.ModDiscoverer/SCAN]: Found library file "net.caffeinemc.sodium-neoforge-0.6.13+mc1.21.1-service.jar" [parent: sodium-mc1.21.1-0.6.13-neoforge.jar, locator: jarinjar, reader: mod manifest] 
[08:47:47.972] [main/INFO] [loading.moddiscovery.ModDiscoverer/SCAN]: Found library file "net.neoforged.neoforge-coremods-21.1.172.jar" [parent: neoforge-21.1.172.jar, locator: jarinjar, reader: mod manifest] 
[08:47:47.972] [main/INFO] [loading.moddiscovery.ModDiscoverer/SCAN]: Found mod file "fabric-block-view-api-v2-1.0.10+9afaaf8c19.jar" [parent: sodium-mc1.21.1-0.6.13-neoforge.jar, locator: jarinjar, reader: mod manifest] 
[08:47:47.972] [main/INFO] [loading.moddiscovery.ModDiscoverer/SCAN]: Found library file "glsl-transformer-2.0.1.jar" [parent: iris-1.8.8+1.21.1-neoforge.jar, locator: jarinjar] 
[08:47:47.974] [main/INFO] [loading.moddiscovery.ModDiscoverer/]: 
     Mod List:
		Name Version (Mod Id)

		Chunky 1.4.23 (chunky)
		Forgified Fabric API Base 0.4.42+d1308ded19 (fabric_api_base)
		Forgified Fabric BlockView API (v2) 1.0.10+9afaaf8c19 (fabric_block_view_api_v2)
		Forgified Fabric Renderer API (v1) 3.4.0+acb05a3919 (fabric_renderer_api_v1)
		Forgified Fabric Rendering Data Attachment (v1) 0.3.48+73761d2e19 (fabric_rendering_data_attachment_v1)
		Iris 1.8.8+mc1.21.1 (iris)
		Lithium 0.15.0+mc1.21.1 (lithium)
		Minecraft 1.21.1 (minecraft)
		NeoForge 21.1.172 (neoforge)
		Sodium 0.6.13+mc1.21.1 (sodium)
		spark 1.10.139 (spark)
		Voxy 0.2.5-alpha (voxy) 
[08:47:48.505] [main/INFO] [mixin/]: Compatibility level set to JAVA_17 
[08:47:48.511] [main/INFO] [mixin/]: Compatibility level set to JAVA_21 
[08:47:48.535] [main/INFO] [LaunchServiceHandler/MODLAUNCHER]: Launching target 'forgeclientdev' with arguments [--version, 21.1.172, --gameDir, ., --assetsDir, C:\Users\Newpi\.gradle\caches\minecraft\assets\1.21.1, --assetIndex, asset-index] 
[08:47:48.662] [main/INFO] [Sodium/]: Loaded configuration file for Sodium: 43 options available, 1 override(s) found 
[08:47:48.737] [main/INFO] [LithiumConfig/]: Option 'mixin.experimental.entity.block_caching.suffocation' requires 'mixin.util.block_tracking=true' but found 'false'. Setting 'mixin.experimental.entity.block_caching.suffocation=false'. 
[08:47:48.737] [main/INFO] [LithiumConfig/]: Option 'mixin.experimental.entity.block_caching.block_support' requires 'mixin.util.block_tracking=true' but found 'false'. Setting 'mixin.experimental.entity.block_caching.block_support=false'. 
[08:47:48.737] [main/INFO] [LithiumConfig/]: Option 'mixin.experimental.entity.block_caching.block_touching' requires 'mixin.util.block_tracking=true' but found 'false'. Setting 'mixin.experimental.entity.block_caching.block_touching=false'. 
[08:47:48.737] [main/INFO] [LithiumConfig/]: Option 'mixin.experimental.entity.block_caching' requires 'mixin.util.block_tracking=true' but found 'false'. Setting 'mixin.experimental.entity.block_caching=false'. 
[08:47:48.738] [main/INFO] [Lithium/]: Loaded configuration file for Lithium: 146 options available, 0 override(s) found 
[08:47:48.743] [main/WARN] [mixin/]: Reference map 'iris.refmap.json' for mixins.iris.json could not be read. If this is a development environment you can ignore this message 
[08:47:48.743] [main/WARN] [mixin/]: Reference map 'iris.refmap.json' for mixins.iris.fantastic.json could not be read. If this is a development environment you can ignore this message 
[08:47:48.744] [main/WARN] [mixin/]: Reference map 'iris.refmap.json' for mixins.iris.vertexformat.json could not be read. If this is a development environment you can ignore this message 
[08:47:48.744] [main/WARN] [mixin/]: Reference map 'iris.refmap.json' for iris-batched-entity-rendering.mixins.json could not be read. If this is a development environment you can ignore this message 
[08:47:48.745] [main/WARN] [mixin/]: Reference map 'iris.refmap.json' for mixins.iris.compat.sodium.json could not be read. If this is a development environment you can ignore this message 
[08:47:49.000] [main/WARN] [Sodium/]: Force-disabling mixin 'features.render.world.sky.FogRendererMixin' as rule 'mixin.features.render.world.sky' (added by mods [iris]) disables it and children 
[08:47:49.000] [main/WARN] [Sodium/]: Force-disabling mixin 'features.render.world.sky.ClientLevelMixin' as rule 'mixin.features.render.world.sky' (added by mods [iris]) disables it and children 
[08:47:49.002] [main/WARN] [Sodium/]: Force-disabling mixin 'features.render.world.sky.LevelRendererMixin' as rule 'mixin.features.render.world.sky' (added by mods [iris]) disables it and children 
[08:47:49.568] [main/WARN] [mixin/]: Error loading class: com/portingdeadmods/cable_facades/events/GameClientEvents$2 (java.lang.ClassNotFoundException: com.portingdeadmods.cable_facades.events.GameClientEvents$2) 
[08:47:49.571] [main/WARN] [mixin/]: Error loading class: com/direwolf20/justdirethings/client/renderers/OurRenderTypes (java.lang.ClassNotFoundException: com.direwolf20.justdirethings.client.renderers.OurRenderTypes) 
[08:47:49.572] [main/WARN] [mixin/]: Error loading class: mekanism/client/render/entity/RenderFlame (java.lang.ClassNotFoundException: mekanism.client.render.entity.RenderFlame) 
[08:47:49.574] [main/WARN] [mixin/]: Error loading class: mekanism/client/render/armor/MekaSuitArmor (java.lang.ClassNotFoundException: mekanism.client.render.armor.MekaSuitArmor) 
[08:47:49.575] [main/WARN] [mixin/]: Error loading class: mekanism/client/render/lib/effect/BillboardingEffectRenderer (java.lang.ClassNotFoundException: mekanism.client.render.lib.effect.BillboardingEffectRenderer) 
[08:47:49.578] [main/WARN] [mixin/]: Error loading class: blusunrize/immersiveengineering/client/utils/IEGLShaders (java.lang.ClassNotFoundException: blusunrize.immersiveengineering.client.utils.IEGLShaders) 
[08:47:49.712] [main/INFO] [MixinExtras|Service/]: Initializing MixinExtras via com.llamalad7.mixinextras.service.MixinExtrasServiceImpl(version=0.4.1). 
WARN StatusConsoleListener Advanced terminal features are not available in this environment
[08:47:50] [main/DEBUG] [io.ne.ut.in.lo.InternalLoggerFactory/]: Using SLF4J as the default logging framework
[08:47:50] [main/DEBUG] [io.ne.ut.ResourceLeakDetector/]: -Dio.netty.leakDetection.level: simple
[08:47:50] [main/DEBUG] [io.ne.ut.ResourceLeakDetector/]: -Dio.netty.leakDetection.targetRecords: 4
[08:47:50] [main/DEBUG] [mixin/]: Mixing alloc.nbt.CompoundTagMixin from lithium.mixins.json into net.minecraft.nbt.CompoundTag
[08:47:50] [main/DEBUG] [mixin/]: Mixing texture.MixinResourceLocation from mixins.iris.json into net.minecraft.resources.ResourceLocation
[08:47:50] [main/DEBUG] [mixin/]: mixins.iris.json:texture.MixinResourceLocation from mod iris: Class version 65 required is higher than the class version supported by the current version of Mixin (JAVA_8 supports class version 52)
[08:47:50] [main/DEBUG] [mixin/]: mixins.iris.json:texture.MixinResourceLocation from mod iris->@Inject::iris$blockDUMMY(Ljava/lang/String;Lorg/spongepowered/asm/mixin/injection/callback/CallbackInfoReturnable;)V does use it's CallbackInfoReturnable
[08:47:50] [main/DEBUG] [mixin/]: mixins.iris.json:texture.MixinResourceLocation from mod iris->@Inject::iris$allowInvalidPaths(CLorg/spongepowered/asm/mixin/injection/callback/CallbackInfoReturnable;)V does use it's CallbackInfoReturnable
[08:47:51] [main/DEBUG] [mixin/]: Mixing alloc.nbt.CompoundTagMixin$Type from lithium.mixins.json into net.minecraft.nbt.CompoundTag$1
[08:47:51] [main/DEBUG] [mixin/]: Mixing math.sine_lut.MthMixin from lithium.mixins.json into net.minecraft.util.Mth
[08:47:51] [main/DEBUG] [mixin/]: lithium.mixins.json:math.sine_lut.MthMixin from mod lithium->@Inject::onClassInit(Lorg/spongepowered/asm/mixin/injection/callback/CallbackInfo;)V doesn't use it's CallbackInfo
[08:47:51] [main/DEBUG] [mixin/]: Mixing MixinSystemReport from mixins.iris.json into net.minecraft.SystemReport
[08:47:51] [main/DEBUG] [mixin/]: mixins.iris.json:MixinSystemReport from mod iris: Class version 65 required is higher than the class version supported by the current version of Mixin (JAVA_8 supports class version 52)
[08:47:51] [main/DEBUG] [mixin/]: Renaming synthetic method lambda$fillSystemDetails$1()Ljava/lang/String; to md7ea5ce$iris$lambda$fillSystemDetails$1$0 in mixins.iris.json:MixinSystemReport from mod iris
[08:47:51] [main/DEBUG] [mixin/]: Renaming synthetic method lambda$fillSystemDetails$0(Ljava/lang/StringBuilder;Lnet/irisshaders/iris/shaderpack/ShaderPack;)V to md7ea5ce$iris$lambda$fillSystemDetails$0$1 in mixins.iris.json:MixinSystemReport from mod iris
[08:47:51] [main/DEBUG] [mixin/]: mixins.iris.json:MixinSystemReport from mod iris->@Inject::fillSystemDetails(Lorg/spongepowered/asm/mixin/injection/callback/CallbackInfo;)V doesn't use it's CallbackInfo
[08:47:51] [main/DEBUG] [mixin/]: mixins.iris.json:MixinSystemReport from mod iris->@Inject::fillSystemDetails(Lorg/spongepowered/asm/mixin/injection/callback/CallbackInfo;)V has 0 override(s) in child classes
[08:47:51] [main/DEBUG] [mixin/]: mixins.iris.json:MixinSystemReport from mod iris->@Inject::fillSystemDetails(Lorg/spongepowered/asm/mixin/injection/callback/CallbackInfo;)V won't be passed a CallbackInfo as a result
[08:47:51] [main/DEBUG] [os.ut.FileUtil/]: No oshi.properties file found from ClassLoader cpw.mods.modlauncher.TransformingClassLoader@451882b2
[08:47:52] [Datafixer Bootstrap/INFO] [mojang/DataFixerBuilder]: 229 Datafixer optimizations took 399 milliseconds
[08:47:52] [main/DEBUG] [os.ut.FileUtil/]: No oshi.architecture.properties file found from ClassLoader cpw.mods.modlauncher.TransformingClassLoader@451882b2
[08:47:52] [main/DEBUG] [mixin/]: Mixing iris.MixinIris from client.voxy.mixins.json into net.irisshaders.iris.Iris
[08:47:52] [main/DEBUG] [mixin/]: client.voxy.mixins.json:iris.MixinIris from mod voxy: Class version 65 required is higher than the class version supported by the current version of Mixin (JAVA_17 supports class version 61)
[08:47:52] [pool-16-thread-1/DEBUG] [mixin/]: Mixing MappedRegistryAccessor from neoforge.mixins.json into net.minecraft.core.MappedRegistry
[08:47:52] [pool-16-thread-1/DEBUG] [mixin/]: Mixing shapes.blockstate_cache.BlockMixin from lithium.mixins.json into net.minecraft.world.level.block.Block
[08:47:52] [pool-16-thread-1/DEBUG] [mixin/]: Renaming synthetic method lambda$static$0(Lnet/minecraft/world/phys/shapes/VoxelShape;)Z to md7ea5ce$lithium$lambda$static$0$0 in lithium.mixins.json:shapes.blockstate_cache.BlockMixin from mod lithium
[08:47:52] [pool-16-thread-1/DEBUG] [mixin/]: Mixing block.hopper.BlockBehaviourMixin from lithium.mixins.json into net.minecraft.world.level.block.state.BlockBehaviour
[08:47:52] [pool-16-thread-1/DEBUG] [mixin/]: lithium.mixins.json:block.hopper.BlockBehaviourMixin from mod lithium->@Inject::notifyOnShapeUpdate(Lnet/minecraft/world/level/block/state/BlockState;Lnet/minecraft/core/Direction;Lnet/minecraft/world/level/block/state/BlockState;Lnet/minecraft/world/level/LevelAccessor;Lnet/minecraft/core/BlockPos;Lnet/minecraft/core/BlockPos;Lorg/spongepowered/asm/mixin/injection/callback/CallbackInfoReturnable;)V doesn't use it's CallbackInfoReturnable
[08:47:52] [pool-16-thread-1/DEBUG] [mixin/]: lithium.mixins.json:block.hopper.BlockBehaviourMixin from mod lithium->@Inject::notifyOnShapeUpdate(Lnet/minecraft/world/level/block/state/BlockState;Lnet/minecraft/core/Direction;Lnet/minecraft/world/level/block/state/BlockState;Lnet/minecraft/world/level/LevelAccessor;Lnet/minecraft/core/BlockPos;Lnet/minecraft/core/BlockPos;Lorg/spongepowered/asm/mixin/injection/callback/CallbackInfoReturnable;)V has 0 override(s) in child classes
[08:47:52] [pool-16-thread-1/DEBUG] [mixin/]: lithium.mixins.json:block.hopper.BlockBehaviourMixin from mod lithium->@Inject::notifyOnShapeUpdate(Lnet/minecraft/world/level/block/state/BlockState;Lnet/minecraft/core/Direction;Lnet/minecraft/world/level/block/state/BlockState;Lnet/minecraft/world/level/LevelAccessor;Lnet/minecraft/core/BlockPos;Lnet/minecraft/core/BlockPos;Lorg/spongepowered/asm/mixin/injection/callback/CallbackInfoReturnable;)V won't be passed a CallbackInfoReturnable as a result
[08:47:52] [pool-16-thread-1/DEBUG] [mixin/]: Mixing math.fast_blockpos.BlockPosMixin from lithium.mixins.json into net.minecraft.core.BlockPos
[08:47:52] [pool-16-thread-1/DEBUG] [mixin/]: Mixing WorldViewMixin from fabric-rendering-data-attachment-v1.mixins.json into net.minecraft.world.level.LevelReader
[08:47:52] [pool-16-thread-1/DEBUG] [mixin/]: fabric-rendering-data-attachment-v1.mixins.json:WorldViewMixin from mod fabric_rendering_data_attachment_v1: Class version 65 required is higher than the class version supported by the current version of Mixin (JAVA_17 supports class version 61)
[08:47:52] [pool-16-thread-1/DEBUG] [mixin/]: Mixing util.chunk_access.LevelReaderMixin from lithium.mixins.json into net.minecraft.world.level.LevelReader
[08:47:52] [pool-16-thread-1/DEBUG] [mixin/]: Mixing world.raycast.BlockGetterMixin from lithium.mixins.json into net.minecraft.world.level.BlockGetter
[08:47:52] [pool-16-thread-1/DEBUG] [mixin/]: Mixing BlockViewMixin from fabric-block-view-api-v2.mixins.json into net.minecraft.world.level.BlockGetter
[08:47:52] [pool-16-thread-1/DEBUG] [mixin/]: fabric-block-view-api-v2.mixins.json:BlockViewMixin from mod fabric_block_view_api_v2: Class version 65 required is higher than the class version supported by the current version of Mixin (JAVA_17 supports class version 61)
[08:47:52] [pool-16-thread-1/DEBUG] [mixin/]: Mixing MixinBlockStateBehavior from mixins.iris.json into net.minecraft.world.level.block.state.BlockBehaviour$BlockStateBase
[08:47:52] [pool-16-thread-1/DEBUG] [mixin/]: mixins.iris.json:MixinBlockStateBehavior from mod iris: Class version 65 required is higher than the class version supported by the current version of Mixin (JAVA_8 supports class version 52)
[08:47:52] [pool-16-thread-1/DEBUG] [mixin/]: mixins.iris.json:MixinBlockStateBehavior from mod iris->@Inject::getShadeBrightness(Lnet/minecraft/world/level/BlockGetter;Lnet/minecraft/core/BlockPos;Lorg/spongepowered/asm/mixin/injection/callback/CallbackInfoReturnable;)V does use it's CallbackInfoReturnable
[08:47:52] [pool-16-thread-1/DEBUG] [mixin/]: Mixing entity.collisions.intersection.EntityGetterMixin from lithium.mixins.json into net.minecraft.world.level.EntityGetter
[08:47:52] [pool-16-thread-1/DEBUG] [mixin/]: Mixing alloc.deep_passengers.EntityMixin from lithium.mixins.json into net.minecraft.world.entity.Entity
[08:47:52] [pool-16-thread-1/DEBUG] [mixin/]: Mixing block.hopper.EntityAccessor from lithium.mixins.json into net.minecraft.world.entity.Entity
[08:47:52] [pool-16-thread-1/DEBUG] [mixin/]: Mixing collections.fluid_submersion.EntityMixin from lithium.mixins.json into net.minecraft.world.entity.Entity
[08:47:52] [pool-16-thread-1/DEBUG] [mixin/]: Mixing entity.collisions.movement.EntityMixin from lithium.mixins.json into net.minecraft.world.entity.Entity
[08:47:52] [pool-16-thread-1/DEBUG] [mixin/]: Mixing entity.collisions.unpushable_cramming.EntityMixin from lithium.mixins.json into net.minecraft.world.entity.Entity
[08:47:52] [pool-16-thread-1/DEBUG] [mixin/]: Mixing entity.sprinting_particles.EntityMixin from lithium.mixins.json into net.minecraft.world.entity.Entity
[08:47:52] [pool-16-thread-1/DEBUG] [mixin/]: lithium.mixins.json:collections.fluid_submersion.EntityMixin from mod lithium->@Inject::useReferenceArraySet(Lorg/spongepowered/asm/mixin/injection/callback/CallbackInfo;)V doesn't use it's CallbackInfo
[08:47:52] [pool-16-thread-1/DEBUG] [mixin/]: lithium.mixins.json:collections.fluid_submersion.EntityMixin from mod lithium->@Inject::useReferenceArraySet(Lorg/spongepowered/asm/mixin/injection/callback/CallbackInfo;)V has 0 override(s) in child classes
[08:47:52] [pool-16-thread-1/DEBUG] [mixin/]: lithium.mixins.json:collections.fluid_submersion.EntityMixin from mod lithium->@Inject::useReferenceArraySet(Lorg/spongepowered/asm/mixin/injection/callback/CallbackInfo;)V won't be passed a CallbackInfo as a result
[08:47:52] [pool-16-thread-1/DEBUG] [mixin/]: lithium.mixins.json:entity.collisions.unpushable_cramming.EntityMixin from mod lithium->@Inject::onPositionChanged(DDDLorg/spongepowered/asm/mixin/injection/callback/CallbackInfo;)V doesn't use it's CallbackInfo
[08:47:52] [pool-16-thread-1/DEBUG] [mixin/]: lithium.mixins.json:entity.collisions.unpushable_cramming.EntityMixin from mod lithium->@Inject::onPositionChanged(DDDLorg/spongepowered/asm/mixin/injection/callback/CallbackInfo;)V has 0 override(s) in child classes
[08:47:52] [pool-16-thread-1/DEBUG] [mixin/]: lithium.mixins.json:entity.collisions.unpushable_cramming.EntityMixin from mod lithium->@Inject::onPositionChanged(DDDLorg/spongepowered/asm/mixin/injection/callback/CallbackInfo;)V won't be passed a CallbackInfo as a result
[08:47:52] [pool-16-thread-1/DEBUG] [mixin/]: lithium.mixins.json:entity.collisions.unpushable_cramming.EntityMixin from mod lithium->@Inject::onBaseTick(Lorg/spongepowered/asm/mixin/injection/callback/CallbackInfo;)V doesn't use it's CallbackInfo
[08:47:52] [pool-16-thread-1/DEBUG] [mixin/]: lithium.mixins.json:entity.collisions.unpushable_cramming.EntityMixin from mod lithium->@Inject::onBaseTick(Lorg/spongepowered/asm/mixin/injection/callback/CallbackInfo;)V has 0 override(s) in child classes
[08:47:52] [pool-16-thread-1/DEBUG] [mixin/]: lithium.mixins.json:entity.collisions.unpushable_cramming.EntityMixin from mod lithium->@Inject::onBaseTick(Lorg/spongepowered/asm/mixin/injection/callback/CallbackInfo;)V won't be passed a CallbackInfo as a result
[08:47:52] [pool-16-thread-1/DEBUG] [mixin/]: lithium.mixins.json:entity.collisions.unpushable_cramming.EntityMixin from mod lithium->@Inject::onBlockCached(Lorg/spongepowered/asm/mixin/injection/callback/CallbackInfoReturnable;)V doesn't use it's CallbackInfoReturnable
[08:47:52] [pool-16-thread-1/DEBUG] [mixin/]: lithium.mixins.json:entity.collisions.unpushable_cramming.EntityMixin from mod lithium->@Inject::onBlockCached(Lorg/spongepowered/asm/mixin/injection/callback/CallbackInfoReturnable;)V has 0 override(s) in child classes
[08:47:52] [pool-16-thread-1/DEBUG] [mixin/]: lithium.mixins.json:entity.collisions.unpushable_cramming.EntityMixin from mod lithium->@Inject::onBlockCached(Lorg/spongepowered/asm/mixin/injection/callback/CallbackInfoReturnable;)V won't be passed a CallbackInfoReturnable as a result
[08:47:52] [pool-16-thread-1/DEBUG] [mixin/]: Mixing entity.collisions.unpushable_cramming.LivingEntityMixin from lithium.mixins.json into net.minecraft.world.entity.LivingEntity
[08:47:52] [pool-16-thread-1/DEBUG] [mixin/]: Mixing entity.equipment_tracking.LivingEntityMixin from lithium.mixins.json into net.minecraft.world.entity.LivingEntity
[08:47:52] [pool-16-thread-1/DEBUG] [mixin/]: Mixing entity.equipment_tracking.enchantment_ticking.LivingEntityMixin from lithium.mixins.json into net.minecraft.world.entity.LivingEntity
[08:47:52] [pool-16-thread-1/DEBUG] [mixin/]: Mixing entity.equipment_tracking.equipment_changes.LivingEntityMixin from lithium.mixins.json into net.minecraft.world.entity.LivingEntity
[08:47:52] [pool-16-thread-1/DEBUG] [mixin/]: Mixing entity.fast_elytra_check.LivingEntityMixin from lithium.mixins.json into net.minecraft.world.entity.LivingEntity
[08:47:52] [pool-16-thread-1/DEBUG] [mixin/]: Mixing entity.fast_hand_swing.LivingEntityMixin from lithium.mixins.json into net.minecraft.world.entity.LivingEntity
[08:47:52] [pool-16-thread-1/DEBUG] [mixin/]: Mixing entity.fast_powder_snow_check.LivingEntityMixin from lithium.mixins.json into net.minecraft.world.entity.LivingEntity
[08:47:52] [pool-16-thread-1/DEBUG] [mixin/]: Mixing entity.inactive_navigations.LivingEntityMixin from lithium.mixins.json into net.minecraft.world.entity.LivingEntity
[08:47:52] [pool-16-thread-1/DEBUG] [mixin/]: lithium.mixins.json:entity.equipment_tracking.LivingEntityMixin from mod lithium->@Inject::handleStackEquip(Lnet/minecraft/world/entity/EquipmentSlot;Lnet/minecraft/world/item/ItemStack;Lnet/minecraft/world/item/ItemStack;Lorg/spongepowered/asm/mixin/injection/callback/CallbackInfo;)V doesn't use it's CallbackInfo
[08:47:52] [pool-16-thread-1/DEBUG] [mixin/]: lithium.mixins.json:entity.equipment_tracking.LivingEntityMixin from mod lithium->@Inject::handleStackEquip(Lnet/minecraft/world/entity/EquipmentSlot;Lnet/minecraft/world/item/ItemStack;Lnet/minecraft/world/item/ItemStack;Lorg/spongepowered/asm/mixin/injection/callback/CallbackInfo;)V has 0 override(s) in child classes
[08:47:52] [pool-16-thread-1/DEBUG] [mixin/]: lithium.mixins.json:entity.equipment_tracking.LivingEntityMixin from mod lithium->@Inject::handleStackEquip(Lnet/minecraft/world/entity/EquipmentSlot;Lnet/minecraft/world/item/ItemStack;Lnet/minecraft/world/item/ItemStack;Lorg/spongepowered/asm/mixin/injection/callback/CallbackInfo;)V won't be passed a CallbackInfo as a result
[08:47:52] [pool-16-thread-1/DEBUG] [mixin/]: lithium.mixins.json:entity.equipment_tracking.equipment_changes.LivingEntityMixin from mod lithium->@Inject::skipSentEquipmentComparison(Lorg/spongepowered/asm/mixin/injection/callback/CallbackInfoReturnable;)V does use it's CallbackInfoReturnable
[08:47:52] [pool-16-thread-1/DEBUG] [mixin/]: lithium.mixins.json:entity.equipment_tracking.equipment_changes.LivingEntityMixin from mod lithium->@Inject::resetEquipmentChanged(Lorg/spongepowered/asm/mixin/injection/callback/CallbackInfo;)V doesn't use it's CallbackInfo
[08:47:52] [pool-16-thread-1/DEBUG] [mixin/]: lithium.mixins.json:entity.equipment_tracking.equipment_changes.LivingEntityMixin from mod lithium->@Inject::resetEquipmentChanged(Lorg/spongepowered/asm/mixin/injection/callback/CallbackInfo;)V has 0 override(s) in child classes
[08:47:52] [pool-16-thread-1/DEBUG] [mixin/]: lithium.mixins.json:entity.equipment_tracking.equipment_changes.LivingEntityMixin from mod lithium->@Inject::resetEquipmentChanged(Lorg/spongepowered/asm/mixin/injection/callback/CallbackInfo;)V won't be passed a CallbackInfo as a result
[08:47:52] [pool-16-thread-1/DEBUG] [mixin/]: lithium.mixins.json:entity.fast_elytra_check.LivingEntityMixin from mod lithium->@Inject::skipStopFlying(Lorg/spongepowered/asm/mixin/injection/callback/CallbackInfo;Z)V does use it's CallbackInfo
[08:47:52] [pool-16-thread-1/DEBUG] [mixin/]: lithium.mixins.json:entity.fast_hand_swing.LivingEntityMixin from mod lithium->@Inject::skipGetDuration(Lorg/spongepowered/asm/mixin/injection/callback/CallbackInfo;)V does use it's CallbackInfo
[08:47:52] [pool-16-thread-1/DEBUG] [mixin/]: lithium.mixins.json:entity.inactive_navigations.LivingEntityMixin from mod lithium->@Inject::handleStopRiding(Lorg/spongepowered/asm/mixin/injection/callback/CallbackInfo;)V doesn't use it's CallbackInfo
[08:47:52] [pool-16-thread-1/DEBUG] [mixin/]: lithium.mixins.json:entity.inactive_navigations.LivingEntityMixin from mod lithium->@Inject::handleStopRiding(Lorg/spongepowered/asm/mixin/injection/callback/CallbackInfo;)V has 0 override(s) in child classes
[08:47:52] [pool-16-thread-1/DEBUG] [mixin/]: lithium.mixins.json:entity.inactive_navigations.LivingEntityMixin from mod lithium->@Inject::handleStopRiding(Lorg/spongepowered/asm/mixin/injection/callback/CallbackInfo;)V won't be passed a CallbackInfo as a result
[08:47:52] [pool-16-thread-1/DEBUG] [mixin/]: Mixing util.accessors.ItemEntityAccessor from lithium.mixins.json into net.minecraft.world.entity.item.ItemEntity
[08:47:52] [pool-16-thread-1/DEBUG] [mixin/]: Mixing util.item_component_and_count_tracking.ItemEntityMixin from lithium.mixins.json into net.minecraft.world.entity.item.ItemEntity
[08:47:52] [pool-16-thread-1/DEBUG] [mixin/]: lithium.mixins.json:util.item_component_and_count_tracking.ItemEntityMixin from mod lithium->@Inject::beforeSetStack(Lnet/minecraft/world/item/ItemStack;Lorg/spongepowered/asm/mixin/injection/callback/CallbackInfo;)V doesn't use it's CallbackInfo
[08:47:52] [pool-16-thread-1/DEBUG] [mixin/]: lithium.mixins.json:util.item_component_and_count_tracking.ItemEntityMixin from mod lithium->@Inject::beforeSetStack(Lnet/minecraft/world/item/ItemStack;Lorg/spongepowered/asm/mixin/injection/callback/CallbackInfo;)V has 0 override(s) in child classes
[08:47:52] [pool-16-thread-1/DEBUG] [mixin/]: lithium.mixins.json:util.item_component_and_count_tracking.ItemEntityMixin from mod lithium->@Inject::beforeSetStack(Lnet/minecraft/world/item/ItemStack;Lorg/spongepowered/asm/mixin/injection/callback/CallbackInfo;)V won't be passed a CallbackInfo as a result
[08:47:52] [pool-16-thread-1/DEBUG] [mixin/]: Mixing alloc.chunk_random.LevelMixin from lithium.mixins.json into net.minecraft.world.level.Level
[08:47:52] [pool-16-thread-1/DEBUG] [mixin/]: Mixing entity.collisions.intersection.LevelMixin from lithium.mixins.json into net.minecraft.world.level.Level
[08:47:52] [pool-16-thread-1/DEBUG] [mixin/]: Mixing minimal_nonvanilla.collisions.empty_space.LevelMixin from lithium.mixins.json into net.minecraft.world.level.Level
[08:47:52] [pool-16-thread-1/DEBUG] [mixin/]: Renaming synthetic method lambda$findFreePosition$0(Lnet/minecraft/world/level/border/WorldBorder;Lnet/minecraft/world/phys/shapes/VoxelShape;)Z to md7ea5ce$lithium$lambda$findFreePosition$0$0 in lithium.mixins.json:minimal_nonvanilla.collisions.empty_space.LevelMixin from mod lithium
[08:47:52] [pool-16-thread-1/DEBUG] [mixin/]: Mixing util.accessors.LevelAccessor from lithium.mixins.json into net.minecraft.world.level.Level
[08:47:52] [pool-16-thread-1/DEBUG] [mixin/]: Mixing util.block_entity_retrieval.LevelMixin from lithium.mixins.json into net.minecraft.world.level.Level
[08:47:52] [pool-16-thread-1/DEBUG] [mixin/]: Mixing util.data_storage.LevelMixin from lithium.mixins.json into net.minecraft.world.level.Level
[08:47:52] [pool-16-thread-1/DEBUG] [mixin/]: Mixing world.block_entity_ticking.chunk_tickable.LevelMixin from lithium.mixins.json into net.minecraft.world.level.Level
[08:47:52] [pool-16-thread-1/DEBUG] [mixin/]: Mixing world.block_entity_ticking.sleeping.LevelMixin from lithium.mixins.json into net.minecraft.world.level.Level
[08:47:52] [pool-16-thread-1/DEBUG] [mixin/]: Mixing world.chunk_access.LevelMixin from lithium.mixins.json into net.minecraft.world.level.Level
[08:47:52] [pool-16-thread-1/DEBUG] [mixin/]: Mixing world.inline_block_access.LevelMixin from lithium.mixins.json into net.minecraft.world.level.Level
[08:47:52] [pool-16-thread-1/DEBUG] [mixin/]: Mixing block.hopper.LevelMixin from lithium-neoforge.mixins.json into net.minecraft.world.level.Level
[08:47:52] [pool-16-thread-1/DEBUG] [mixin/]: Mixing minecraft.MixinWorld from common.voxy.mixins.json into net.minecraft.world.level.Level
[08:47:52] [pool-16-thread-1/DEBUG] [mixin/]: common.voxy.mixins.json:minecraft.MixinWorld from mod voxy: Class version 65 required is higher than the class version supported by the current version of Mixin (JAVA_17 supports class version 61)
[08:47:52] [pool-16-thread-1/DEBUG] [mixin/]: lithium.mixins.json:util.data_storage.LevelMixin from mod lithium->@Inject::initLithiumData(Lnet/minecraft/world/level/storage/WritableLevelData;Lnet/minecraft/resources/ResourceKey;Lnet/minecraft/core/RegistryAccess;Lnet/minecraft/core/Holder;Ljava/util/function/Supplier;ZZJILorg/spongepowered/asm/mixin/injection/callback/CallbackInfo;)V doesn't use it's CallbackInfo
[08:47:52] [pool-16-thread-1/DEBUG] [mixin/]: lithium.mixins.json:util.data_storage.LevelMixin from mod lithium->@Inject::initLithiumData(Lnet/minecraft/world/level/storage/WritableLevelData;Lnet/minecraft/resources/ResourceKey;Lnet/minecraft/core/RegistryAccess;Lnet/minecraft/core/Holder;Ljava/util/function/Supplier;ZZJILorg/spongepowered/asm/mixin/injection/callback/CallbackInfo;)V has 0 override(s) in child classes
[08:47:52] [pool-16-thread-1/DEBUG] [mixin/]: lithium.mixins.json:util.data_storage.LevelMixin from mod lithium->@Inject::initLithiumData(Lnet/minecraft/world/level/storage/WritableLevelData;Lnet/minecraft/resources/ResourceKey;Lnet/minecraft/core/RegistryAccess;Lnet/minecraft/core/Holder;Ljava/util/function/Supplier;ZZJILorg/spongepowered/asm/mixin/injection/callback/CallbackInfo;)V won't be passed a CallbackInfo as a result
[08:47:52] [pool-16-thread-1/DEBUG] [mixin/]: lithium-neoforge.mixins.json:block.hopper.LevelMixin from mod lithium->@Inject::updateHopperOnUpdateSuppression(Lnet/minecraft/core/BlockPos;Lnet/minecraft/world/level/chunk/LevelChunk;Lnet/minecraft/world/level/block/state/BlockState;Lnet/minecraft/world/level/block/state/BlockState;IILorg/spongepowered/asm/mixin/injection/callback/CallbackInfo;)V doesn't use it's CallbackInfo
[08:47:52] [pool-16-thread-1/DEBUG] [mixin/]: lithium-neoforge.mixins.json:block.hopper.LevelMixin from mod lithium->@Inject::updateHopperOnUpdateSuppression(Lnet/minecraft/core/BlockPos;Lnet/minecraft/world/level/chunk/LevelChunk;Lnet/minecraft/world/level/block/state/BlockState;Lnet/minecraft/world/level/block/state/BlockState;IILorg/spongepowered/asm/mixin/injection/callback/CallbackInfo;)V has 0 override(s) in child classes
[08:47:52] [pool-16-thread-1/DEBUG] [mixin/]: lithium-neoforge.mixins.json:block.hopper.LevelMixin from mod lithium->@Inject::updateHopperOnUpdateSuppression(Lnet/minecraft/core/BlockPos;Lnet/minecraft/world/level/chunk/LevelChunk;Lnet/minecraft/world/level/block/state/BlockState;Lnet/minecraft/world/level/block/state/BlockState;IILorg/spongepowered/asm/mixin/injection/callback/CallbackInfo;)V won't be passed a CallbackInfo as a result
[08:47:52] [pool-16-thread-1/DEBUG] [mixin/]: common.voxy.mixins.json:minecraft.MixinWorld from mod voxy->@Inject::voxy$injectIdentifier(Lnet/minecraft/world/level/storage/WritableLevelData;Lnet/minecraft/resources/ResourceKey;Lnet/minecraft/core/RegistryAccess;Lnet/minecraft/core/Holder;Ljava/util/function/Supplier;ZZJILorg/spongepowered/asm/mixin/injection/callback/CallbackInfo;)V doesn't use it's CallbackInfo
[08:47:52] [pool-16-thread-1/DEBUG] [mixin/]: common.voxy.mixins.json:minecraft.MixinWorld from mod voxy->@Inject::voxy$injectIdentifier(Lnet/minecraft/world/level/storage/WritableLevelData;Lnet/minecraft/resources/ResourceKey;Lnet/minecraft/core/RegistryAccess;Lnet/minecraft/core/Holder;Ljava/util/function/Supplier;ZZJILorg/spongepowered/asm/mixin/injection/callback/CallbackInfo;)V has 0 override(s) in child classes
[08:47:52] [pool-16-thread-1/DEBUG] [mixin/]: common.voxy.mixins.json:minecraft.MixinWorld from mod voxy->@Inject::voxy$injectIdentifier(Lnet/minecraft/world/level/storage/WritableLevelData;Lnet/minecraft/resources/ResourceKey;Lnet/minecraft/core/RegistryAccess;Lnet/minecraft/core/Holder;Ljava/util/function/Supplier;ZZJILorg/spongepowered/asm/mixin/injection/callback/CallbackInfo;)V won't be passed a CallbackInfo as a result
[08:47:52] [pool-16-thread-1/DEBUG] [mixin/]: Mixing alloc.chunk_random.ServerLevelMixin from lithium.mixins.json into net.minecraft.server.level.ServerLevel
[08:47:52] [pool-16-thread-1/DEBUG] [mixin/]: Mixing entity.inactive_navigations.ServerLevelMixin from lithium.mixins.json into net.minecraft.server.level.ServerLevel
[08:47:52] [pool-16-thread-1/DEBUG] [mixin/]: Mixing minimal_nonvanilla.spawning.ServerLevelAccessor from lithium.mixins.json into net.minecraft.server.level.ServerLevel
[08:47:52] [pool-16-thread-1/DEBUG] [mixin/]: Mixing util.accessors.ServerLevelAccessor from lithium.mixins.json into net.minecraft.server.level.ServerLevel
[08:47:52] [pool-16-thread-1/DEBUG] [mixin/]: Mixing util.entity_movement_tracking.ServerLevelAccessor from lithium.mixins.json into net.minecraft.server.level.ServerLevel
[08:47:52] [pool-16-thread-1/DEBUG] [mixin/]: Mixing world.block_entity_ticking.sleeping.ServerLevelMixin from lithium.mixins.json into net.minecraft.server.level.ServerLevel
[08:47:52] [pool-16-thread-1/DEBUG] [mixin/]: lithium.mixins.json:entity.inactive_navigations.ServerLevelMixin from mod lithium->@Inject::init(Lnet/minecraft/server/MinecraftServer;Ljava/util/concurrent/Executor;Lnet/minecraft/world/level/storage/LevelStorageSource$LevelStorageAccess;Lnet/minecraft/world/level/storage/ServerLevelData;Lnet/minecraft/resources/ResourceKey;Lnet/minecraft/world/level/dimension/LevelStem;Lnet/minecraft/server/level/progress/ChunkProgressListener;ZJLjava/util/List;ZLnet/minecraft/world/RandomSequences;Lorg/spongepowered/asm/mixin/injection/callback/CallbackInfo;)V doesn't use it's CallbackInfo
[08:47:52] [pool-16-thread-1/DEBUG] [mixin/]: lithium.mixins.json:entity.inactive_navigations.ServerLevelMixin from mod lithium->@Inject::init(Lnet/minecraft/server/MinecraftServer;Ljava/util/concurrent/Executor;Lnet/minecraft/world/level/storage/LevelStorageSource$LevelStorageAccess;Lnet/minecraft/world/level/storage/ServerLevelData;Lnet/minecraft/resources/ResourceKey;Lnet/minecraft/world/level/dimension/LevelStem;Lnet/minecraft/server/level/progress/ChunkProgressListener;ZJLjava/util/List;ZLnet/minecraft/world/RandomSequences;Lorg/spongepowered/asm/mixin/injection/callback/CallbackInfo;)V has 0 override(s) in child classes
[08:47:52] [pool-16-thread-1/DEBUG] [mixin/]: lithium.mixins.json:entity.inactive_navigations.ServerLevelMixin from mod lithium->@Inject::init(Lnet/minecraft/server/MinecraftServer;Ljava/util/concurrent/Executor;Lnet/minecraft/world/level/storage/LevelStorageSource$LevelStorageAccess;Lnet/minecraft/world/level/storage/ServerLevelData;Lnet/minecraft/resources/ResourceKey;Lnet/minecraft/world/level/dimension/LevelStem;Lnet/minecraft/server/level/progress/ChunkProgressListener;ZJLjava/util/List;ZLnet/minecraft/world/RandomSequences;Lorg/spongepowered/asm/mixin/injection/callback/CallbackInfo;)V won't be passed a CallbackInfo as a result
[08:47:52] [pool-16-thread-1/DEBUG] [mixin/]: lithium.mixins.json:entity.inactive_navigations.ServerLevelMixin from mod lithium->@Inject::updateActiveListeners(Lnet/minecraft/core/BlockPos;Lnet/minecraft/world/level/block/state/BlockState;Lnet/minecraft/world/level/block/state/BlockState;ILorg/spongepowered/asm/mixin/injection/callback/CallbackInfo;Lnet/minecraft/world/phys/shapes/VoxelShape;Lnet/minecraft/world/phys/shapes/VoxelShape;Ljava/util/List;)V doesn't use it's CallbackInfo
[08:47:52] [pool-16-thread-1/DEBUG] [mixin/]: lithium.mixins.json:entity.inactive_navigations.ServerLevelMixin from mod lithium->@Inject::updateActiveListeners(Lnet/minecraft/core/BlockPos;Lnet/minecraft/world/level/block/state/BlockState;Lnet/minecraft/world/level/block/state/BlockState;ILorg/spongepowered/asm/mixin/injection/callback/CallbackInfo;Lnet/minecraft/world/phys/shapes/VoxelShape;Lnet/minecraft/world/phys/shapes/VoxelShape;Ljava/util/List;)V has 0 override(s) in child classes
[08:47:52] [pool-16-thread-1/DEBUG] [mixin/]: lithium.mixins.json:entity.inactive_navigations.ServerLevelMixin from mod lithium->@Inject::updateActiveListeners(Lnet/minecraft/core/BlockPos;Lnet/minecraft/world/level/block/state/BlockState;Lnet/minecraft/world/level/block/state/BlockState;ILorg/spongepowered/asm/mixin/injection/callback/CallbackInfo;Lnet/minecraft/world/phys/shapes/VoxelShape;Lnet/minecraft/world/phys/shapes/VoxelShape;Ljava/util/List;)V won't be passed a CallbackInfo as a result
[08:47:52] [pool-16-thread-1/DEBUG] [mixin/]: Unexpected: Registered method getEntityManager()Lnet/minecraft/world/level/entity/PersistentEntitySectionManager; in net.minecraft.server.level.ServerLevel was not merged
[08:47:52] [pool-16-thread-1/DEBUG] [mixin/]: Unexpected: Registered method getEntityManager()Lnet/minecraft/world/level/entity/PersistentEntitySectionManager; in net.minecraft.server.level.ServerLevel was not merged
[08:47:52] [pool-16-thread-1/DEBUG] [mixin/]: Mixing features.render.immediate.DirectionMixin from sodium-common.mixins.json into net.minecraft.core.Direction
[08:47:52] [pool-16-thread-1/DEBUG] [mixin/]: sodium-common.mixins.json:features.render.immediate.DirectionMixin from mod sodium: Class version 65 required is higher than the class version supported by the current version of Mixin (JAVA_17 supports class version 61)
[08:47:52] [pool-16-thread-1/DEBUG] [mixin/]: Mixing math.fast_blockpos.DirectionMixin from lithium.mixins.json into net.minecraft.core.Direction
[08:47:52] [pool-16-thread-1/DEBUG] [mixin/]: Mixing math.fast_util.DirectionMixin from lithium.mixins.json into net.minecraft.core.Direction
[08:47:52] [pool-16-thread-1/DEBUG] [mixin/]: lithium.mixins.json:math.fast_blockpos.DirectionMixin from mod lithium->@Inject::reinit(Ljava/lang/String;IIIILjava/lang/String;Lnet/minecraft/core/Direction$AxisDirection;Lnet/minecraft/core/Direction$Axis;Lnet/minecraft/core/Vec3i;Lorg/spongepowered/asm/mixin/injection/callback/CallbackInfo;)V doesn't use it's CallbackInfo
[08:47:52] [pool-16-thread-1/DEBUG] [mixin/]: Mixing block.moving_block_shapes.VoxelShapeMixin from lithium.mixins.json into net.minecraft.world.phys.shapes.VoxelShape
[08:47:52] [pool-16-thread-1/DEBUG] [mixin/]: Mixing shapes.specialized_shapes.VoxelShapeMixin from lithium.mixins.json into net.minecraft.world.phys.shapes.VoxelShape
[08:47:52] [pool-16-thread-1/DEBUG] [mixin/]: Mixing shapes.optimized_matching.ShapesMixin from lithium.mixins.json into net.minecraft.world.phys.shapes.Shapes
[08:47:52] [pool-16-thread-1/DEBUG] [mixin/]: Mixing shapes.shape_merging.ShapesMixin from lithium.mixins.json into net.minecraft.world.phys.shapes.Shapes
[08:47:52] [pool-16-thread-1/DEBUG] [mixin/]: Mixing shapes.specialized_shapes.ShapesMixin from lithium.mixins.json into net.minecraft.world.phys.shapes.Shapes
[08:47:52] [pool-16-thread-1/DEBUG] [mixin/]: lithium.mixins.json:shapes.optimized_matching.ShapesMixin from mod lithium->@Inject::cuboidMatchesAnywhere(Lnet/minecraft/world/phys/shapes/VoxelShape;Lnet/minecraft/world/phys/shapes/VoxelShape;Lnet/minecraft/world/phys/shapes/BooleanOp;Lorg/spongepowered/asm/mixin/injection/callback/CallbackInfoReturnable;)V does use it's CallbackInfoReturnable
[08:47:52] [pool-16-thread-1/DEBUG] [mixin/]: lithium.mixins.json:shapes.shape_merging.ShapesMixin from mod lithium->@Inject::injectCustomListPair(ILit/unimi/dsi/fastutil/doubles/DoubleList;Lit/unimi/dsi/fastutil/doubles/DoubleList;ZZLorg/spongepowered/asm/mixin/injection/callback/CallbackInfoReturnable;)V does use it's CallbackInfoReturnable
[08:47:52] [pool-16-thread-1/DEBUG] [mixin/]: Mixing minimal_nonvanilla.collisions.empty_space.BitSetDiscreteVoxelShapeAccessor from lithium.mixins.json into net.minecraft.world.phys.shapes.BitSetDiscreteVoxelShape
[08:47:52] [pool-16-thread-1/DEBUG] [mixin/]: Mixing minimal_nonvanilla.collisions.empty_space.ArrayVoxelShapeInvoker from lithium.mixins.json into net.minecraft.world.phys.shapes.ArrayVoxelShape
[08:47:52] [pool-16-thread-1/DEBUG] [mixin/]: Renaming @Invoker method init(Lnet/minecraft/world/phys/shapes/DiscreteVoxelShape;Lit/unimi/dsi/fastutil/doubles/DoubleList;Lit/unimi/dsi/fastutil/doubles/DoubleList;Lit/unimi/dsi/fastutil/doubles/DoubleList;)Lnet/minecraft/world/phys/shapes/ArrayVoxelShape; to init$lithium_$md$7ea5ce$0 in lithium.mixins.json:minimal_nonvanilla.collisions.empty_space.ArrayVoxelShapeInvoker from mod lithium
[08:47:52] [pool-16-thread-1/DEBUG] [mixin/]: Mixing shapes.precompute_shape_arrays.CubeVoxelShapeMixin from lithium.mixins.json into net.minecraft.world.phys.shapes.CubeVoxelShape
[08:47:52] [pool-16-thread-1/DEBUG] [mixin/]: lithium.mixins.json:shapes.precompute_shape_arrays.CubeVoxelShapeMixin from mod lithium->@Inject::onConstructed(Lnet/minecraft/world/phys/shapes/DiscreteVoxelShape;Lorg/spongepowered/asm/mixin/injection/callback/CallbackInfo;)V doesn't use it's CallbackInfo
[08:47:52] [pool-16-thread-1/DEBUG] [mixin/]: Mixing shapes.precompute_shape_arrays.CubePointRangeMixin from lithium.mixins.json into net.minecraft.world.phys.shapes.CubePointRange
[08:47:52] [pool-16-thread-1/DEBUG] [mixin/]: lithium.mixins.json:shapes.precompute_shape_arrays.CubePointRangeMixin from mod lithium->@Inject::initScale(ILorg/spongepowered/asm/mixin/injection/callback/CallbackInfo;)V doesn't use it's CallbackInfo
[08:47:52] [pool-16-thread-1/DEBUG] [mixin/]: lithium.mixins.json:shapes.precompute_shape_arrays.CubePointRangeMixin from mod lithium->@Inject::initScale(ILorg/spongepowered/asm/mixin/injection/callback/CallbackInfo;)V has 0 override(s) in child classes
[08:47:52] [pool-16-thread-1/DEBUG] [mixin/]: lithium.mixins.json:shapes.precompute_shape_arrays.CubePointRangeMixin from mod lithium->@Inject::initScale(ILorg/spongepowered/asm/mixin/injection/callback/CallbackInfo;)V won't be passed a CallbackInfo as a result
[08:47:52] [pool-16-thread-1/DEBUG] [mixin/]: Mixing features.options.render_layers.LeavesBlockMixin from sodium-common.mixins.json into net.minecraft.world.level.block.LeavesBlock
[08:47:52] [pool-16-thread-1/DEBUG] [mixin/]: sodium-common.mixins.json:features.options.render_layers.LeavesBlockMixin from mod sodium: Class version 65 required is higher than the class version supported by the current version of Mixin (JAVA_17 supports class version 61)
[08:47:52] [pool-16-thread-1/DEBUG] [mixin/]: Mixing alloc.enum_values.redstone_wire.RedStoneWireBlockMixin from lithium.mixins.json into net.minecraft.world.level.block.RedStoneWireBlock
[08:47:52] [pool-16-thread-1/DEBUG] [mixin/]: Mixing block.redstone_wire.RedStoneWireBlockMixin from lithium.mixins.json into net.minecraft.world.level.block.RedStoneWireBlock
[08:47:52] [pool-16-thread-1/DEBUG] [mixin/]: lithium.mixins.json:block.redstone_wire.RedStoneWireBlockMixin from mod lithium->@Inject::getReceivedPowerFaster(Lnet/minecraft/world/level/Level;Lnet/minecraft/core/BlockPos;Lorg/spongepowered/asm/mixin/injection/callback/CallbackInfoReturnable;)V does use it's CallbackInfoReturnable
[08:47:52] [pool-16-thread-1/DEBUG] [mixin/]: Mixing util.inventory_comparator_tracking.DiodeBlockMixin from lithium.mixins.json into net.minecraft.world.level.block.DiodeBlock
[08:47:52] [pool-16-thread-1/DEBUG] [mixin/]: lithium.mixins.json:util.inventory_comparator_tracking.DiodeBlockMixin from mod lithium->@Inject::notifyOnBlockAdded(Lnet/minecraft/world/level/block/state/BlockState;Lnet/minecraft/world/level/Level;Lnet/minecraft/core/BlockPos;Lnet/minecraft/world/level/block/state/BlockState;ZLorg/spongepowered/asm/mixin/injection/callback/CallbackInfo;)V doesn't use it's CallbackInfo
[08:47:52] [pool-16-thread-1/DEBUG] [mixin/]: lithium.mixins.json:util.inventory_comparator_tracking.DiodeBlockMixin from mod lithium->@Inject::notifyOnBlockAdded(Lnet/minecraft/world/level/block/state/BlockState;Lnet/minecraft/world/level/Level;Lnet/minecraft/core/BlockPos;Lnet/minecraft/world/level/block/state/BlockState;ZLorg/spongepowered/asm/mixin/injection/callback/CallbackInfo;)V has 0 override(s) in child classes
[08:47:52] [pool-16-thread-1/DEBUG] [mixin/]: lithium.mixins.json:util.inventory_comparator_tracking.DiodeBlockMixin from mod lithium->@Inject::notifyOnBlockAdded(Lnet/minecraft/world/level/block/state/BlockState;Lnet/minecraft/world/level/Level;Lnet/minecraft/core/BlockPos;Lnet/minecraft/world/level/block/state/BlockState;ZLorg/spongepowered/asm/mixin/injection/callback/CallbackInfo;)V won't be passed a CallbackInfo as a result
[08:47:52] [pool-16-thread-1/DEBUG] [mixin/]: Mixing block.hopper.HopperBlockMixin from lithium.mixins.json into net.minecraft.world.level.block.HopperBlock
[08:47:52] [pool-16-thread-1/DEBUG] [mixin/]: lithium.mixins.json:block.hopper.HopperBlockMixin from mod lithium->@Inject::updateBlockEntity(Lnet/minecraft/world/level/block/state/BlockState;Lnet/minecraft/world/level/Level;Lnet/minecraft/core/BlockPos;Lnet/minecraft/world/level/block/Block;Lnet/minecraft/core/BlockPos;ZLorg/spongepowered/asm/mixin/injection/callback/CallbackInfo;)V doesn't use it's CallbackInfo
[08:47:52] [pool-16-thread-1/DEBUG] [mixin/]: lithium.mixins.json:block.hopper.HopperBlockMixin from mod lithium->@Inject::updateBlockEntity(Lnet/minecraft/world/level/block/state/BlockState;Lnet/minecraft/world/level/Level;Lnet/minecraft/core/BlockPos;Lnet/minecraft/world/level/block/Block;Lnet/minecraft/core/BlockPos;ZLorg/spongepowered/asm/mixin/injection/callback/CallbackInfo;)V has 0 override(s) in child classes
[08:47:52] [pool-16-thread-1/DEBUG] [mixin/]: lithium.mixins.json:block.hopper.HopperBlockMixin from mod lithium->@Inject::updateBlockEntity(Lnet/minecraft/world/level/block/state/BlockState;Lnet/minecraft/world/level/Level;Lnet/minecraft/core/BlockPos;Lnet/minecraft/world/level/block/Block;Lnet/minecraft/core/BlockPos;ZLorg/spongepowered/asm/mixin/injection/callback/CallbackInfo;)V won't be passed a CallbackInfo as a result
[08:47:52] [pool-16-thread-1/DEBUG] [mixin/]: lithium.mixins.json:block.hopper.HopperBlockMixin from mod lithium->@Inject::workAroundVanillaUpdateSuppression(Lnet/minecraft/world/level/block/state/BlockState;Lnet/minecraft/world/level/Level;Lnet/minecraft/core/BlockPos;Lnet/minecraft/world/level/block/state/BlockState;ZLorg/spongepowered/asm/mixin/injection/callback/CallbackInfo;)V doesn't use it's CallbackInfo
[08:47:52] [pool-16-thread-1/DEBUG] [mixin/]: lithium.mixins.json:block.hopper.HopperBlockMixin from mod lithium->@Inject::workAroundVanillaUpdateSuppression(Lnet/minecraft/world/level/block/state/BlockState;Lnet/minecraft/world/level/Level;Lnet/minecraft/core/BlockPos;Lnet/minecraft/world/level/block/state/BlockState;ZLorg/spongepowered/asm/mixin/injection/callback/CallbackInfo;)V has 0 override(s) in child classes
[08:47:52] [pool-16-thread-1/DEBUG] [mixin/]: lithium.mixins.json:block.hopper.HopperBlockMixin from mod lithium->@Inject::workAroundVanillaUpdateSuppression(Lnet/minecraft/world/level/block/state/BlockState;Lnet/minecraft/world/level/Level;Lnet/minecraft/core/BlockPos;Lnet/minecraft/world/level/block/state/BlockState;ZLorg/spongepowered/asm/mixin/injection/callback/CallbackInfo;)V won't be passed a CallbackInfo as a result
[08:47:53] [pool-16-thread-1/DEBUG] [mixin/]: Mixing alloc.enum_values.piston_block.PistonBaseBlockMixin from lithium.mixins.json into net.minecraft.world.level.block.piston.PistonBaseBlock
[08:47:53] [pool-16-thread-1/DEBUG] [mixin/]: Mixing block.fluid.flow.FlowingFluidMixin from lithium.mixins.json into net.minecraft.world.level.material.FlowingFluid
[08:47:53] [pool-16-thread-1/DEBUG] [mixin/]: lithium.mixins.json:block.fluid.flow.FlowingFluidMixin from mod lithium->@Inject::getSpread(Lnet/minecraft/world/level/Level;Lnet/minecraft/core/BlockPos;Lnet/minecraft/world/level/block/state/BlockState;Lorg/spongepowered/asm/mixin/injection/callback/CallbackInfoReturnable;)V does use it's CallbackInfoReturnable
[08:47:53] [pool-16-thread-1/DEBUG] [mixin/]: Mixing block.flatten_states.FluidStateMixin from lithium.mixins.json into net.minecraft.world.level.material.FluidState
[08:47:53] [pool-16-thread-1/DEBUG] [mixin/]: lithium.mixins.json:block.flatten_states.FluidStateMixin from mod lithium->@Inject::initFluidCache(Lnet/minecraft/world/level/material/Fluid;Lit/unimi/dsi/fastutil/objects/Reference2ObjectArrayMap;Lcom/mojang/serialization/MapCodec;Lorg/spongepowered/asm/mixin/injection/callback/CallbackInfo;)V doesn't use it's CallbackInfo
[08:47:53] [pool-16-thread-1/DEBUG] [mixin/]: Mixing BlockEntityMixin from fabric-rendering-data-attachment-v1.mixins.json into net.minecraft.world.level.block.entity.BlockEntity
[08:47:53] [pool-16-thread-1/DEBUG] [mixin/]: fabric-rendering-data-attachment-v1.mixins.json:BlockEntityMixin from mod fabric_rendering_data_attachment_v1: Class version 65 required is higher than the class version supported by the current version of Mixin (JAVA_17 supports class version 61)
[08:47:53] [pool-16-thread-1/DEBUG] [mixin/]: Mixing minimal_nonvanilla.world.block_entity_ticking.support_cache.BlockEntityMixin from lithium.mixins.json into net.minecraft.world.level.block.entity.BlockEntity
[08:47:53] [pool-16-thread-1/DEBUG] [mixin/]: Mixing util.inventory_change_listening.BlockEntityMixin from lithium.mixins.json into net.minecraft.world.level.block.entity.BlockEntity
[08:47:53] [pool-16-thread-1/DEBUG] [mixin/]: Mixing util.inventory_comparator_tracking.BlockEntityMixin from lithium.mixins.json into net.minecraft.world.level.block.entity.BlockEntity
[08:47:53] [pool-16-thread-1/DEBUG] [mixin/]: Mixing world.block_entity_ticking.sleeping.BlockEntityMixin from lithium.mixins.json into net.minecraft.world.level.block.entity.BlockEntity
[08:47:53] [pool-16-thread-1/DEBUG] [mixin/]: Mixing BlockEntityMixin from fabric-block-view-api-v2.mixins.json into net.minecraft.world.level.block.entity.BlockEntity
[08:47:53] [pool-16-thread-1/DEBUG] [mixin/]: fabric-block-view-api-v2.mixins.json:BlockEntityMixin from mod fabric_block_view_api_v2: Class version 65 required is higher than the class version supported by the current version of Mixin (JAVA_17 supports class version 61)
[08:47:53] [pool-16-thread-1/DEBUG] [mixin/]: lithium.mixins.json:minimal_nonvanilla.world.block_entity_ticking.support_cache.BlockEntityMixin from mod lithium->@Inject::initSupportCache(Lnet/minecraft/world/level/block/entity/BlockEntityType;Lnet/minecraft/core/BlockPos;Lnet/minecraft/world/level/block/state/BlockState;Lorg/spongepowered/asm/mixin/injection/callback/CallbackInfo;)V doesn't use it's CallbackInfo
[08:47:53] [pool-16-thread-1/DEBUG] [mixin/]: lithium.mixins.json:minimal_nonvanilla.world.block_entity_ticking.support_cache.BlockEntityMixin from mod lithium->@Inject::initSupportCache(Lnet/minecraft/world/level/block/entity/BlockEntityType;Lnet/minecraft/core/BlockPos;Lnet/minecraft/world/level/block/state/BlockState;Lorg/spongepowered/asm/mixin/injection/callback/CallbackInfo;)V has 0 override(s) in child classes
[08:47:53] [pool-16-thread-1/DEBUG] [mixin/]: lithium.mixins.json:minimal_nonvanilla.world.block_entity_ticking.support_cache.BlockEntityMixin from mod lithium->@Inject::initSupportCache(Lnet/minecraft/world/level/block/entity/BlockEntityType;Lnet/minecraft/core/BlockPos;Lnet/minecraft/world/level/block/state/BlockState;Lorg/spongepowered/asm/mixin/injection/callback/CallbackInfo;)V won't be passed a CallbackInfo as a result
[08:47:53] [pool-16-thread-1/DEBUG] [mixin/]: lithium.mixins.json:minimal_nonvanilla.world.block_entity_ticking.support_cache.BlockEntityMixin from mod lithium->@Inject::updateSupportCache(Lnet/minecraft/world/level/block/state/BlockState;Lorg/spongepowered/asm/mixin/injection/callback/CallbackInfo;)V doesn't use it's CallbackInfo
[08:47:53] [pool-16-thread-1/DEBUG] [mixin/]: lithium.mixins.json:minimal_nonvanilla.world.block_entity_ticking.support_cache.BlockEntityMixin from mod lithium->@Inject::updateSupportCache(Lnet/minecraft/world/level/block/state/BlockState;Lorg/spongepowered/asm/mixin/injection/callback/CallbackInfo;)V has 0 override(s) in child classes
[08:47:53] [pool-16-thread-1/DEBUG] [mixin/]: lithium.mixins.json:minimal_nonvanilla.world.block_entity_ticking.support_cache.BlockEntityMixin from mod lithium->@Inject::updateSupportCache(Lnet/minecraft/world/level/block/state/BlockState;Lorg/spongepowered/asm/mixin/injection/callback/CallbackInfo;)V won't be passed a CallbackInfo as a result
[08:47:53] [pool-16-thread-1/DEBUG] [mixin/]: lithium.mixins.json:util.inventory_change_listening.BlockEntityMixin from mod lithium->@Inject::updateStackListTracking(Lorg/spongepowered/asm/mixin/injection/callback/CallbackInfo;)V doesn't use it's CallbackInfo
[08:47:53] [pool-16-thread-1/DEBUG] [mixin/]: lithium.mixins.json:util.inventory_change_listening.BlockEntityMixin from mod lithium->@Inject::updateStackListTracking(Lorg/spongepowered/asm/mixin/injection/callback/CallbackInfo;)V has 0 override(s) in child classes
[08:47:53] [pool-16-thread-1/DEBUG] [mixin/]: lithium.mixins.json:util.inventory_change_listening.BlockEntityMixin from mod lithium->@Inject::updateStackListTracking(Lorg/spongepowered/asm/mixin/injection/callback/CallbackInfo;)V won't be passed a CallbackInfo as a result
[08:47:53] [pool-16-thread-1/DEBUG] [mixin/]: lithium.mixins.json:util.inventory_comparator_tracking.BlockEntityMixin from mod lithium->@Inject::init(Lnet/minecraft/world/level/block/entity/BlockEntityType;Lnet/minecraft/core/BlockPos;Lnet/minecraft/world/level/block/state/BlockState;Lorg/spongepowered/asm/mixin/injection/callback/CallbackInfo;)V doesn't use it's CallbackInfo
[08:47:53] [pool-16-thread-1/DEBUG] [mixin/]: lithium.mixins.json:util.inventory_comparator_tracking.BlockEntityMixin from mod lithium->@Inject::init(Lnet/minecraft/world/level/block/entity/BlockEntityType;Lnet/minecraft/core/BlockPos;Lnet/minecraft/world/level/block/state/BlockState;Lorg/spongepowered/asm/mixin/injection/callback/CallbackInfo;)V has 0 override(s) in child classes
[08:47:53] [pool-16-thread-1/DEBUG] [mixin/]: lithium.mixins.json:util.inventory_comparator_tracking.BlockEntityMixin from mod lithium->@Inject::init(Lnet/minecraft/world/level/block/entity/BlockEntityType;Lnet/minecraft/core/BlockPos;Lnet/minecraft/world/level/block/state/BlockState;Lorg/spongepowered/asm/mixin/injection/callback/CallbackInfo;)V won't be passed a CallbackInfo as a result
[08:47:53] [pool-16-thread-1/DEBUG] [mixin/]: lithium.mixins.json:util.inventory_comparator_tracking.BlockEntityMixin from mod lithium->@Inject::forgetNearbyComparators(Lorg/spongepowered/asm/mixin/injection/callback/CallbackInfo;)V doesn't use it's CallbackInfo
[08:47:53] [pool-16-thread-1/DEBUG] [mixin/]: lithium.mixins.json:util.inventory_comparator_tracking.BlockEntityMixin from mod lithium->@Inject::forgetNearbyComparators(Lorg/spongepowered/asm/mixin/injection/callback/CallbackInfo;)V has 0 override(s) in child classes
[08:47:53] [pool-16-thread-1/DEBUG] [mixin/]: lithium.mixins.json:util.inventory_comparator_tracking.BlockEntityMixin from mod lithium->@Inject::forgetNearbyComparators(Lorg/spongepowered/asm/mixin/injection/callback/CallbackInfo;)V won't be passed a CallbackInfo as a result
[08:47:53] [pool-16-thread-1/DEBUG] [mixin/]: lithium.mixins.json:world.block_entity_ticking.sleeping.BlockEntityMixin from mod lithium->@Inject::handleSetChanged(Lorg/spongepowered/asm/mixin/injection/callback/CallbackInfo;)V doesn't use it's CallbackInfo
[08:47:53] [pool-16-thread-1/DEBUG] [mixin/]: lithium.mixins.json:world.block_entity_ticking.sleeping.BlockEntityMixin from mod lithium->@Inject::handleSetChanged(Lorg/spongepowered/asm/mixin/injection/callback/CallbackInfo;)V has 0 override(s) in child classes
[08:47:53] [pool-16-thread-1/DEBUG] [mixin/]: lithium.mixins.json:world.block_entity_ticking.sleeping.BlockEntityMixin from mod lithium->@Inject::handleSetChanged(Lorg/spongepowered/asm/mixin/injection/callback/CallbackInfo;)V won't be passed a CallbackInfo as a result
[08:47:53] [pool-16-thread-1/DEBUG] [mixin/]: Mixing block.hopper.InventoryAccessors$DispenserBlockEntityMixin from lithium.mixins.json into net.minecraft.world.level.block.entity.DispenserBlockEntity
[08:47:53] [pool-16-thread-1/DEBUG] [mixin/]: Mixing util.inventory_change_listening.StackListReplacementTracking$DispenserBlockEntityMixin from lithium.mixins.json into net.minecraft.world.level.block.entity.DispenserBlockEntity
[08:47:53] [pool-16-thread-1/DEBUG] [mixin/]: lithium.mixins.json:util.inventory_change_listening.StackListReplacementTracking$DispenserBlockEntityMixin from mod lithium->@Inject::setInventoryStackListReplacement(Lnet/minecraft/core/NonNullList;Lorg/spongepowered/asm/mixin/injection/callback/CallbackInfo;)V doesn't use it's CallbackInfo
[08:47:53] [pool-16-thread-1/DEBUG] [mixin/]: lithium.mixins.json:util.inventory_change_listening.StackListReplacementTracking$DispenserBlockEntityMixin from mod lithium->@Inject::setInventoryStackListReplacement(Lnet/minecraft/core/NonNullList;Lorg/spongepowered/asm/mixin/injection/callback/CallbackInfo;)V has 0 override(s) in child classes
[08:47:53] [pool-16-thread-1/DEBUG] [mixin/]: lithium.mixins.json:util.inventory_change_listening.StackListReplacementTracking$DispenserBlockEntityMixin from mod lithium->@Inject::setInventoryStackListReplacement(Lnet/minecraft/core/NonNullList;Lorg/spongepowered/asm/mixin/injection/callback/CallbackInfo;)V won't be passed a CallbackInfo as a result
[08:47:53] [pool-16-thread-1/DEBUG] [mixin/]: Mixing block.hopper.ContainerMixin from lithium.mixins.json into net.minecraft.world.Container
[08:47:53] [pool-16-thread-1/DEBUG] [mixin/]: Mixing util.inventory_change_listening.BaseContainerBlockEntityMixin from lithium.mixins.json into net.minecraft.world.level.block.entity.BaseContainerBlockEntity
[08:47:53] [pool-16-thread-1/DEBUG] [mixin/]: Renaming synthetic method lambda$lithium$emitFirstComparatorAdded$0(Lnet/caffeinemc/mods/lithium/common/block/entity/inventory_change_tracking/InventoryChangeListener;)Z to md7ea5ce$lithium$lambda$lithium$emitFirstComparatorAdded$0$0 in lithium.mixins.json:util.inventory_change_listening.BaseContainerBlockEntityMixin from mod lithium
[08:47:53] [pool-16-thread-1/DEBUG] [mixin/]: Mixing util.inventory_change_listening.StackListReplacementTracking$BaseContainerBlockEntityMixin from lithium.mixins.json into net.minecraft.world.level.block.entity.BaseContainerBlockEntity
[08:47:53] [pool-16-thread-1/DEBUG] [mixin/]: lithium.mixins.json:util.inventory_change_listening.StackListReplacementTracking$BaseContainerBlockEntityMixin from mod lithium->@Inject::readNbtStackListReplacement(Lnet/minecraft/nbt/CompoundTag;Lnet/minecraft/core/HolderLookup$Provider;Lorg/spongepowered/asm/mixin/injection/callback/CallbackInfo;)V doesn't use it's CallbackInfo
[08:47:53] [pool-16-thread-1/DEBUG] [mixin/]: lithium.mixins.json:util.inventory_change_listening.StackListReplacementTracking$BaseContainerBlockEntityMixin from mod lithium->@Inject::readNbtStackListReplacement(Lnet/minecraft/nbt/CompoundTag;Lnet/minecraft/core/HolderLookup$Provider;Lorg/spongepowered/asm/mixin/injection/callback/CallbackInfo;)V has 0 override(s) in child classes
[08:47:53] [pool-16-thread-1/DEBUG] [mixin/]: lithium.mixins.json:util.inventory_change_listening.StackListReplacementTracking$BaseContainerBlockEntityMixin from mod lithium->@Inject::readNbtStackListReplacement(Lnet/minecraft/nbt/CompoundTag;Lnet/minecraft/core/HolderLookup$Provider;Lorg/spongepowered/asm/mixin/injection/callback/CallbackInfo;)V won't be passed a CallbackInfo as a result
[08:47:53] [pool-16-thread-1/DEBUG] [mixin/]: Mixing math.fast_util.AxisCycleDirectionMixin$ForwardMixin from lithium.mixins.json into net.minecraft.core.AxisCycle$2
[08:47:53] [pool-16-thread-1/DEBUG] [mixin/]: Mixing math.fast_util.AxisCycleDirectionMixin$BackwardMixin from lithium.mixins.json into net.minecraft.core.AxisCycle$3
[08:47:53] [pool-16-thread-1/DEBUG] [mixin/]: Mixing block.moving_block_shapes.PistonMovingBlockEntityMixin from lithium.mixins.json into net.minecraft.world.level.block.piston.PistonMovingBlockEntity
[08:47:53] [pool-16-thread-1/DEBUG] [mixin/]: lithium.mixins.json:block.moving_block_shapes.PistonMovingBlockEntityMixin from mod lithium->@Inject::skipVoxelShapeUnion(Lnet/minecraft/world/level/BlockGetter;Lnet/minecraft/core/BlockPos;Lorg/spongepowered/asm/mixin/injection/callback/CallbackInfoReturnable;Lnet/minecraft/world/phys/shapes/VoxelShape;Lnet/minecraft/core/Direction;Lnet/minecraft/world/level/block/state/BlockState;F)V does use it's CallbackInfoReturnable
[08:47:53] [pool-16-thread-1/DEBUG] [mixin/]: Mixing entity.equipment_tracking.MobMixin from lithium.mixins.json into net.minecraft.world.entity.Mob
[08:47:53] [pool-16-thread-1/DEBUG] [mixin/]: Mixing entity.inactive_navigations.MobMixin from lithium.mixins.json into net.minecraft.world.entity.Mob
[08:47:53] [pool-16-thread-1/DEBUG] [mixin/]: lithium.mixins.json:entity.equipment_tracking.MobMixin from mod lithium->@Inject::trackBodyArmor(Lnet/minecraft/nbt/CompoundTag;Lorg/spongepowered/asm/mixin/injection/callback/CallbackInfo;)V doesn't use it's CallbackInfo
[08:47:53] [pool-16-thread-1/DEBUG] [mixin/]: lithium.mixins.json:entity.equipment_tracking.MobMixin from mod lithium->@Inject::trackBodyArmor(Lnet/minecraft/nbt/CompoundTag;Lorg/spongepowered/asm/mixin/injection/callback/CallbackInfo;)V has 0 override(s) in child classes
[08:47:53] [pool-16-thread-1/DEBUG] [mixin/]: lithium.mixins.json:entity.equipment_tracking.MobMixin from mod lithium->@Inject::trackBodyArmor(Lnet/minecraft/nbt/CompoundTag;Lorg/spongepowered/asm/mixin/injection/callback/CallbackInfo;)V won't be passed a CallbackInfo as a result
[08:47:53] [pool-16-thread-1/DEBUG] [mixin/]: lithium.mixins.json:entity.equipment_tracking.MobMixin from mod lithium->@Inject::trackBodyArmor(Lnet/minecraft/nbt/CompoundTag;Lorg/spongepowered/asm/mixin/injection/callback/CallbackInfo;)V doesn't use it's CallbackInfo
[08:47:53] [pool-16-thread-1/DEBUG] [mixin/]: lithium.mixins.json:entity.equipment_tracking.MobMixin from mod lithium->@Inject::trackBodyArmor(Lnet/minecraft/nbt/CompoundTag;Lorg/spongepowered/asm/mixin/injection/callback/CallbackInfo;)V has 0 override(s) in child classes
[08:47:53] [pool-16-thread-1/DEBUG] [mixin/]: lithium.mixins.json:entity.equipment_tracking.MobMixin from mod lithium->@Inject::trackBodyArmor(Lnet/minecraft/nbt/CompoundTag;Lorg/spongepowered/asm/mixin/injection/callback/CallbackInfo;)V won't be passed a CallbackInfo as a result
[08:47:53] [pool-16-thread-1/DEBUG] [mixin/]: lithium.mixins.json:entity.inactive_navigations.MobMixin from mod lithium->@Inject::onNavigationReplacement(Lnet/minecraft/world/entity/Entity;ZLorg/spongepowered/asm/mixin/injection/callback/CallbackInfoReturnable;)V doesn't use it's CallbackInfoReturnable
[08:47:53] [pool-16-thread-1/DEBUG] [mixin/]: lithium.mixins.json:entity.inactive_navigations.MobMixin from mod lithium->@Inject::onNavigationReplacement(Lnet/minecraft/world/entity/Entity;ZLorg/spongepowered/asm/mixin/injection/callback/CallbackInfoReturnable;)V has 0 override(s) in child classes
[08:47:53] [pool-16-thread-1/DEBUG] [mixin/]: lithium.mixins.json:entity.inactive_navigations.MobMixin from mod lithium->@Inject::onNavigationReplacement(Lnet/minecraft/world/entity/Entity;ZLorg/spongepowered/asm/mixin/injection/callback/CallbackInfoReturnable;)V won't be passed a CallbackInfoReturnable as a result
[08:47:53] [pool-16-thread-1/DEBUG] [mixin/]: Mixing block.hopper.ChiseledBookShelfBlockEntityMixin from lithium.mixins.json into net.minecraft.world.level.block.entity.ChiseledBookShelfBlockEntity
[08:47:53] [pool-16-thread-1/DEBUG] [mixin/]: Mixing util.inventory_change_listening.ChestBlockEntityMixin from lithium-neoforge.mixins.json into net.minecraft.world.level.block.entity.ChestBlockEntity
[08:47:53] [pool-16-thread-1/DEBUG] [mixin/]: Mixing block.hopper.InventoryAccessors$ChestBlockEntityMixin from lithium.mixins.json into net.minecraft.world.level.block.entity.ChestBlockEntity
[08:47:53] [pool-16-thread-1/DEBUG] [mixin/]: Mixing util.inventory_change_listening.StackListReplacementTracking$ChestBlockEntityMixin from lithium.mixins.json into net.minecraft.world.level.block.entity.ChestBlockEntity
[08:47:53] [pool-16-thread-1/DEBUG] [mixin/]: lithium-neoforge.mixins.json:util.inventory_change_listening.ChestBlockEntityMixin from mod lithium->@Inject::emitRemovedOnSetCachedState(Lorg/spongepowered/asm/mixin/injection/callback/CallbackInfo;)V doesn't use it's CallbackInfo
[08:47:53] [pool-16-thread-1/DEBUG] [mixin/]: lithium-neoforge.mixins.json:util.inventory_change_listening.ChestBlockEntityMixin from mod lithium->@Inject::emitRemovedOnSetCachedState(Lorg/spongepowered/asm/mixin/injection/callback/CallbackInfo;)V has 0 override(s) in child classes
[08:47:53] [pool-16-thread-1/DEBUG] [mixin/]: lithium-neoforge.mixins.json:util.inventory_change_listening.ChestBlockEntityMixin from mod lithium->@Inject::emitRemovedOnSetCachedState(Lorg/spongepowered/asm/mixin/injection/callback/CallbackInfo;)V won't be passed a CallbackInfo as a result
[08:47:53] [pool-16-thread-1/DEBUG] [mixin/]: lithium.mixins.json:util.inventory_change_listening.StackListReplacementTracking$ChestBlockEntityMixin from mod lithium->@Inject::setInventoryStackListReplacement(Lnet/minecraft/core/NonNullList;Lorg/spongepowered/asm/mixin/injection/callback/CallbackInfo;)V doesn't use it's CallbackInfo
[08:47:53] [pool-16-thread-1/DEBUG] [mixin/]: lithium.mixins.json:util.inventory_change_listening.StackListReplacementTracking$ChestBlockEntityMixin from mod lithium->@Inject::setInventoryStackListReplacement(Lnet/minecraft/core/NonNullList;Lorg/spongepowered/asm/mixin/injection/callback/CallbackInfo;)V has 0 override(s) in child classes
[08:47:53] [pool-16-thread-1/DEBUG] [mixin/]: lithium.mixins.json:util.inventory_change_listening.StackListReplacementTracking$ChestBlockEntityMixin from mod lithium->@Inject::setInventoryStackListReplacement(Lnet/minecraft/core/NonNullList;Lorg/spongepowered/asm/mixin/injection/callback/CallbackInfo;)V won't be passed a CallbackInfo as a result
[08:47:53] [pool-16-thread-1/DEBUG] [mixin/]: Mixing core.render.BlockEntityTypeMixin from sodium-common.mixins.json into net.minecraft.world.level.block.entity.BlockEntityType
[08:47:53] [pool-16-thread-1/DEBUG] [mixin/]: sodium-common.mixins.json:core.render.BlockEntityTypeMixin from mod sodium: Class version 65 required is higher than the class version supported by the current version of Mixin (JAVA_17 supports class version 61)
[08:47:53] [pool-16-thread-1/DEBUG] [mixin/]: Mixing BlockEntityTypeAccessor from neoforge.mixins.json into net.minecraft.world.level.block.entity.BlockEntityType
[08:47:53] [pool-16-thread-1/DEBUG] [mixin/]: Mixing block.hopper.AbstractContainerMenuMixin from lithium.mixins.json into net.minecraft.world.inventory.AbstractContainerMenu
[08:47:53] [pool-16-thread-1/DEBUG] [mixin/]: lithium.mixins.json:block.hopper.AbstractContainerMenuMixin from mod lithium->@Inject::getFastOutputStrength(Lnet/minecraft/world/Container;Lorg/spongepowered/asm/mixin/injection/callback/CallbackInfoReturnable;)V does use it's CallbackInfoReturnable
[08:47:53] [pool-16-thread-1/DEBUG] [mixin/]: Mixing block.hopper.InventoryAccessors$AbstractFurnaceBlockEntityMixin from lithium.mixins.json into net.minecraft.world.level.block.entity.AbstractFurnaceBlockEntity
[08:47:53] [pool-16-thread-1/DEBUG] [mixin/]: Mixing util.inventory_change_listening.StackListReplacementTracking$AbstractFurnaceBlockEntityMixin from lithium.mixins.json into net.minecraft.world.level.block.entity.AbstractFurnaceBlockEntity
[08:47:53] [pool-16-thread-1/DEBUG] [mixin/]: Mixing world.block_entity_ticking.sleeping.furnace.AbstractFurnaceBlockEntityMixin from lithium.mixins.json into net.minecraft.world.level.block.entity.AbstractFurnaceBlockEntity
[08:47:53] [pool-16-thread-1/DEBUG] [mixin/]: lithium.mixins.json:world.block_entity_ticking.sleeping.furnace.AbstractFurnaceBlockEntityMixin from mod lithium->@Inject::checkSleep(Lnet/minecraft/world/level/Level;Lnet/minecraft/core/BlockPos;Lnet/minecraft/world/level/block/state/BlockState;Lnet/minecraft/world/level/block/entity/AbstractFurnaceBlockEntity;Lorg/spongepowered/asm/mixin/injection/callback/CallbackInfo;)V doesn't use it's CallbackInfo
[08:47:53] [pool-16-thread-1/DEBUG] [mixin/]: lithium.mixins.json:world.block_entity_ticking.sleeping.furnace.AbstractFurnaceBlockEntityMixin from mod lithium->@Inject::wakeUpAfterFromTag(Lorg/spongepowered/asm/mixin/injection/callback/CallbackInfo;)V doesn't use it's CallbackInfo
[08:47:53] [pool-16-thread-1/DEBUG] [mixin/]: lithium.mixins.json:world.block_entity_ticking.sleeping.furnace.AbstractFurnaceBlockEntityMixin from mod lithium->@Inject::wakeUpAfterFromTag(Lorg/spongepowered/asm/mixin/injection/callback/CallbackInfo;)V has 0 override(s) in child classes
[08:47:53] [pool-16-thread-1/DEBUG] [mixin/]: lithium.mixins.json:world.block_entity_ticking.sleeping.furnace.AbstractFurnaceBlockEntityMixin from mod lithium->@Inject::wakeUpAfterFromTag(Lorg/spongepowered/asm/mixin/injection/callback/CallbackInfo;)V won't be passed a CallbackInfo as a result
[08:47:53] [pool-16-thread-1/DEBUG] [mixin/]: Mixing math.fast_util.AABBMixin from lithium.mixins.json into net.minecraft.world.phys.AABB
[08:47:53] [pool-16-thread-1/DEBUG] [mixin/]: Mixing block.hopper.InventoryAccessors$BrewingStandBlockEntityMixin from lithium.mixins.json into net.minecraft.world.level.block.entity.BrewingStandBlockEntity
[08:47:53] [pool-16-thread-1/DEBUG] [mixin/]: Mixing util.inventory_change_listening.StackListReplacementTracking$BrewingStandBlockEntityMixin from lithium.mixins.json into net.minecraft.world.level.block.entity.BrewingStandBlockEntity
[08:47:53] [pool-16-thread-1/DEBUG] [mixin/]: Mixing world.block_entity_ticking.sleeping.brewing_stand.BrewingStandBlockEntityMixin from lithium.mixins.json into net.minecraft.world.level.block.entity.BrewingStandBlockEntity
[08:47:53] [pool-16-thread-1/DEBUG] [mixin/]: lithium.mixins.json:world.block_entity_ticking.sleeping.brewing_stand.BrewingStandBlockEntityMixin from mod lithium->@Inject::checkSleep(Lnet/minecraft/world/level/Level;Lnet/minecraft/core/BlockPos;Lnet/minecraft/world/level/block/state/BlockState;Lnet/minecraft/world/level/block/entity/BrewingStandBlockEntity;Lorg/spongepowered/asm/mixin/injection/callback/CallbackInfo;)V doesn't use it's CallbackInfo
[08:47:53] [pool-16-thread-1/DEBUG] [mixin/]: lithium.mixins.json:world.block_entity_ticking.sleeping.brewing_stand.BrewingStandBlockEntityMixin from mod lithium->@Inject::wakeUpOnMarkDirty(Lnet/minecraft/world/level/Level;Lnet/minecraft/core/BlockPos;Lnet/minecraft/world/level/block/state/BlockState;Lnet/minecraft/world/level/block/entity/BrewingStandBlockEntity;Lorg/spongepowered/asm/mixin/injection/callback/CallbackInfo;)V doesn't use it's CallbackInfo
[08:47:53] [pool-16-thread-1/DEBUG] [mixin/]: lithium.mixins.json:world.block_entity_ticking.sleeping.brewing_stand.BrewingStandBlockEntityMixin from mod lithium->@Inject::wakeUpOnMarkDirty(Lnet/minecraft/world/level/Level;Lnet/minecraft/core/BlockPos;Lnet/minecraft/world/level/block/state/BlockState;Lnet/minecraft/world/level/block/entity/BrewingStandBlockEntity;Lorg/spongepowered/asm/mixin/injection/callback/CallbackInfo;)V doesn't use it's CallbackInfo
[08:47:53] [pool-16-thread-1/DEBUG] [mixin/]: lithium.mixins.json:world.block_entity_ticking.sleeping.brewing_stand.BrewingStandBlockEntityMixin from mod lithium->@Inject::wakeUpOnMarkDirty(Lnet/minecraft/world/level/Level;Lnet/minecraft/core/BlockPos;Lnet/minecraft/world/level/block/state/BlockState;Lnet/minecraft/world/level/block/entity/BrewingStandBlockEntity;Lorg/spongepowered/asm/mixin/injection/callback/CallbackInfo;)V doesn't use it's CallbackInfo
[08:47:53] [pool-16-thread-1/DEBUG] [mixin/]: lithium.mixins.json:world.block_entity_ticking.sleeping.brewing_stand.BrewingStandBlockEntityMixin from mod lithium->@Inject::wakeUpAfterFromTag(Lorg/spongepowered/asm/mixin/injection/callback/CallbackInfo;)V doesn't use it's CallbackInfo
[08:47:53] [pool-16-thread-1/DEBUG] [mixin/]: lithium.mixins.json:world.block_entity_ticking.sleeping.brewing_stand.BrewingStandBlockEntityMixin from mod lithium->@Inject::wakeUpAfterFromTag(Lorg/spongepowered/asm/mixin/injection/callback/CallbackInfo;)V has 0 override(s) in child classes
[08:47:53] [pool-16-thread-1/DEBUG] [mixin/]: lithium.mixins.json:world.block_entity_ticking.sleeping.brewing_stand.BrewingStandBlockEntityMixin from mod lithium->@Inject::wakeUpAfterFromTag(Lorg/spongepowered/asm/mixin/injection/callback/CallbackInfo;)V won't be passed a CallbackInfo as a result
[08:47:53] [pool-16-thread-1/DEBUG] [mixin/]: Mixing util.accessors.ItemStackAccessor from lithium.mixins.json into net.minecraft.world.item.ItemStack
[08:47:53] [pool-16-thread-1/DEBUG] [mixin/]: Mixing util.item_component_and_count_tracking.ItemStackMixin from lithium.mixins.json into net.minecraft.world.item.ItemStack
[08:47:53] [pool-16-thread-1/DEBUG] [mixin/]: lithium.mixins.json:util.item_component_and_count_tracking.ItemStackMixin from mod lithium->@Inject::beforeChangeCount(ILorg/spongepowered/asm/mixin/injection/callback/CallbackInfo;)V doesn't use it's CallbackInfo
[08:47:53] [pool-16-thread-1/DEBUG] [mixin/]: lithium.mixins.json:util.item_component_and_count_tracking.ItemStackMixin from mod lithium->@Inject::onSetComponent(Lnet/minecraft/core/component/DataComponentType;Ljava/lang/Object;Lorg/spongepowered/asm/mixin/injection/callback/CallbackInfoReturnable;)V doesn't use it's CallbackInfoReturnable
[08:47:53] [pool-16-thread-1/DEBUG] [mixin/]: Mixing MixinBiome from mixins.iris.json into net.minecraft.world.level.biome.Biome
[08:47:53] [pool-16-thread-1/DEBUG] [mixin/]: mixins.iris.json:MixinBiome from mod iris: Class version 65 required is higher than the class version supported by the current version of Mixin (JAVA_8 supports class version 52)
[08:47:53] [pool-16-thread-1/DEBUG] [mixin/]: Mixing features.world.biome.BiomeMixin from sodium-neoforge.mixins.json into net.minecraft.world.level.biome.Biome
[08:47:53] [pool-16-thread-1/DEBUG] [mixin/]: sodium-neoforge.mixins.json:features.world.biome.BiomeMixin from mod sodium: Class version 65 required is higher than the class version supported by the current version of Mixin (JAVA_17 supports class version 61)
[08:47:53] [pool-16-thread-1/DEBUG] [mixin/]: Mixing world.chunk_ticking.spread_ice.BiomeMixin from lithium.mixins.json into net.minecraft.world.level.biome.Biome
[08:47:53] [pool-16-thread-1/DEBUG] [mixin/]: Mixing world.temperature_cache.BiomeMixin from lithium.mixins.json into net.minecraft.world.level.biome.Biome
[08:47:53] [pool-16-thread-1/DEBUG] [mixin/]: sodium-neoforge.mixins.json:features.world.biome.BiomeMixin from mod sodium->@Inject::onInit(Lorg/spongepowered/asm/mixin/injection/callback/CallbackInfo;)V doesn't use it's CallbackInfo
[08:47:54] [pool-16-thread-1/DEBUG] [mixin/]: Mixing block.hopper.HopperBlockEntityMixin from lithium.mixins.json into net.minecraft.world.level.block.entity.HopperBlockEntity
[08:47:54] [pool-16-thread-1/DEBUG] [mixin/]: Mixing block.hopper.InventoryAccessors$HopperBlockEntityMixin from lithium.mixins.json into net.minecraft.world.level.block.entity.HopperBlockEntity
[08:47:54] [pool-16-thread-1/DEBUG] [mixin/]: Mixing util.inventory_change_listening.StackListReplacementTracking$HopperBlockEntityMixin from lithium.mixins.json into net.minecraft.world.level.block.entity.HopperBlockEntity
[08:47:54] [pool-16-thread-1/DEBUG] [mixin/]: Mixing world.block_entity_ticking.sleeping.hopper.HopperBlockEntityMixin from lithium.mixins.json into net.minecraft.world.level.block.entity.HopperBlockEntity
[08:47:54] [pool-16-thread-1/DEBUG] [mixin/]: lithium.mixins.json:block.hopper.HopperBlockEntityMixin from mod lithium->@Inject::lithiumInsert(Lnet/minecraft/world/level/Level;Lnet/minecraft/core/BlockPos;Lnet/minecraft/world/level/block/entity/HopperBlockEntity;Lorg/spongepowered/asm/mixin/injection/callback/CallbackInfoReturnable;Lnet/minecraft/world/Container;Lnet/minecraft/core/Direction;)V does use it's CallbackInfoReturnable
[08:47:54] [pool-16-thread-1/DEBUG] [mixin/]: lithium.mixins.json:block.hopper.HopperBlockEntityMixin from mod lithium->@Inject::lithiumExtract(Lnet/minecraft/world/level/Level;Lnet/minecraft/world/level/block/entity/Hopper;Lorg/spongepowered/asm/mixin/injection/callback/CallbackInfoReturnable;)V does use it's CallbackInfoReturnable
[08:47:54] [pool-16-thread-1/DEBUG] [mixin/]: lithium.mixins.json:block.hopper.HopperBlockEntityMixin from mod lithium->@Inject::invalidateOnSetCachedState(Lnet/minecraft/world/level/block/state/BlockState;Lorg/spongepowered/asm/mixin/injection/callback/CallbackInfo;)V doesn't use it's CallbackInfo
[08:47:54] [pool-16-thread-1/DEBUG] [mixin/]: lithium.mixins.json:block.hopper.HopperBlockEntityMixin from mod lithium->@Inject::invalidateOnSetCachedState(Lnet/minecraft/world/level/block/state/BlockState;Lorg/spongepowered/asm/mixin/injection/callback/CallbackInfo;)V has 0 override(s) in child classes
[08:47:54] [pool-16-thread-1/DEBUG] [mixin/]: lithium.mixins.json:block.hopper.HopperBlockEntityMixin from mod lithium->@Inject::invalidateOnSetCachedState(Lnet/minecraft/world/level/block/state/BlockState;Lorg/spongepowered/asm/mixin/injection/callback/CallbackInfo;)V won't be passed a CallbackInfo as a result
[08:47:54] [pool-16-thread-1/DEBUG] [mixin/]: lithium.mixins.json:block.hopper.HopperBlockEntityMixin from mod lithium->@Inject::checkSleepingConditions(Lnet/minecraft/world/level/Level;Lnet/minecraft/core/BlockPos;Lnet/minecraft/world/level/block/state/BlockState;Lnet/minecraft/world/level/block/entity/HopperBlockEntity;Lorg/spongepowered/asm/mixin/injection/callback/CallbackInfo;)V doesn't use it's CallbackInfo
[08:47:54] [pool-16-thread-1/DEBUG] [mixin/]: lithium.mixins.json:util.inventory_change_listening.StackListReplacementTracking$HopperBlockEntityMixin from mod lithium->@Inject::setInventoryStackListReplacement(Lnet/minecraft/core/NonNullList;Lorg/spongepowered/asm/mixin/injection/callback/CallbackInfo;)V doesn't use it's CallbackInfo
[08:47:54] [pool-16-thread-1/DEBUG] [mixin/]: lithium.mixins.json:util.inventory_change_listening.StackListReplacementTracking$HopperBlockEntityMixin from mod lithium->@Inject::setInventoryStackListReplacement(Lnet/minecraft/core/NonNullList;Lorg/spongepowered/asm/mixin/injection/callback/CallbackInfo;)V has 0 override(s) in child classes
[08:47:54] [pool-16-thread-1/DEBUG] [mixin/]: lithium.mixins.json:util.inventory_change_listening.StackListReplacementTracking$HopperBlockEntityMixin from mod lithium->@Inject::setInventoryStackListReplacement(Lnet/minecraft/core/NonNullList;Lorg/spongepowered/asm/mixin/injection/callback/CallbackInfo;)V won't be passed a CallbackInfo as a result
[08:47:54] [pool-16-thread-1/DEBUG] [mixin/]: lithium.mixins.json:world.block_entity_ticking.sleeping.hopper.HopperBlockEntityMixin from mod lithium->@Inject::sleepIfNoCooldownAndLocked(Lnet/minecraft/world/level/Level;Lnet/minecraft/core/BlockPos;Lnet/minecraft/world/level/block/state/BlockState;Lnet/minecraft/world/level/block/entity/HopperBlockEntity;Ljava/util/function/BooleanSupplier;Lorg/spongepowered/asm/mixin/injection/callback/CallbackInfoReturnable;)V doesn't use it's CallbackInfoReturnable
[08:47:54] [pool-16-thread-1/DEBUG] [mixin/]: lithium.mixins.json:world.block_entity_ticking.sleeping.hopper.HopperBlockEntityMixin from mod lithium->@Inject::wakeUpOnCooldownSet(ILorg/spongepowered/asm/mixin/injection/callback/CallbackInfo;)V doesn't use it's CallbackInfo
[08:47:54] [pool-16-thread-1/DEBUG] [mixin/]: lithium.mixins.json:world.block_entity_ticking.sleeping.hopper.HopperBlockEntityMixin from mod lithium->@Inject::wakeUpOnCooldownSet(ILorg/spongepowered/asm/mixin/injection/callback/CallbackInfo;)V has 0 override(s) in child classes
[08:47:54] [pool-16-thread-1/DEBUG] [mixin/]: lithium.mixins.json:world.block_entity_ticking.sleeping.hopper.HopperBlockEntityMixin from mod lithium->@Inject::wakeUpOnCooldownSet(ILorg/spongepowered/asm/mixin/injection/callback/CallbackInfo;)V won't be passed a CallbackInfo as a result
[08:47:54] [pool-16-thread-1/DEBUG] [mixin/]: Mixing block.hopper.InventoryAccessors$ShulkerBoxBlockEntityMixin from lithium.mixins.json into net.minecraft.world.level.block.entity.ShulkerBoxBlockEntity
[08:47:54] [pool-16-thread-1/DEBUG] [mixin/]: Mixing util.inventory_change_listening.StackListReplacementTracking$ShulkerBoxBlockEntityMixin from lithium.mixins.json into net.minecraft.world.level.block.entity.ShulkerBoxBlockEntity
[08:47:54] [pool-16-thread-1/DEBUG] [mixin/]: Mixing world.block_entity_ticking.sleeping.shulker_box.ShulkerBoxBlockEntityMixin from lithium.mixins.json into net.minecraft.world.level.block.entity.ShulkerBoxBlockEntity
[08:47:54] [pool-16-thread-1/DEBUG] [mixin/]: lithium.mixins.json:util.inventory_change_listening.StackListReplacementTracking$ShulkerBoxBlockEntityMixin from mod lithium->@Inject::setInventoryStackListReplacement(Lnet/minecraft/core/NonNullList;Lorg/spongepowered/asm/mixin/injection/callback/CallbackInfo;)V doesn't use it's CallbackInfo
[08:47:54] [pool-16-thread-1/DEBUG] [mixin/]: lithium.mixins.json:util.inventory_change_listening.StackListReplacementTracking$ShulkerBoxBlockEntityMixin from mod lithium->@Inject::setInventoryStackListReplacement(Lnet/minecraft/core/NonNullList;Lorg/spongepowered/asm/mixin/injection/callback/CallbackInfo;)V has 0 override(s) in child classes
[08:47:54] [pool-16-thread-1/DEBUG] [mixin/]: lithium.mixins.json:util.inventory_change_listening.StackListReplacementTracking$ShulkerBoxBlockEntityMixin from mod lithium->@Inject::setInventoryStackListReplacement(Lnet/minecraft/core/NonNullList;Lorg/spongepowered/asm/mixin/injection/callback/CallbackInfo;)V won't be passed a CallbackInfo as a result
[08:47:54] [pool-16-thread-1/DEBUG] [mixin/]: lithium.mixins.json:world.block_entity_ticking.sleeping.shulker_box.ShulkerBoxBlockEntityMixin from mod lithium->@Inject::wakeUpOnSyncedBlockEvent(IILorg/spongepowered/asm/mixin/injection/callback/CallbackInfoReturnable;)V doesn't use it's CallbackInfoReturnable
[08:47:54] [pool-16-thread-1/DEBUG] [mixin/]: lithium.mixins.json:world.block_entity_ticking.sleeping.shulker_box.ShulkerBoxBlockEntityMixin from mod lithium->@Inject::wakeUpOnSyncedBlockEvent(IILorg/spongepowered/asm/mixin/injection/callback/CallbackInfoReturnable;)V has 0 override(s) in child classes
[08:47:54] [pool-16-thread-1/DEBUG] [mixin/]: lithium.mixins.json:world.block_entity_ticking.sleeping.shulker_box.ShulkerBoxBlockEntityMixin from mod lithium->@Inject::wakeUpOnSyncedBlockEvent(IILorg/spongepowered/asm/mixin/injection/callback/CallbackInfoReturnable;)V won't be passed a CallbackInfoReturnable as a result
[08:47:54] [pool-16-thread-1/DEBUG] [mixin/]: lithium.mixins.json:world.block_entity_ticking.sleeping.shulker_box.ShulkerBoxBlockEntityMixin from mod lithium->@Inject::sleepOnAnimationEnd(Lnet/minecraft/world/level/Level;Lnet/minecraft/core/BlockPos;Lnet/minecraft/world/level/block/state/BlockState;Lorg/spongepowered/asm/mixin/injection/callback/CallbackInfo;)V doesn't use it's CallbackInfo
[08:47:54] [pool-16-thread-1/DEBUG] [mixin/]: lithium.mixins.json:world.block_entity_ticking.sleeping.shulker_box.ShulkerBoxBlockEntityMixin from mod lithium->@Inject::sleepOnAnimationEnd(Lnet/minecraft/world/level/Level;Lnet/minecraft/core/BlockPos;Lnet/minecraft/world/level/block/state/BlockState;Lorg/spongepowered/asm/mixin/injection/callback/CallbackInfo;)V has 0 override(s) in child classes
[08:47:54] [pool-16-thread-1/DEBUG] [mixin/]: lithium.mixins.json:world.block_entity_ticking.sleeping.shulker_box.ShulkerBoxBlockEntityMixin from mod lithium->@Inject::sleepOnAnimationEnd(Lnet/minecraft/world/level/Level;Lnet/minecraft/core/BlockPos;Lnet/minecraft/world/level/block/state/BlockState;Lorg/spongepowered/asm/mixin/injection/callback/CallbackInfo;)V won't be passed a CallbackInfo as a result
[08:47:54] [pool-16-thread-1/DEBUG] [mixin/]: Mixing ai.useless_sensors.parent_animal_sensor.AgeableMobMixin from lithium.mixins.json into net.minecraft.world.entity.AgeableMob
[08:47:54] [pool-16-thread-1/DEBUG] [mixin/]: lithium.mixins.json:ai.useless_sensors.parent_animal_sensor.AgeableMobMixin from mod lithium->@Inject::handleParentSensor(Lnet/minecraft/network/syncher/EntityDataAccessor;Lorg/spongepowered/asm/mixin/injection/callback/CallbackInfo;)V doesn't use it's CallbackInfo
[08:47:54] [pool-16-thread-1/DEBUG] [mixin/]: lithium.mixins.json:ai.useless_sensors.parent_animal_sensor.AgeableMobMixin from mod lithium->@Inject::handleParentSensor(Lnet/minecraft/network/syncher/EntityDataAccessor;Lorg/spongepowered/asm/mixin/injection/callback/CallbackInfo;)V has 0 override(s) in child classes
[08:47:54] [pool-16-thread-1/DEBUG] [mixin/]: lithium.mixins.json:ai.useless_sensors.parent_animal_sensor.AgeableMobMixin from mod lithium->@Inject::handleParentSensor(Lnet/minecraft/network/syncher/EntityDataAccessor;Lorg/spongepowered/asm/mixin/injection/callback/CallbackInfo;)V won't be passed a CallbackInfo as a result
[08:47:54] [pool-16-thread-1/DEBUG] [mixin/]: Mixing block.hopper.InventoryAccessors$BarrelBlockEntityMixin from lithium.mixins.json into net.minecraft.world.level.block.entity.BarrelBlockEntity
[08:47:54] [pool-16-thread-1/DEBUG] [mixin/]: Mixing util.inventory_change_listening.StackListReplacementTracking$BarrelBlockEntityMixin from lithium.mixins.json into net.minecraft.world.level.block.entity.BarrelBlockEntity
[08:47:54] [pool-16-thread-1/DEBUG] [mixin/]: lithium.mixins.json:util.inventory_change_listening.StackListReplacementTracking$BarrelBlockEntityMixin from mod lithium->@Inject::setInventoryStackListReplacement(Lnet/minecraft/core/NonNullList;Lorg/spongepowered/asm/mixin/injection/callback/CallbackInfo;)V doesn't use it's CallbackInfo
[08:47:54] [pool-16-thread-1/DEBUG] [mixin/]: lithium.mixins.json:util.inventory_change_listening.StackListReplacementTracking$BarrelBlockEntityMixin from mod lithium->@Inject::setInventoryStackListReplacement(Lnet/minecraft/core/NonNullList;Lorg/spongepowered/asm/mixin/injection/callback/CallbackInfo;)V has 0 override(s) in child classes
[08:47:54] [pool-16-thread-1/DEBUG] [mixin/]: lithium.mixins.json:util.inventory_change_listening.StackListReplacementTracking$BarrelBlockEntityMixin from mod lithium->@Inject::setInventoryStackListReplacement(Lnet/minecraft/core/NonNullList;Lorg/spongepowered/asm/mixin/injection/callback/CallbackInfo;)V won't be passed a CallbackInfo as a result
[08:47:54] [pool-16-thread-1/DEBUG] [mixin/]: Mixing world.block_entity_ticking.sleeping.campfire.CampfireBlockEntityMixin from lithium.mixins.json into net.minecraft.world.level.block.entity.CampfireBlockEntity
[08:47:54] [pool-16-thread-1/DEBUG] [mixin/]: Mixing world.block_entity_ticking.sleeping.campfire.lit.CampfireBlockEntityMixin from lithium.mixins.json into net.minecraft.world.level.block.entity.CampfireBlockEntity
[08:47:54] [pool-16-thread-1/DEBUG] [mixin/]: Mixing world.block_entity_ticking.sleeping.campfire.unlit.CampfireBlockEntityMixin from lithium.mixins.json into net.minecraft.world.level.block.entity.CampfireBlockEntity
[08:47:54] [pool-16-thread-1/DEBUG] [mixin/]: lithium.mixins.json:world.block_entity_ticking.sleeping.campfire.CampfireBlockEntityMixin from mod lithium->@Inject::wakeUpOnAddItem(Lnet/minecraft/world/entity/LivingEntity;Lnet/minecraft/world/item/ItemStack;ILorg/spongepowered/asm/mixin/injection/callback/CallbackInfoReturnable;)V doesn't use it's CallbackInfoReturnable
[08:47:54] [pool-16-thread-1/DEBUG] [mixin/]: lithium.mixins.json:world.block_entity_ticking.sleeping.campfire.CampfireBlockEntityMixin from mod lithium->@Inject::wakeUpOnAddItem(Lnet/minecraft/world/entity/LivingEntity;Lnet/minecraft/world/item/ItemStack;ILorg/spongepowered/asm/mixin/injection/callback/CallbackInfoReturnable;)V has 0 override(s) in child classes
[08:47:54] [pool-16-thread-1/DEBUG] [mixin/]: lithium.mixins.json:world.block_entity_ticking.sleeping.campfire.CampfireBlockEntityMixin from mod lithium->@Inject::wakeUpOnAddItem(Lnet/minecraft/world/entity/LivingEntity;Lnet/minecraft/world/item/ItemStack;ILorg/spongepowered/asm/mixin/injection/callback/CallbackInfoReturnable;)V won't be passed a CallbackInfoReturnable as a result
[08:47:54] [pool-16-thread-1/DEBUG] [mixin/]: lithium.mixins.json:world.block_entity_ticking.sleeping.campfire.CampfireBlockEntityMixin from mod lithium->@Inject::wakeUpOnReadNbt(Lnet/minecraft/nbt/CompoundTag;Lnet/minecraft/core/HolderLookup$Provider;Lorg/spongepowered/asm/mixin/injection/callback/CallbackInfo;)V doesn't use it's CallbackInfo
[08:47:54] [pool-16-thread-1/DEBUG] [mixin/]: lithium.mixins.json:world.block_entity_ticking.sleeping.campfire.CampfireBlockEntityMixin from mod lithium->@Inject::wakeUpOnReadNbt(Lnet/minecraft/nbt/CompoundTag;Lnet/minecraft/core/HolderLookup$Provider;Lorg/spongepowered/asm/mixin/injection/callback/CallbackInfo;)V has 0 override(s) in child classes
[08:47:54] [pool-16-thread-1/DEBUG] [mixin/]: lithium.mixins.json:world.block_entity_ticking.sleeping.campfire.CampfireBlockEntityMixin from mod lithium->@Inject::wakeUpOnReadNbt(Lnet/minecraft/nbt/CompoundTag;Lnet/minecraft/core/HolderLookup$Provider;Lorg/spongepowered/asm/mixin/injection/callback/CallbackInfo;)V won't be passed a CallbackInfo as a result
[08:47:54] [pool-16-thread-1/DEBUG] [mixin/]: lithium.mixins.json:world.block_entity_ticking.sleeping.campfire.lit.CampfireBlockEntityMixin from mod lithium->@Inject::trySleepLit(Lnet/minecraft/world/level/Level;Lnet/minecraft/core/BlockPos;Lnet/minecraft/world/level/block/state/BlockState;Lnet/minecraft/world/level/block/entity/CampfireBlockEntity;Lorg/spongepowered/asm/mixin/injection/callback/CallbackInfo;Z)V doesn't use it's CallbackInfo
[08:47:54] [pool-16-thread-1/DEBUG] [mixin/]: lithium.mixins.json:world.block_entity_ticking.sleeping.campfire.unlit.CampfireBlockEntityMixin from mod lithium->@Inject::trySleepUnlit(Lnet/minecraft/world/level/Level;Lnet/minecraft/core/BlockPos;Lnet/minecraft/world/level/block/state/BlockState;Lnet/minecraft/world/level/block/entity/CampfireBlockEntity;Lorg/spongepowered/asm/mixin/injection/callback/CallbackInfo;Z)V doesn't use it's CallbackInfo
[08:47:54] [pool-16-thread-1/DEBUG] [mixin/]: Mixing alloc.composter.ComposterMixin$ComposterBlockComposterInventoryMixin from lithium.mixins.json into net.minecraft.world.level.block.ComposterBlock$InputContainer
[08:47:54] [pool-16-thread-1/DEBUG] [mixin/]: Mixing block.hopper.ComposterMixin$ComposterBlockComposterInventoryMixin from lithium.mixins.json into net.minecraft.world.level.block.ComposterBlock$InputContainer
[08:47:54] [pool-16-thread-1/DEBUG] [mixin/]: lithium.mixins.json:block.hopper.ComposterMixin$ComposterBlockComposterInventoryMixin from mod lithium->@Inject::resetDirty(Lorg/spongepowered/asm/mixin/injection/callback/CallbackInfo;)V doesn't use it's CallbackInfo
[08:47:54] [pool-16-thread-1/DEBUG] [mixin/]: lithium.mixins.json:block.hopper.ComposterMixin$ComposterBlockComposterInventoryMixin from mod lithium->@Inject::resetDirty(Lorg/spongepowered/asm/mixin/injection/callback/CallbackInfo;)V has 0 override(s) in child classes
[08:47:54] [pool-16-thread-1/DEBUG] [mixin/]: lithium.mixins.json:block.hopper.ComposterMixin$ComposterBlockComposterInventoryMixin from mod lithium->@Inject::resetDirty(Lorg/spongepowered/asm/mixin/injection/callback/CallbackInfo;)V won't be passed a CallbackInfo as a result
[08:47:54] [pool-16-thread-1/DEBUG] [mixin/]: Mixing alloc.composter.ComposterMixin$ComposterBlockDummyInventoryMixin from lithium.mixins.json into net.minecraft.world.level.block.ComposterBlock$EmptyContainer
[08:47:54] [pool-16-thread-1/DEBUG] [mixin/]: Mixing block.hopper.ComposterMixin$ComposterBlockDummyInventoryMixin from lithium.mixins.json into net.minecraft.world.level.block.ComposterBlock$EmptyContainer
[08:47:54] [pool-16-thread-1/DEBUG] [mixin/]: Mixing world.block_entity_ticking.sleeping.crafter.CrafterBlockEntityMixin from lithium.mixins.json into net.minecraft.world.level.block.entity.CrafterBlockEntity
[08:47:54] [pool-16-thread-1/DEBUG] [mixin/]: lithium.mixins.json:world.block_entity_ticking.sleeping.crafter.CrafterBlockEntityMixin from mod lithium->@Inject::checkSleep(Lorg/spongepowered/asm/mixin/injection/callback/CallbackInfo;)V doesn't use it's CallbackInfo
[08:47:54] [pool-16-thread-1/DEBUG] [mixin/]: lithium.mixins.json:world.block_entity_ticking.sleeping.crafter.CrafterBlockEntityMixin from mod lithium->@Inject::wakeUpAfterRemainingTicksChanged(Lorg/spongepowered/asm/mixin/injection/callback/CallbackInfo;)V doesn't use it's CallbackInfo
[08:47:54] [pool-16-thread-1/DEBUG] [mixin/]: lithium.mixins.json:world.block_entity_ticking.sleeping.crafter.CrafterBlockEntityMixin from mod lithium->@Inject::wakeUpAfterRemainingTicksChanged(Lorg/spongepowered/asm/mixin/injection/callback/CallbackInfo;)V has 0 override(s) in child classes
[08:47:54] [pool-16-thread-1/DEBUG] [mixin/]: lithium.mixins.json:world.block_entity_ticking.sleeping.crafter.CrafterBlockEntityMixin from mod lithium->@Inject::wakeUpAfterRemainingTicksChanged(Lorg/spongepowered/asm/mixin/injection/callback/CallbackInfo;)V won't be passed a CallbackInfo as a result
[08:47:54] [pool-16-thread-1/DEBUG] [mixin/]: lithium.mixins.json:world.block_entity_ticking.sleeping.crafter.CrafterBlockEntityMixin from mod lithium->@Inject::wakeUpAfterRemainingTicksChanged(Lorg/spongepowered/asm/mixin/injection/callback/CallbackInfo;)V doesn't use it's CallbackInfo
[08:47:54] [pool-16-thread-1/DEBUG] [mixin/]: lithium.mixins.json:world.block_entity_ticking.sleeping.crafter.CrafterBlockEntityMixin from mod lithium->@Inject::wakeUpAfterRemainingTicksChanged(Lorg/spongepowered/asm/mixin/injection/callback/CallbackInfo;)V has 0 override(s) in child classes
[08:47:54] [pool-16-thread-1/DEBUG] [mixin/]: lithium.mixins.json:world.block_entity_ticking.sleeping.crafter.CrafterBlockEntityMixin from mod lithium->@Inject::wakeUpAfterRemainingTicksChanged(Lorg/spongepowered/asm/mixin/injection/callback/CallbackInfo;)V won't be passed a CallbackInfo as a result
[08:47:54] [pool-16-thread-1/DEBUG] [mixin/]: Mixing platform.neoforge.AuxiliaryLightManagerMixin from sodium-neoforge.mixins.json into net.neoforged.neoforge.common.world.AuxiliaryLightManager
[08:47:54] [pool-16-thread-1/DEBUG] [mixin/]: sodium-neoforge.mixins.json:platform.neoforge.AuxiliaryLightManagerMixin from mod sodium: Class version 65 required is higher than the class version supported by the current version of Mixin (JAVA_17 supports class version 61)
[08:47:54] [pool-16-thread-1/DEBUG] [mixin/]: Mixing shapes.lazy_shape_context.EntityCollisionContextMixin from lithium.mixins.json into net.minecraft.world.phys.shapes.EntityCollisionContext
[08:47:54] [pool-16-thread-1/DEBUG] [mixin/]: Renaming synthetic method lambda$canWalkOnFluid$0(Lnet/minecraft/world/level/material/FluidState;)Z to md7ea5ce$lithium$lambda$canWalkOnFluid$0$0 in lithium.mixins.json:shapes.lazy_shape_context.EntityCollisionContextMixin from mod lithium
[08:47:54] [pool-16-thread-1/DEBUG] [mixin/]: lithium.mixins.json:shapes.lazy_shape_context.EntityCollisionContextMixin from mod lithium->@Inject::initFields(Lnet/minecraft/world/entity/Entity;Lorg/spongepowered/asm/mixin/injection/callback/CallbackInfo;)V doesn't use it's CallbackInfo
[08:47:54] [pool-16-thread-1/DEBUG] [mixin/]: lithium.mixins.json:shapes.lazy_shape_context.EntityCollisionContextMixin from mod lithium->@Inject::initFields(Lnet/minecraft/world/entity/Entity;Lorg/spongepowered/asm/mixin/injection/callback/CallbackInfo;)V has 0 override(s) in child classes
[08:47:54] [pool-16-thread-1/DEBUG] [mixin/]: lithium.mixins.json:shapes.lazy_shape_context.EntityCollisionContextMixin from mod lithium->@Inject::initFields(Lnet/minecraft/world/entity/Entity;Lorg/spongepowered/asm/mixin/injection/callback/CallbackInfo;)V won't be passed a CallbackInfo as a result
[08:47:54] [pool-16-thread-1/DEBUG] [mixin/]: lithium.mixins.json:shapes.lazy_shape_context.EntityCollisionContextMixin from mod lithium->@Inject::isHolding(Lnet/minecraft/world/item/Item;Lorg/spongepowered/asm/mixin/injection/callback/CallbackInfoReturnable;)V doesn't use it's CallbackInfoReturnable
[08:47:54] [pool-16-thread-1/DEBUG] [mixin/]: lithium.mixins.json:shapes.lazy_shape_context.EntityCollisionContextMixin from mod lithium->@Inject::isHolding(Lnet/minecraft/world/item/Item;Lorg/spongepowered/asm/mixin/injection/callback/CallbackInfoReturnable;)V has 0 override(s) in child classes
[08:47:54] [pool-16-thread-1/DEBUG] [mixin/]: lithium.mixins.json:shapes.lazy_shape_context.EntityCollisionContextMixin from mod lithium->@Inject::isHolding(Lnet/minecraft/world/item/Item;Lorg/spongepowered/asm/mixin/injection/callback/CallbackInfoReturnable;)V won't be passed a CallbackInfoReturnable as a result
[08:47:54] [pool-16-thread-1/DEBUG] [mixin/]: lithium.mixins.json:shapes.lazy_shape_context.EntityCollisionContextMixin from mod lithium->@Inject::initHeldItem(Lorg/spongepowered/asm/mixin/injection/callback/CallbackInfoReturnable;)V doesn't use it's CallbackInfoReturnable
[08:47:54] [pool-16-thread-1/DEBUG] [mixin/]: lithium.mixins.json:shapes.lazy_shape_context.EntityCollisionContextMixin from mod lithium->@Inject::initHeldItem(Lorg/spongepowered/asm/mixin/injection/callback/CallbackInfoReturnable;)V has 0 override(s) in child classes
[08:47:54] [pool-16-thread-1/DEBUG] [mixin/]: lithium.mixins.json:shapes.lazy_shape_context.EntityCollisionContextMixin from mod lithium->@Inject::initHeldItem(Lorg/spongepowered/asm/mixin/injection/callback/CallbackInfoReturnable;)V won't be passed a CallbackInfoReturnable as a result
[08:47:54] [pool-16-thread-1/DEBUG] [mixin/]: lithium.mixins.json:shapes.lazy_shape_context.EntityCollisionContextMixin from mod lithium->@Inject::canWalkOnFluid(Lnet/minecraft/world/level/material/FluidState;Lnet/minecraft/world/level/material/FluidState;Lorg/spongepowered/asm/mixin/injection/callback/CallbackInfoReturnable;)V doesn't use it's CallbackInfoReturnable
[08:47:54] [pool-16-thread-1/DEBUG] [mixin/]: lithium.mixins.json:shapes.lazy_shape_context.EntityCollisionContextMixin from mod lithium->@Inject::canWalkOnFluid(Lnet/minecraft/world/level/material/FluidState;Lnet/minecraft/world/level/material/FluidState;Lorg/spongepowered/asm/mixin/injection/callback/CallbackInfoReturnable;)V has 0 override(s) in child classes
[08:47:54] [pool-16-thread-1/DEBUG] [mixin/]: lithium.mixins.json:shapes.lazy_shape_context.EntityCollisionContextMixin from mod lithium->@Inject::canWalkOnFluid(Lnet/minecraft/world/level/material/FluidState;Lnet/minecraft/world/level/material/FluidState;Lorg/spongepowered/asm/mixin/injection/callback/CallbackInfoReturnable;)V won't be passed a CallbackInfoReturnable as a result
[08:47:54] [pool-16-thread-1/DEBUG] [mixin/]: Mixing block.hopper.NonNullListAccessor from lithium.mixins.json into net.minecraft.core.NonNullList
[08:47:54] [pool-16-thread-1/DEBUG] [mixin/]: Mixing util.item_component_and_count_tracking.PatchedDataComponentMapMixin from lithium.mixins.json into net.minecraft.core.component.PatchedDataComponentMap
[08:47:55] [pool-16-thread-1/DEBUG] [mixin/]: lithium.mixins.json:util.item_component_and_count_tracking.PatchedDataComponentMapMixin from mod lithium->@Inject::trackBeforeChange(Lorg/spongepowered/asm/mixin/injection/callback/CallbackInfo;)V doesn't use it's CallbackInfo
[08:47:55] [pool-16-thread-1/DEBUG] [mixin/]: Mixing MixinItem from mixins.iris.json into net.minecraft.world.item.Item
[08:47:55] [pool-16-thread-1/DEBUG] [mixin/]: mixins.iris.json:MixinItem from mod iris: Class version 65 required is higher than the class version supported by the current version of Mixin (JAVA_8 supports class version 52)
[08:47:55] [pool-16-thread-1/DEBUG] [io.ne.ut.in.PlatformDependent0/]: -Dio.netty.noUnsafe: false
[08:47:55] [pool-16-thread-1/DEBUG] [io.ne.ut.in.PlatformDependent0/]: Java version: 21
[08:47:55] [pool-16-thread-1/DEBUG] [io.ne.ut.in.PlatformDependent0/]: sun.misc.Unsafe.theUnsafe: available
[08:47:55] [pool-16-thread-1/DEBUG] [io.ne.ut.in.PlatformDependent0/]: sun.misc.Unsafe.copyMemory: available
[08:47:55] [pool-16-thread-1/DEBUG] [io.ne.ut.in.PlatformDependent0/]: sun.misc.Unsafe.storeFence: available
[08:47:55] [pool-16-thread-1/DEBUG] [io.ne.ut.in.PlatformDependent0/]: java.nio.Buffer.address: available
[08:47:55] [pool-16-thread-1/DEBUG] [io.ne.ut.in.PlatformDependent0/]: java.nio.Bits.unaligned: available, true
[08:47:55] [pool-16-thread-1/DEBUG] [io.ne.ut.in.PlatformDependent0/]: java.nio.DirectByteBuffer.<init>(long, {int,long}): unavailable
[08:47:55] [pool-16-thread-1/DEBUG] [io.ne.ut.in.PlatformDependent/]: sun.misc.Unsafe: available
[08:47:55] [pool-16-thread-1/DEBUG] [io.ne.ut.in.PlatformDependent/]: maxDirectMemory: 12851347456 bytes (maybe)
[08:47:55] [pool-16-thread-1/DEBUG] [io.ne.ut.in.PlatformDependent/]: -Dio.netty.tmpdir: C:\Users\Newpi\AppData\Local\Temp (java.io.tmpdir)
[08:47:55] [pool-16-thread-1/DEBUG] [io.ne.ut.in.PlatformDependent/]: -Dio.netty.bitMode: 64 (sun.arch.data.model)
[08:47:55] [pool-16-thread-1/DEBUG] [io.ne.ut.in.PlatformDependent/]: Platform: Windows
[08:47:55] [pool-16-thread-1/DEBUG] [io.ne.ut.in.PlatformDependent/]: -Dio.netty.maxDirectMemory: -1 bytes
[08:47:55] [pool-16-thread-1/DEBUG] [io.ne.ut.in.PlatformDependent/]: -Dio.netty.uninitializedArrayAllocationThreshold: -1
[08:47:55] [pool-16-thread-1/DEBUG] [io.ne.ut.in.CleanerJava9/]: java.nio.ByteBuffer.cleaner(): available
[08:47:55] [pool-16-thread-1/DEBUG] [io.ne.ut.in.PlatformDependent/]: -Dio.netty.noPreferDirect: false
[08:47:56] [pool-16-thread-1/DEBUG] [mixin/]: Mixing util.world_border_listener.WorldBorderMixin from lithium.mixins.json into net.minecraft.world.level.border.WorldBorder
[08:47:56] [pool-16-thread-1/DEBUG] [mixin/]: lithium.mixins.json:util.world_border_listener.WorldBorderMixin from mod lithium->@Inject::registerSimpleWorldBorderListenerMulti(Lorg/spongepowered/asm/mixin/injection/callback/CallbackInfo;)V doesn't use it's CallbackInfo
[08:47:56] [pool-16-thread-1/DEBUG] [mixin/]: lithium.mixins.json:util.world_border_listener.WorldBorderMixin from mod lithium->@Inject::registerSimpleWorldBorderListenerMulti(Lorg/spongepowered/asm/mixin/injection/callback/CallbackInfo;)V has 0 override(s) in child classes
[08:47:56] [pool-16-thread-1/DEBUG] [mixin/]: lithium.mixins.json:util.world_border_listener.WorldBorderMixin from mod lithium->@Inject::registerSimpleWorldBorderListenerMulti(Lorg/spongepowered/asm/mixin/injection/callback/CallbackInfo;)V won't be passed a CallbackInfo as a result
[08:47:56] [pool-16-thread-1/DEBUG] [mixin/]: lithium.mixins.json:util.world_border_listener.WorldBorderMixin from mod lithium->@Inject::addSimpleListenerOnce(Lnet/minecraft/world/level/border/BorderChangeListener;Lorg/spongepowered/asm/mixin/injection/callback/CallbackInfo;)V does use it's CallbackInfo
[08:47:56] [pool-16-thread-1/DEBUG] [mixin/]: Mixing world.inline_block_access.LevelChunkMixin from lithium.mixins.json into net.minecraft.world.level.chunk.LevelChunk
[08:47:56] [pool-16-thread-1/DEBUG] [mixin/]: Mixing collections.block_entity_tickers.LevelChunkMixin from lithium.mixins.json into net.minecraft.world.level.chunk.LevelChunk
[08:47:56] [pool-16-thread-1/DEBUG] [mixin/]: Mixing minimal_nonvanilla.world.block_entity_ticking.support_cache.LevelChunkMixin from lithium.mixins.json into net.minecraft.world.level.chunk.LevelChunk
[08:47:56] [pool-16-thread-1/DEBUG] [mixin/]: Mixing util.chunk_status_tracking.LevelChunkMixin from lithium.mixins.json into net.minecraft.world.level.chunk.LevelChunk
[08:47:56] [pool-16-thread-1/DEBUG] [mixin/]: Mixing world.block_entity_ticking.sleeping.LevelChunkMixin from lithium.mixins.json into net.minecraft.world.level.chunk.LevelChunk
[08:47:56] [pool-16-thread-1/DEBUG] [mixin/]: Mixing world.combined_heightmap_update.LevelChunkMixin from lithium.mixins.json into net.minecraft.world.level.chunk.LevelChunk
[08:47:56] [pool-16-thread-1/DEBUG] [mixin/]: Mixing world.game_events.dispatch.LevelChunkMixin from lithium.mixins.json into net.minecraft.world.level.chunk.LevelChunk
[08:47:56] [pool-16-thread-1/DEBUG] [mixin/]: Renaming synthetic method lambda$static$1(Lnet/minecraft/server/level/ServerLevel;Lnet/minecraft/world/level/ChunkPos;)V to md7ea5ce$lithium$lambda$static$1$0 in lithium.mixins.json:world.game_events.dispatch.LevelChunkMixin from mod lithium
[08:47:56] [pool-16-thread-1/DEBUG] [mixin/]: Renaming synthetic method lambda$static$0(Lnet/minecraft/server/level/ServerLevel;Lnet/minecraft/world/level/chunk/LevelChunk;)V to md7ea5ce$lithium$lambda$static$0$1 in lithium.mixins.json:world.game_events.dispatch.LevelChunkMixin from mod lithium
[08:47:56] [pool-16-thread-1/DEBUG] [mixin/]: lithium.mixins.json:collections.block_entity_tickers.LevelChunkMixin from mod lithium->@Inject::createFastUtilMap(Lnet/minecraft/world/level/Level;Lnet/minecraft/world/level/ChunkPos;Lnet/minecraft/world/level/chunk/UpgradeData;Lnet/minecraft/world/ticks/LevelChunkTicks;Lnet/minecraft/world/ticks/LevelChunkTicks;J[Lnet/minecraft/world/level/chunk/LevelChunkSection;Lnet/minecraft/world/level/chunk/LevelChunk$PostLoadProcessor;Lnet/minecraft/world/level/levelgen/blending/BlendingData;Lorg/spongepowered/asm/mixin/injection/callback/CallbackInfo;)V doesn't use it's CallbackInfo
[08:47:56] [pool-16-thread-1/DEBUG] [mixin/]: lithium.mixins.json:collections.block_entity_tickers.LevelChunkMixin from mod lithium->@Inject::createFastUtilMap(Lnet/minecraft/world/level/Level;Lnet/minecraft/world/level/ChunkPos;Lnet/minecraft/world/level/chunk/UpgradeData;Lnet/minecraft/world/ticks/LevelChunkTicks;Lnet/minecraft/world/ticks/LevelChunkTicks;J[Lnet/minecraft/world/level/chunk/LevelChunkSection;Lnet/minecraft/world/level/chunk/LevelChunk$PostLoadProcessor;Lnet/minecraft/world/level/levelgen/blending/BlendingData;Lorg/spongepowered/asm/mixin/injection/callback/CallbackInfo;)V has 0 override(s) in child classes
[08:47:56] [pool-16-thread-1/DEBUG] [mixin/]: lithium.mixins.json:collections.block_entity_tickers.LevelChunkMixin from mod lithium->@Inject::createFastUtilMap(Lnet/minecraft/world/level/Level;Lnet/minecraft/world/level/ChunkPos;Lnet/minecraft/world/level/chunk/UpgradeData;Lnet/minecraft/world/ticks/LevelChunkTicks;Lnet/minecraft/world/ticks/LevelChunkTicks;J[Lnet/minecraft/world/level/chunk/LevelChunkSection;Lnet/minecraft/world/level/chunk/LevelChunk$PostLoadProcessor;Lnet/minecraft/world/level/levelgen/blending/BlendingData;Lorg/spongepowered/asm/mixin/injection/callback/CallbackInfo;)V won't be passed a CallbackInfo as a result
[08:47:56] [pool-16-thread-1/DEBUG] [mixin/]: lithium.mixins.json:minimal_nonvanilla.world.block_entity_ticking.support_cache.LevelChunkMixin from mod lithium->@Inject::fixCachedState(Lnet/minecraft/core/BlockPos;Lnet/minecraft/world/level/block/state/BlockState;ZLorg/spongepowered/asm/mixin/injection/callback/CallbackInfoReturnable;)V doesn't use it's CallbackInfoReturnable
[08:47:56] [pool-16-thread-1/DEBUG] [mixin/]: lithium.mixins.json:minimal_nonvanilla.world.block_entity_ticking.support_cache.LevelChunkMixin from mod lithium->@Inject::fixCachedState(Lnet/minecraft/core/BlockPos;Lnet/minecraft/world/level/block/state/BlockState;ZLorg/spongepowered/asm/mixin/injection/callback/CallbackInfoReturnable;)V has 0 override(s) in child classes
[08:47:56] [pool-16-thread-1/DEBUG] [mixin/]: lithium.mixins.json:minimal_nonvanilla.world.block_entity_ticking.support_cache.LevelChunkMixin from mod lithium->@Inject::fixCachedState(Lnet/minecraft/core/BlockPos;Lnet/minecraft/world/level/block/state/BlockState;ZLorg/spongepowered/asm/mixin/injection/callback/CallbackInfoReturnable;)V won't be passed a CallbackInfoReturnable as a result
[08:47:56] [pool-16-thread-1/DEBUG] [mixin/]: lithium.mixins.json:util.chunk_status_tracking.LevelChunkMixin from mod lithium->@Inject::onChunkFull(Ljava/util/function/Supplier;Lorg/spongepowered/asm/mixin/injection/callback/CallbackInfo;)V doesn't use it's CallbackInfo
[08:47:56] [pool-16-thread-1/DEBUG] [mixin/]: lithium.mixins.json:util.chunk_status_tracking.LevelChunkMixin from mod lithium->@Inject::onChunkFull(Ljava/util/function/Supplier;Lorg/spongepowered/asm/mixin/injection/callback/CallbackInfo;)V has 0 override(s) in child classes
[08:47:56] [pool-16-thread-1/DEBUG] [mixin/]: lithium.mixins.json:util.chunk_status_tracking.LevelChunkMixin from mod lithium->@Inject::onChunkFull(Ljava/util/function/Supplier;Lorg/spongepowered/asm/mixin/injection/callback/CallbackInfo;)V won't be passed a CallbackInfo as a result
[08:47:56] [pool-16-thread-1/DEBUG] [mixin/]: lithium.mixins.json:world.block_entity_ticking.sleeping.LevelChunkMixin from mod lithium->@Inject::setBlockEntityTickingOrder(Lnet/minecraft/world/level/block/entity/BlockEntity;Lnet/minecraft/world/level/block/entity/BlockEntityTicker;Lnet/minecraft/core/BlockPos;Ljava/lang/Object;Lorg/spongepowered/asm/mixin/injection/callback/CallbackInfoReturnable;Lnet/minecraft/world/level/block/entity/TickingBlockEntity;Ljava/lang/Object;)V doesn't use it's CallbackInfoReturnable
[08:47:56] [pool-16-thread-1/DEBUG] [mixin/]: lithium.mixins.json:world.block_entity_ticking.sleeping.LevelChunkMixin from mod lithium->@Inject::setBlockEntityTickingOrder(Lnet/minecraft/world/level/block/entity/BlockEntity;Lnet/minecraft/world/level/block/entity/BlockEntityTicker;Lnet/minecraft/core/BlockPos;Ljava/lang/Object;Lorg/spongepowered/asm/mixin/injection/callback/CallbackInfoReturnable;Lnet/minecraft/world/level/block/entity/TickingBlockEntity;Ljava/lang/Object;)V has 0 override(s) in child classes
[08:47:56] [pool-16-thread-1/DEBUG] [mixin/]: lithium.mixins.json:world.block_entity_ticking.sleeping.LevelChunkMixin from mod lithium->@Inject::setBlockEntityTickingOrder(Lnet/minecraft/world/level/block/entity/BlockEntity;Lnet/minecraft/world/level/block/entity/BlockEntityTicker;Lnet/minecraft/core/BlockPos;Ljava/lang/Object;Lorg/spongepowered/asm/mixin/injection/callback/CallbackInfoReturnable;Lnet/minecraft/world/level/block/entity/TickingBlockEntity;Ljava/lang/Object;)V won't be passed a CallbackInfoReturnable as a result
[08:47:56] [pool-16-thread-1/DEBUG] [mixin/]: lithium.mixins.json:world.block_entity_ticking.sleeping.LevelChunkMixin from mod lithium->@Inject::setBlockEntityTickingOrder(Lnet/minecraft/world/level/block/entity/BlockEntity;Lnet/minecraft/world/level/block/entity/BlockEntityTicker;Lnet/minecraft/core/BlockPos;Ljava/lang/Object;Lorg/spongepowered/asm/mixin/injection/callback/CallbackInfoReturnable;Lnet/minecraft/world/level/block/entity/TickingBlockEntity;)V doesn't use it's CallbackInfoReturnable
[08:47:56] [pool-16-thread-1/DEBUG] [mixin/]: lithium.mixins.json:world.block_entity_ticking.sleeping.LevelChunkMixin from mod lithium->@Inject::setBlockEntityTickingOrder(Lnet/minecraft/world/level/block/entity/BlockEntity;Lnet/minecraft/world/level/block/entity/BlockEntityTicker;Lnet/minecraft/core/BlockPos;Ljava/lang/Object;Lorg/spongepowered/asm/mixin/injection/callback/CallbackInfoReturnable;Lnet/minecraft/world/level/block/entity/TickingBlockEntity;)V has 0 override(s) in child classes
[08:47:56] [pool-16-thread-1/DEBUG] [mixin/]: lithium.mixins.json:world.block_entity_ticking.sleeping.LevelChunkMixin from mod lithium->@Inject::setBlockEntityTickingOrder(Lnet/minecraft/world/level/block/entity/BlockEntity;Lnet/minecraft/world/level/block/entity/BlockEntityTicker;Lnet/minecraft/core/BlockPos;Ljava/lang/Object;Lorg/spongepowered/asm/mixin/injection/callback/CallbackInfoReturnable;Lnet/minecraft/world/level/block/entity/TickingBlockEntity;)V won't be passed a CallbackInfoReturnable as a result
[08:47:56] [pool-16-thread-1/DEBUG] [mixin/]: lithium.mixins.json:world.combined_heightmap_update.LevelChunkMixin from mod lithium->@Inject::updateHeightmapsCombined(Lnet/minecraft/core/BlockPos;Lnet/minecraft/world/level/block/state/BlockState;ZLorg/spongepowered/asm/mixin/injection/callback/CallbackInfoReturnable;ILnet/minecraft/world/level/chunk/LevelChunkSection;ZIIILnet/minecraft/world/level/block/state/BlockState;Lnet/minecraft/world/level/block/Block;)V doesn't use it's CallbackInfoReturnable
[08:47:56] [pool-16-thread-1/DEBUG] [mixin/]: lithium.mixins.json:world.combined_heightmap_update.LevelChunkMixin from mod lithium->@Inject::updateHeightmapsCombined(Lnet/minecraft/core/BlockPos;Lnet/minecraft/world/level/block/state/BlockState;ZLorg/spongepowered/asm/mixin/injection/callback/CallbackInfoReturnable;ILnet/minecraft/world/level/chunk/LevelChunkSection;ZIIILnet/minecraft/world/level/block/state/BlockState;Lnet/minecraft/world/level/block/Block;)V has 0 override(s) in child classes
[08:47:56] [pool-16-thread-1/DEBUG] [mixin/]: lithium.mixins.json:world.combined_heightmap_update.LevelChunkMixin from mod lithium->@Inject::updateHeightmapsCombined(Lnet/minecraft/core/BlockPos;Lnet/minecraft/world/level/block/state/BlockState;ZLorg/spongepowered/asm/mixin/injection/callback/CallbackInfoReturnable;ILnet/minecraft/world/level/chunk/LevelChunkSection;ZIIILnet/minecraft/world/level/block/state/BlockState;Lnet/minecraft/world/level/block/Block;)V won't be passed a CallbackInfoReturnable as a result
[08:47:56] [pool-16-thread-1/DEBUG] [mixin/]: lithium.mixins.json:world.game_events.dispatch.LevelChunkMixin from mod lithium->@Inject::initGameEventDispatchers(Lorg/spongepowered/asm/mixin/injection/callback/CallbackInfo;)V doesn't use it's CallbackInfo
[08:47:56] [pool-16-thread-1/DEBUG] [mixin/]: lithium.mixins.json:world.game_events.dispatch.LevelChunkMixin from mod lithium->@Inject::initGameEventDispatchers(Lorg/spongepowered/asm/mixin/injection/callback/CallbackInfo;)V has 0 override(s) in child classes
[08:47:56] [pool-16-thread-1/DEBUG] [mixin/]: lithium.mixins.json:world.game_events.dispatch.LevelChunkMixin from mod lithium->@Inject::initGameEventDispatchers(Lorg/spongepowered/asm/mixin/injection/callback/CallbackInfo;)V won't be passed a CallbackInfo as a result
[08:47:56] [pool-16-thread-1/DEBUG] [mixin/]: lithium.mixins.json:world.game_events.dispatch.LevelChunkMixin from mod lithium->@Inject::removeGameEventDispatcher(ILorg/spongepowered/asm/mixin/injection/callback/CallbackInfo;)V doesn't use it's CallbackInfo
[08:47:56] [pool-16-thread-1/DEBUG] [mixin/]: lithium.mixins.json:world.game_events.dispatch.LevelChunkMixin from mod lithium->@Inject::removeGameEventDispatcher(ILorg/spongepowered/asm/mixin/injection/callback/CallbackInfo;)V has 0 override(s) in child classes
[08:47:56] [pool-16-thread-1/DEBUG] [mixin/]: lithium.mixins.json:world.game_events.dispatch.LevelChunkMixin from mod lithium->@Inject::removeGameEventDispatcher(ILorg/spongepowered/asm/mixin/injection/callback/CallbackInfo;)V won't be passed a CallbackInfo as a result
[08:47:56] [pool-16-thread-1/DEBUG] [mixin/]: lithium.mixins.json:world.game_events.dispatch.LevelChunkMixin from mod lithium->@Inject::initializeCollection(Lorg/spongepowered/asm/mixin/injection/callback/CallbackInfoReturnable;)V doesn't use it's CallbackInfoReturnable
[08:47:56] [pool-16-thread-1/DEBUG] [mixin/]: lithium.mixins.json:world.game_events.dispatch.LevelChunkMixin from mod lithium->@Inject::initializeCollection(Lorg/spongepowered/asm/mixin/injection/callback/CallbackInfoReturnable;)V has 0 override(s) in child classes
[08:47:56] [pool-16-thread-1/DEBUG] [mixin/]: lithium.mixins.json:world.game_events.dispatch.LevelChunkMixin from mod lithium->@Inject::initializeCollection(Lorg/spongepowered/asm/mixin/injection/callback/CallbackInfoReturnable;)V won't be passed a CallbackInfoReturnable as a result
[08:47:56] [pool-16-thread-1/DEBUG] [mixin/]: Mixing entity.inactive_navigations.PathNavigationMixin from lithium.mixins.json into net.minecraft.world.entity.ai.navigation.PathNavigation
[08:47:56] [pool-16-thread-1/DEBUG] [mixin/]: lithium.mixins.json:entity.inactive_navigations.PathNavigationMixin from mod lithium->@Inject::updateListeningState(Lorg/spongepowered/asm/mixin/injection/callback/CallbackInfo;)V doesn't use it's CallbackInfo
[08:47:56] [pool-16-thread-1/DEBUG] [mixin/]: lithium.mixins.json:entity.inactive_navigations.PathNavigationMixin from mod lithium->@Inject::updateListeningState(Lorg/spongepowered/asm/mixin/injection/callback/CallbackInfo;)V has 0 override(s) in child classes
[08:47:56] [pool-16-thread-1/DEBUG] [mixin/]: lithium.mixins.json:entity.inactive_navigations.PathNavigationMixin from mod lithium->@Inject::updateListeningState(Lorg/spongepowered/asm/mixin/injection/callback/CallbackInfo;)V won't be passed a CallbackInfo as a result
[08:47:56] [pool-16-thread-1/DEBUG] [mixin/]: lithium.mixins.json:entity.inactive_navigations.PathNavigationMixin from mod lithium->@Inject::updateListeningState2(Lnet/minecraft/world/level/pathfinder/Path;DLorg/spongepowered/asm/mixin/injection/callback/CallbackInfoReturnable;)V doesn't use it's CallbackInfoReturnable
[08:47:56] [pool-16-thread-1/DEBUG] [mixin/]: lithium.mixins.json:entity.inactive_navigations.PathNavigationMixin from mod lithium->@Inject::updateListeningState2(Lnet/minecraft/world/level/pathfinder/Path;DLorg/spongepowered/asm/mixin/injection/callback/CallbackInfoReturnable;)V has 0 override(s) in child classes
[08:47:56] [pool-16-thread-1/DEBUG] [mixin/]: lithium.mixins.json:entity.inactive_navigations.PathNavigationMixin from mod lithium->@Inject::updateListeningState2(Lnet/minecraft/world/level/pathfinder/Path;DLorg/spongepowered/asm/mixin/injection/callback/CallbackInfoReturnable;)V won't be passed a CallbackInfoReturnable as a result
[08:47:56] [pool-16-thread-1/DEBUG] [mixin/]: lithium.mixins.json:entity.inactive_navigations.PathNavigationMixin from mod lithium->@Inject::updateListeningState2(Lnet/minecraft/world/level/pathfinder/Path;DLorg/spongepowered/asm/mixin/injection/callback/CallbackInfoReturnable;)V doesn't use it's CallbackInfoReturnable
[08:47:56] [pool-16-thread-1/DEBUG] [mixin/]: lithium.mixins.json:entity.inactive_navigations.PathNavigationMixin from mod lithium->@Inject::updateListeningState2(Lnet/minecraft/world/level/pathfinder/Path;DLorg/spongepowered/asm/mixin/injection/callback/CallbackInfoReturnable;)V has 0 override(s) in child classes
[08:47:56] [pool-16-thread-1/DEBUG] [mixin/]: lithium.mixins.json:entity.inactive_navigations.PathNavigationMixin from mod lithium->@Inject::updateListeningState2(Lnet/minecraft/world/level/pathfinder/Path;DLorg/spongepowered/asm/mixin/injection/callback/CallbackInfoReturnable;)V won't be passed a CallbackInfoReturnable as a result
[08:47:56] [pool-16-thread-1/DEBUG] [mixin/]: lithium.mixins.json:entity.inactive_navigations.PathNavigationMixin from mod lithium->@Inject::updateListeningState2(Lnet/minecraft/world/level/pathfinder/Path;DLorg/spongepowered/asm/mixin/injection/callback/CallbackInfoReturnable;)V doesn't use it's CallbackInfoReturnable
[08:47:56] [pool-16-thread-1/DEBUG] [mixin/]: lithium.mixins.json:entity.inactive_navigations.PathNavigationMixin from mod lithium->@Inject::updateListeningState2(Lnet/minecraft/world/level/pathfinder/Path;DLorg/spongepowered/asm/mixin/injection/callback/CallbackInfoReturnable;)V has 0 override(s) in child classes
[08:47:56] [pool-16-thread-1/DEBUG] [mixin/]: lithium.mixins.json:entity.inactive_navigations.PathNavigationMixin from mod lithium->@Inject::updateListeningState2(Lnet/minecraft/world/level/pathfinder/Path;DLorg/spongepowered/asm/mixin/injection/callback/CallbackInfoReturnable;)V won't be passed a CallbackInfoReturnable as a result
[08:47:56] [pool-16-thread-1/DEBUG] [mixin/]: lithium.mixins.json:entity.inactive_navigations.PathNavigationMixin from mod lithium->@Inject::updateListeningState2(Lnet/minecraft/world/level/pathfinder/Path;DLorg/spongepowered/asm/mixin/injection/callback/CallbackInfoReturnable;)V doesn't use it's CallbackInfoReturnable
[08:47:56] [pool-16-thread-1/DEBUG] [mixin/]: lithium.mixins.json:entity.inactive_navigations.PathNavigationMixin from mod lithium->@Inject::updateListeningState2(Lnet/minecraft/world/level/pathfinder/Path;DLorg/spongepowered/asm/mixin/injection/callback/CallbackInfoReturnable;)V has 0 override(s) in child classes
[08:47:56] [pool-16-thread-1/DEBUG] [mixin/]: lithium.mixins.json:entity.inactive_navigations.PathNavigationMixin from mod lithium->@Inject::updateListeningState2(Lnet/minecraft/world/level/pathfinder/Path;DLorg/spongepowered/asm/mixin/injection/callback/CallbackInfoReturnable;)V won't be passed a CallbackInfoReturnable as a result
[08:47:56] [pool-16-thread-1/DEBUG] [mixin/]: lithium.mixins.json:entity.inactive_navigations.PathNavigationMixin from mod lithium->@Inject::stopListening(Lorg/spongepowered/asm/mixin/injection/callback/CallbackInfo;)V doesn't use it's CallbackInfo
[08:47:56] [pool-16-thread-1/DEBUG] [mixin/]: lithium.mixins.json:entity.inactive_navigations.PathNavigationMixin from mod lithium->@Inject::stopListening(Lorg/spongepowered/asm/mixin/injection/callback/CallbackInfo;)V has 0 override(s) in child classes
[08:47:56] [pool-16-thread-1/DEBUG] [mixin/]: lithium.mixins.json:entity.inactive_navigations.PathNavigationMixin from mod lithium->@Inject::stopListening(Lorg/spongepowered/asm/mixin/injection/callback/CallbackInfo;)V won't be passed a CallbackInfo as a result
[08:47:56] [pool-16-thread-1/DEBUG] [mixin/]: Mixing entity.equipment_tracking.ArmorStandMixin from lithium.mixins.json into net.minecraft.world.entity.decoration.ArmorStand
[08:47:56] [pool-16-thread-1/DEBUG] [mixin/]: Mixing entity.replace_entitytype_predicates.ArmorStandMixin from lithium.mixins.json into net.minecraft.world.entity.decoration.ArmorStand
[08:47:56] [pool-16-thread-1/DEBUG] [mixin/]: Renaming synthetic method lambda$getMinecartsDirectly$0(Lnet/minecraft/world/entity/Entity;Lnet/minecraft/world/entity/Entity;)Z to md7ea5ce$lithium$lambda$getMinecartsDirectly$0$0 in lithium.mixins.json:entity.replace_entitytype_predicates.ArmorStandMixin from mod lithium
[08:47:56] [pool-16-thread-1/DEBUG] [mixin/]: Mixing block.hopper.ChestBoatMixin from lithium.mixins.json into net.minecraft.world.entity.vehicle.ChestBoat
[08:47:56] [pool-16-thread-1/DEBUG] [mixin/]: Mixing block.hopper.InventoryAccessors$AbstractMinecartContainerMixin from lithium.mixins.json into net.minecraft.world.entity.vehicle.AbstractMinecartContainer
[08:47:56] [pool-16-thread-1/DEBUG] [mixin/]: Mixing entity.inactive_navigations.DrownedMixin from lithium.mixins.json into net.minecraft.world.entity.monster.Drowned
[08:47:56] [pool-16-thread-1/DEBUG] [mixin/]: lithium.mixins.json:entity.inactive_navigations.DrownedMixin from mod lithium->@Inject::updateInactivityState(Lorg/spongepowered/asm/mixin/injection/callback/CallbackInfo;)V doesn't use it's CallbackInfo
[08:47:56] [pool-16-thread-1/DEBUG] [mixin/]: lithium.mixins.json:entity.inactive_navigations.DrownedMixin from mod lithium->@Inject::updateInactivityState(Lorg/spongepowered/asm/mixin/injection/callback/CallbackInfo;)V has 0 override(s) in child classes
[08:47:56] [pool-16-thread-1/DEBUG] [mixin/]: lithium.mixins.json:entity.inactive_navigations.DrownedMixin from mod lithium->@Inject::updateInactivityState(Lorg/spongepowered/asm/mixin/injection/callback/CallbackInfo;)V won't be passed a CallbackInfo as a result
[08:47:56] [pool-16-thread-1/DEBUG] [mixin/]: lithium.mixins.json:entity.inactive_navigations.DrownedMixin from mod lithium->@Inject::updateInactivityState(Lorg/spongepowered/asm/mixin/injection/callback/CallbackInfo;)V doesn't use it's CallbackInfo
[08:47:56] [pool-16-thread-1/DEBUG] [mixin/]: lithium.mixins.json:entity.inactive_navigations.DrownedMixin from mod lithium->@Inject::updateInactivityState(Lorg/spongepowered/asm/mixin/injection/callback/CallbackInfo;)V has 0 override(s) in child classes
[08:47:56] [pool-16-thread-1/DEBUG] [mixin/]: lithium.mixins.json:entity.inactive_navigations.DrownedMixin from mod lithium->@Inject::updateInactivityState(Lorg/spongepowered/asm/mixin/injection/callback/CallbackInfo;)V won't be passed a CallbackInfo as a result
[08:47:56] [pool-16-thread-1/DEBUG] [mixin/]: Mixing entity.inactive_navigations.DrownedEntityLeaveWaterGoalMixin from lithium.mixins.json into net.minecraft.world.entity.monster.Drowned$DrownedGoToBeachGoal
[08:47:56] [pool-16-thread-1/DEBUG] [mixin/]: lithium.mixins.json:entity.inactive_navigations.DrownedEntityLeaveWaterGoalMixin from mod lithium->@Inject::updateInactivityState(Lorg/spongepowered/asm/mixin/injection/callback/CallbackInfo;)V doesn't use it's CallbackInfo
[08:47:56] [pool-16-thread-1/DEBUG] [mixin/]: lithium.mixins.json:entity.inactive_navigations.DrownedEntityLeaveWaterGoalMixin from mod lithium->@Inject::updateInactivityState(Lorg/spongepowered/asm/mixin/injection/callback/CallbackInfo;)V has 0 override(s) in child classes
[08:47:56] [pool-16-thread-1/DEBUG] [mixin/]: lithium.mixins.json:entity.inactive_navigations.DrownedEntityLeaveWaterGoalMixin from mod lithium->@Inject::updateInactivityState(Lorg/spongepowered/asm/mixin/injection/callback/CallbackInfo;)V won't be passed a CallbackInfo as a result
[08:47:56] [pool-16-thread-1/DEBUG] [mixin/]: Mixing ai.raid.RaiderMixin from lithium.mixins.json into net.minecraft.world.entity.raid.Raider
[08:47:56] [pool-16-thread-1/DEBUG] [mixin/]: Renaming synthetic method lambda$static$0(Lnet/minecraft/world/entity/item/ItemEntity;)Z to md7ea5ce$lithium$lambda$static$0$0 in lithium.mixins.json:ai.raid.RaiderMixin from mod lithium
[08:47:56] [pool-16-thread-1/DEBUG] [mixin/]: Mixing ai.raid.Raider$ObtainRaidLeaderBannerGoalMixin from lithium.mixins.json into net.minecraft.world.entity.raid.Raider$ObtainRaidLeaderBannerGoal
[08:47:56] [pool-16-thread-1/DEBUG] [mixin/]: Mixing ai.poi.tasks.RaiderEntityAttackHomeGoalMixin from lithium.mixins.json into net.minecraft.world.entity.raid.Raider$RaiderMoveThroughVillageGoal
[08:47:56] [pool-16-thread-1/DEBUG] [mixin/]: Mixing entity.replace_entitytype_predicates.ItemFrameMixin from lithium.mixins.json into net.minecraft.world.entity.decoration.ItemFrame
[08:47:56] [pool-16-thread-1/DEBUG] [mixin/]: Renaming synthetic method lambda$getAbstractDecorationEntities$0(Lnet/minecraft/world/entity/Entity;Lnet/minecraft/world/entity/decoration/HangingEntity;)Z to md7ea5ce$lithium$lambda$getAbstractDecorationEntities$0$0 in lithium.mixins.json:entity.replace_entitytype_predicates.ItemFrameMixin from mod lithium
[08:47:56] [pool-16-thread-1/DEBUG] [mixin/]: Mixing entity.replace_entitytype_predicates.HangingEntityMixin from lithium.mixins.json into net.minecraft.world.entity.decoration.HangingEntity
[08:47:56] [pool-16-thread-1/DEBUG] [mixin/]: Renaming synthetic method lambda$getAbstractDecorationEntities$0(Lnet/minecraft/world/entity/Entity;Lnet/minecraft/world/entity/decoration/HangingEntity;)Z to md7ea5ce$lithium$lambda$getAbstractDecorationEntities$0$0 in lithium.mixins.json:entity.replace_entitytype_predicates.HangingEntityMixin from mod lithium
[08:47:56] [pool-16-thread-1/DEBUG] [mixin/]: Mixing ai.useless_sensors.goat_item_sensor.GoatMixin from lithium.mixins.json into net.minecraft.world.entity.animal.goat.Goat
[08:47:56] [pool-16-thread-1/DEBUG] [mixin/]: lithium.mixins.json:ai.useless_sensors.goat_item_sensor.GoatMixin from mod lithium->@Inject::disableItemSensor(Lorg/spongepowered/asm/mixin/injection/callback/CallbackInfo;)V doesn't use it's CallbackInfo
[08:47:56] [pool-16-thread-1/DEBUG] [mixin/]: lithium.mixins.json:ai.useless_sensors.goat_item_sensor.GoatMixin from mod lithium->@Inject::disableItemSensor(Lorg/spongepowered/asm/mixin/injection/callback/CallbackInfo;)V has 0 override(s) in child classes
[08:47:56] [pool-16-thread-1/DEBUG] [mixin/]: lithium.mixins.json:ai.useless_sensors.goat_item_sensor.GoatMixin from mod lithium->@Inject::disableItemSensor(Lorg/spongepowered/asm/mixin/injection/callback/CallbackInfo;)V won't be passed a CallbackInfo as a result
[08:47:56] [pool-16-thread-1/DEBUG] [mixin/]: Mixing entity.replace_entitytype_predicates.GolemRandomStrollInVillageGoalMixin from lithium.mixins.json into net.minecraft.world.entity.ai.goal.GolemRandomStrollInVillageGoal
[08:47:56] [pool-16-thread-1/DEBUG] [mixin/]: Mixing entity.replace_entitytype_predicates.LlamaFollowCaravanGoalMixin from lithium.mixins.json into net.minecraft.world.entity.ai.goal.LlamaFollowCaravanGoal
[08:47:56] [pool-16-thread-1/DEBUG] [mixin/]: Renaming synthetic method lambda$getLlamasForCaravan$0(Lnet/minecraft/world/entity/Entity;Lnet/minecraft/world/entity/animal/horse/Llama;)Z to md7ea5ce$lithium$lambda$getLlamasForCaravan$0$0 in lithium.mixins.json:entity.replace_entitytype_predicates.LlamaFollowCaravanGoalMixin from mod lithium
[08:47:56] [pool-16-thread-1/DEBUG] [mixin/]: Mixing entity.collisions.unpushable_cramming.EntitySelectorMixin from lithium.mixins.json into net.minecraft.world.entity.EntitySelector
[08:47:57] [pool-16-thread-1/DEBUG] [mixin/]: Mixing world.combined_heightmap_update.HeightmapAccessor from lithium.mixins.json into net.minecraft.world.level.levelgen.Heightmap
[08:47:57] [pool-16-thread-1/DEBUG] [mixin/]: Mixing MixinBiomes from mixins.iris.json into net.minecraft.world.level.biome.Biomes
[08:47:57] [pool-16-thread-1/DEBUG] [mixin/]: mixins.iris.json:MixinBiomes from mod iris: Class version 65 required is higher than the class version supported by the current version of Mixin (JAVA_8 supports class version 52)
[08:47:57] [pool-16-thread-1/DEBUG] [mixin/]: mixins.iris.json:MixinBiomes from mod iris->@Inject::iris$registerBiome(Ljava/lang/String;Lorg/spongepowered/asm/mixin/injection/callback/CallbackInfoReturnable;)V does use it's CallbackInfoReturnable
[08:47:57] [pool-16-thread-1/DEBUG] [mixin/]: Mixing ai.useless_sensors.SensorAccessor from lithium.mixins.json into net.minecraft.world.entity.ai.sensing.Sensor
[08:47:57] [pool-16-thread-1/DEBUG] [mixin/]: Mixing ai.sensor.secondary_poi.SecondaryPoiSensorMixin from lithium.mixins.json into net.minecraft.world.entity.ai.sensing.SecondaryPoiSensor
[08:47:57] [pool-16-thread-1/DEBUG] [mixin/]: lithium.mixins.json:ai.sensor.secondary_poi.SecondaryPoiSensorMixin from mod lithium->@Inject::skipUselessSense(Lnet/minecraft/server/level/ServerLevel;Lnet/minecraft/world/entity/npc/Villager;Lorg/spongepowered/asm/mixin/injection/callback/CallbackInfo;)V does use it's CallbackInfo
[08:47:57] [pool-16-thread-1/DEBUG] [mixin/]: Mixing minimal_nonvanilla.ai.sensor.frog_attackables.FrogAttackablesSensorMixin from lithium.mixins.json into net.minecraft.world.entity.ai.sensing.FrogAttackablesSensor
[08:47:57] [pool-16-thread-1/DEBUG] [mixin/]: Mixing collections.mob_spawning.WeightedRandomListMixin from lithium.mixins.json into net.minecraft.util.random.WeightedRandomList
[08:47:57] [pool-16-thread-1/DEBUG] [mixin/]: lithium.mixins.json:collections.mob_spawning.WeightedRandomListMixin from mod lithium->@Inject::init(Ljava/util/List;Lorg/spongepowered/asm/mixin/injection/callback/CallbackInfo;)V doesn't use it's CallbackInfo
[08:47:57] [pool-16-thread-1/DEBUG] [mixin/]: lithium.mixins.json:collections.mob_spawning.WeightedRandomListMixin from mod lithium->@Inject::init(Ljava/util/List;Lorg/spongepowered/asm/mixin/injection/callback/CallbackInfo;)V has 0 override(s) in child classes
[08:47:57] [pool-16-thread-1/DEBUG] [mixin/]: lithium.mixins.json:collections.mob_spawning.WeightedRandomListMixin from mod lithium->@Inject::init(Ljava/util/List;Lorg/spongepowered/asm/mixin/injection/callback/CallbackInfo;)V won't be passed a CallbackInfo as a result
[08:47:57] [pool-16-thread-1/DEBUG] [mixin/]: Mixing DimensionTypeAccessor from mixins.iris.json into net.minecraft.world.level.dimension.DimensionType
[08:47:57] [pool-16-thread-1/DEBUG] [mixin/]: mixins.iris.json:DimensionTypeAccessor from mod iris: Class version 65 required is higher than the class version supported by the current version of Mixin (JAVA_8 supports class version 52)
[08:47:57] [pool-16-thread-1/DEBUG] [mixin/]: Mixing collections.mob_spawning.MobSpawnSettingsMixin from lithium.mixins.json into net.minecraft.world.level.biome.MobSpawnSettings
[08:47:57] [pool-16-thread-1/DEBUG] [mixin/]: lithium.mixins.json:collections.mob_spawning.MobSpawnSettingsMixin from mod lithium->@Inject::reinit(FLjava/util/Map;Ljava/util/Map;Lorg/spongepowered/asm/mixin/injection/callback/CallbackInfo;)V doesn't use it's CallbackInfo
[08:47:57] [pool-16-thread-1/DEBUG] [mixin/]: lithium.mixins.json:collections.mob_spawning.MobSpawnSettingsMixin from mod lithium->@Inject::reinit(FLjava/util/Map;Ljava/util/Map;Lorg/spongepowered/asm/mixin/injection/callback/CallbackInfo;)V has 0 override(s) in child classes
[08:47:57] [pool-16-thread-1/DEBUG] [mixin/]: lithium.mixins.json:collections.mob_spawning.MobSpawnSettingsMixin from mod lithium->@Inject::reinit(FLjava/util/Map;Ljava/util/Map;Lorg/spongepowered/asm/mixin/injection/callback/CallbackInfo;)V won't be passed a CallbackInfo as a result
[08:47:57] [pool-16-thread-1/DEBUG] [ne.ne.ne.re.GameData/REGISTRIES]: Creating vanilla freeze snapshot
[08:47:57] [pool-16-thread-1/DEBUG] [ne.ne.ne.re.GameData/REGISTRIES]: Vanilla freeze snapshot created
[08:47:57] [main/DEBUG] [mixin/]: Mixing collections.gamerules.GameRulesMixin from lithium.mixins.json into net.minecraft.world.level.GameRules
[08:47:57] [main/DEBUG] [mixin/]: lithium.mixins.json:collections.gamerules.GameRulesMixin from mod lithium->@Inject::reinitializeMap(Lorg/spongepowered/asm/mixin/injection/callback/CallbackInfo;)V doesn't use it's CallbackInfo
[08:47:57] [main/DEBUG] [mixin/]: lithium.mixins.json:collections.gamerules.GameRulesMixin from mod lithium->@Inject::reinitializeMap(Lorg/spongepowered/asm/mixin/injection/callback/CallbackInfo;)V has 0 override(s) in child classes
[08:47:57] [main/DEBUG] [mixin/]: lithium.mixins.json:collections.gamerules.GameRulesMixin from mod lithium->@Inject::reinitializeMap(Lorg/spongepowered/asm/mixin/injection/callback/CallbackInfo;)V won't be passed a CallbackInfo as a result
[08:47:57] [main/DEBUG] [mixin/]: lithium.mixins.json:collections.gamerules.GameRulesMixin from mod lithium->@Inject::reinitializeMap(Ljava/util/Map;Lorg/spongepowered/asm/mixin/injection/callback/CallbackInfo;)V doesn't use it's CallbackInfo
[08:47:57] [main/DEBUG] [mixin/]: lithium.mixins.json:collections.gamerules.GameRulesMixin from mod lithium->@Inject::reinitializeMap(Ljava/util/Map;Lorg/spongepowered/asm/mixin/injection/callback/CallbackInfo;)V has 0 override(s) in child classes
[08:47:57] [main/DEBUG] [mixin/]: lithium.mixins.json:collections.gamerules.GameRulesMixin from mod lithium->@Inject::reinitializeMap(Ljava/util/Map;Lorg/spongepowered/asm/mixin/injection/callback/CallbackInfo;)V won't be passed a CallbackInfo as a result
[08:47:57] [main/DEBUG] [mixin/]: Mixing minimal_nonvanilla.spawning.ServerChunkCacheMixin from lithium.mixins.json into net.minecraft.server.level.ServerChunkCache
[08:47:57] [main/DEBUG] [mixin/]: Mixing world.chunk_access.ServerChunkCacheMixin from lithium.mixins.json into net.minecraft.server.level.ServerChunkCache
[08:47:57] [main/DEBUG] [mixin/]: Renaming synthetic method lambda$getChunkOffThread$0(IILnet/minecraft/world/level/chunk/status/ChunkStatus;Z)Lnet/minecraft/world/level/chunk/ChunkAccess; to md7ea5ce$lithium$lambda$getChunkOffThread$0$0 in lithium.mixins.json:world.chunk_access.ServerChunkCacheMixin from mod lithium
[08:47:57] [main/DEBUG] [mixin/]: lithium.mixins.json:world.chunk_access.ServerChunkCacheMixin from mod lithium->@Inject::preTick(Ljava/util/function/BooleanSupplier;ZLorg/spongepowered/asm/mixin/injection/callback/CallbackInfo;)V doesn't use it's CallbackInfo
[08:47:57] [main/DEBUG] [mixin/]: lithium.mixins.json:world.chunk_access.ServerChunkCacheMixin from mod lithium->@Inject::preTick(Ljava/util/function/BooleanSupplier;ZLorg/spongepowered/asm/mixin/injection/callback/CallbackInfo;)V has 0 override(s) in child classes
[08:47:57] [main/DEBUG] [mixin/]: lithium.mixins.json:world.chunk_access.ServerChunkCacheMixin from mod lithium->@Inject::preTick(Ljava/util/function/BooleanSupplier;ZLorg/spongepowered/asm/mixin/injection/callback/CallbackInfo;)V won't be passed a CallbackInfo as a result
[08:47:57] [main/DEBUG] [mixin/]: lithium.mixins.json:world.chunk_access.ServerChunkCacheMixin from mod lithium->@Inject::onCachesCleared(Lorg/spongepowered/asm/mixin/injection/callback/CallbackInfo;)V doesn't use it's CallbackInfo
[08:47:57] [main/DEBUG] [mixin/]: lithium.mixins.json:world.chunk_access.ServerChunkCacheMixin from mod lithium->@Inject::onCachesCleared(Lorg/spongepowered/asm/mixin/injection/callback/CallbackInfo;)V has 0 override(s) in child classes
[08:47:57] [main/DEBUG] [mixin/]: lithium.mixins.json:world.chunk_access.ServerChunkCacheMixin from mod lithium->@Inject::onCachesCleared(Lorg/spongepowered/asm/mixin/injection/callback/CallbackInfo;)V won't be passed a CallbackInfo as a result
[08:47:58] [main/DEBUG] [mixin/]: Mixing block.hopper.EntityDataAccessorMixin from lithium.mixins.json into net.minecraft.server.commands.data.EntityDataAccessor
[08:47:58] [main/DEBUG] [mixin/]: lithium.mixins.json:block.hopper.EntityDataAccessorMixin from mod lithium->@Inject::updateEntityTrackerEngine(Lnet/minecraft/nbt/CompoundTag;Lorg/spongepowered/asm/mixin/injection/callback/CallbackInfo;)V doesn't use it's CallbackInfo
[08:47:58] [main/DEBUG] [mixin/]: lithium.mixins.json:block.hopper.EntityDataAccessorMixin from mod lithium->@Inject::updateEntityTrackerEngine(Lnet/minecraft/nbt/CompoundTag;Lorg/spongepowered/asm/mixin/injection/callback/CallbackInfo;)V has 0 override(s) in child classes
[08:47:58] [main/DEBUG] [mixin/]: lithium.mixins.json:block.hopper.EntityDataAccessorMixin from mod lithium->@Inject::updateEntityTrackerEngine(Lnet/minecraft/nbt/CompoundTag;Lorg/spongepowered/asm/mixin/injection/callback/CallbackInfo;)V won't be passed a CallbackInfo as a result
[08:47:58] [main/WARN] [minecraft/Commands]: Ambiguity between arguments [teleport, location] and [teleport, destination] with inputs: [0.1 -0.5 .9, 0 0 0]
[08:47:58] [main/WARN] [minecraft/Commands]: Ambiguity between arguments [teleport, location] and [teleport, targets] with inputs: [0.1 -0.5 .9, 0 0 0]
[08:47:58] [main/WARN] [minecraft/Commands]: Ambiguity between arguments [teleport, destination] and [teleport, targets] with inputs: [Player, 0123, @e, dd12be42-52a9-4a91-a8a1-11c01849e498]
[08:47:58] [main/WARN] [minecraft/Commands]: Ambiguity between arguments [teleport, targets] and [teleport, destination] with inputs: [Player, 0123, dd12be42-52a9-4a91-a8a1-11c01849e498]
[08:47:58] [main/WARN] [minecraft/Commands]: Ambiguity between arguments [teleport, targets, location] and [teleport, targets, destination] with inputs: [0.1 -0.5 .9, 0 0 0]
[08:47:58] [Render thread/DEBUG] [mixin/]: Mixing workarounds.event_loop.RenderSystemMixin from sodium-common.mixins.json into com.mojang.blaze3d.systems.RenderSystem
[08:47:58] [Render thread/DEBUG] [mixin/]: sodium-common.mixins.json:workarounds.event_loop.RenderSystemMixin from mod sodium: Class version 65 required is higher than the class version supported by the current version of Mixin (JAVA_17 supports class version 61)
[08:47:58] [Render thread/DEBUG] [mixin/]: Mixing MixinGlStateManager from mixins.iris.json into com.mojang.blaze3d.systems.RenderSystem
[08:47:58] [Render thread/DEBUG] [mixin/]: mixins.iris.json:MixinGlStateManager from mod iris: Class version 65 required is higher than the class version supported by the current version of Mixin (JAVA_8 supports class version 52)
[08:47:58] [Render thread/DEBUG] [mixin/]: Mixing MixinRenderSystem from mixins.iris.json into com.mojang.blaze3d.systems.RenderSystem
[08:47:58] [Render thread/DEBUG] [mixin/]: mixins.iris.json:MixinRenderSystem from mod iris: Class version 65 required is higher than the class version supported by the current version of Mixin (JAVA_8 supports class version 52)
[08:47:58] [Render thread/DEBUG] [mixin/]: Mixing statelisteners.MixinRenderSystem from mixins.iris.json into com.mojang.blaze3d.systems.RenderSystem
[08:47:58] [Render thread/DEBUG] [mixin/]: mixins.iris.json:statelisteners.MixinRenderSystem from mod iris: Class version 65 required is higher than the class version supported by the current version of Mixin (JAVA_8 supports class version 52)
[08:47:58] [Render thread/DEBUG] [mixin/]: Renaming synthetic method lambda$static$1(Ljava/lang/Runnable;)V to md7ea5ce$iris$lambda$static$1$0 in mixins.iris.json:statelisteners.MixinRenderSystem from mod iris
[08:47:58] [Render thread/DEBUG] [mixin/]: Renaming synthetic method lambda$static$0(Ljava/lang/Runnable;)V to md7ea5ce$iris$lambda$static$0$1 in mixins.iris.json:statelisteners.MixinRenderSystem from mod iris
[08:47:58] [Render thread/DEBUG] [mixin/]: Mixing minecraft.MixinRenderSystem from client.voxy.mixins.json into com.mojang.blaze3d.systems.RenderSystem
[08:47:58] [Render thread/DEBUG] [mixin/]: client.voxy.mixins.json:minecraft.MixinRenderSystem from mod voxy: Class version 65 required is higher than the class version supported by the current version of Mixin (JAVA_17 supports class version 61)
[08:47:58] [Render thread/DEBUG] [mixin/]: client.voxy.mixins.json:minecraft.MixinRenderSystem from mod voxy->@Inject::voxy$injectInit(IZLorg/spongepowered/asm/mixin/injection/callback/CallbackInfo;)V doesn't use it's CallbackInfo
[08:47:58] [Render thread/DEBUG] [mixin/]: mixins.iris.json:MixinRenderSystem from mod iris->@Inject::iris$onRendererInit(IZLorg/spongepowered/asm/mixin/injection/callback/CallbackInfo;)V doesn't use it's CallbackInfo
[08:47:58] [Render thread/DEBUG] [mixin/]: mixins.iris.json:MixinRenderSystem from mod iris->@Inject::_setShaderTexture(ILnet/minecraft/resources/ResourceLocation;Lorg/spongepowered/asm/mixin/injection/callback/CallbackInfo;)V doesn't use it's CallbackInfo
[08:47:58] [Render thread/DEBUG] [mixin/]: mixins.iris.json:MixinRenderSystem from mod iris->@Inject::_setShaderTexture(IILorg/spongepowered/asm/mixin/injection/callback/CallbackInfo;)V doesn't use it's CallbackInfo
[08:47:58] [Render thread/DEBUG] [mixin/]: mixins.iris.json:statelisteners.MixinRenderSystem from mod iris->@Inject::iris$onFogStart(FLorg/spongepowered/asm/mixin/injection/callback/CallbackInfo;)V doesn't use it's CallbackInfo
[08:47:58] [Render thread/DEBUG] [mixin/]: mixins.iris.json:statelisteners.MixinRenderSystem from mod iris->@Inject::iris$onFogEnd(FLorg/spongepowered/asm/mixin/injection/callback/CallbackInfo;)V doesn't use it's CallbackInfo
[08:47:58] [Render thread/DEBUG] [mixin/]: Mixing MixinByteBufferBuilder from mixins.iris.json into com.mojang.blaze3d.vertex.ByteBufferBuilder
[08:47:58] [Render thread/DEBUG] [mixin/]: mixins.iris.json:MixinByteBufferBuilder from mod iris: Class version 65 required is higher than the class version supported by the current version of Mixin (JAVA_8 supports class version 52)
[08:47:58] [Render thread/DEBUG] [mixin/]: Mixing MixinByteBufferBuilder from iris-batched-entity-rendering.mixins.json into com.mojang.blaze3d.vertex.ByteBufferBuilder
[08:47:58] [Render thread/DEBUG] [mixin/]: iris-batched-entity-rendering.mixins.json:MixinByteBufferBuilder from mod iris: Class version 65 required is higher than the class version supported by the current version of Mixin (JAVA_8 supports class version 52)
[08:47:58] [Render thread/DEBUG] [mixin/]: Mixing features.render.immediate.buffer_builder.sorting.VertexSortingMixin from sodium-common.mixins.json into com.mojang.blaze3d.vertex.VertexSorting
[08:47:58] [Render thread/DEBUG] [mixin/]: sodium-common.mixins.json:features.render.immediate.buffer_builder.sorting.VertexSortingMixin from mod sodium: Class version 65 required is higher than the class version supported by the current version of Mixin (JAVA_17 supports class version 61)
[08:47:58] [Render thread/DEBUG] [mixin/]: Mixing features.render.compositing.RenderTargetMixin from sodium-common.mixins.json into com.mojang.blaze3d.pipeline.RenderTarget
[08:47:58] [Render thread/DEBUG] [mixin/]: sodium-common.mixins.json:features.render.compositing.RenderTargetMixin from mod sodium: Class version 65 required is higher than the class version supported by the current version of Mixin (JAVA_17 supports class version 61)
[08:47:58] [Render thread/DEBUG] [mixin/]: Mixing MixinRenderTarget from mixins.iris.json into com.mojang.blaze3d.pipeline.RenderTarget
[08:47:58] [Render thread/DEBUG] [mixin/]: mixins.iris.json:MixinRenderTarget from mod iris: Class version 65 required is higher than the class version supported by the current version of Mixin (JAVA_8 supports class version 52)
[08:47:58] [Render thread/DEBUG] [mixin/]: Mixing state_tracking.MixinRenderTarget from mixins.iris.json into com.mojang.blaze3d.pipeline.RenderTarget
[08:47:58] [Render thread/DEBUG] [mixin/]: mixins.iris.json:state_tracking.MixinRenderTarget from mod iris: Class version 65 required is higher than the class version supported by the current version of Mixin (JAVA_8 supports class version 52)
[08:47:58] [Render thread/DEBUG] [mixin/]: Renaming synthetic method lambda$iris$onBindFramebuffer$0(ZLnet/irisshaders/iris/pipeline/WorldRenderingPipeline;)V to md7ea5ce$iris$lambda$iris$onBindFramebuffer$0$0 in mixins.iris.json:state_tracking.MixinRenderTarget from mod iris
[08:47:58] [Render thread/DEBUG] [mixin/]: sodium-common.mixins.json:features.render.compositing.RenderTargetMixin from mod sodium->@Inject::blitToScreen(IIZLorg/spongepowered/asm/mixin/injection/callback/CallbackInfo;)V does use it's CallbackInfo
[08:47:58] [Render thread/DEBUG] [mixin/]: mixins.iris.json:MixinRenderTarget from mod iris->@Inject::iris$onDestroyBuffers(Lorg/spongepowered/asm/mixin/injection/callback/CallbackInfo;)V doesn't use it's CallbackInfo
[08:47:58] [Render thread/DEBUG] [mixin/]: mixins.iris.json:MixinRenderTarget from mod iris->@Inject::iris$onDestroyBuffers(Lorg/spongepowered/asm/mixin/injection/callback/CallbackInfo;)V has 0 override(s) in child classes
[08:47:58] [Render thread/DEBUG] [mixin/]: mixins.iris.json:MixinRenderTarget from mod iris->@Inject::iris$onDestroyBuffers(Lorg/spongepowered/asm/mixin/injection/callback/CallbackInfo;)V won't be passed a CallbackInfo as a result
[08:47:58] [Render thread/DEBUG] [mixin/]: mixins.iris.json:MixinRenderTarget from mod iris->@Inject::nameDepthBuffer(IIZLorg/spongepowered/asm/mixin/injection/callback/CallbackInfo;)V doesn't use it's CallbackInfo
[08:47:58] [Render thread/DEBUG] [mixin/]: mixins.iris.json:MixinRenderTarget from mod iris->@Inject::nameDepthBuffer(IIZLorg/spongepowered/asm/mixin/injection/callback/CallbackInfo;)V has 0 override(s) in child classes
[08:47:58] [Render thread/DEBUG] [mixin/]: mixins.iris.json:MixinRenderTarget from mod iris->@Inject::nameDepthBuffer(IIZLorg/spongepowered/asm/mixin/injection/callback/CallbackInfo;)V won't be passed a CallbackInfo as a result
[08:47:58] [Render thread/DEBUG] [mixin/]: mixins.iris.json:state_tracking.MixinRenderTarget from mod iris->@Inject::iris$onBindFramebuffer(ZLorg/spongepowered/asm/mixin/injection/callback/CallbackInfo;)V doesn't use it's CallbackInfo
[08:47:58] [Render thread/DEBUG] [mixin/]: mixins.iris.json:state_tracking.MixinRenderTarget from mod iris->@Inject::iris$onBindFramebuffer(ZLorg/spongepowered/asm/mixin/injection/callback/CallbackInfo;)V has 0 override(s) in child classes
[08:47:58] [Render thread/DEBUG] [mixin/]: mixins.iris.json:state_tracking.MixinRenderTarget from mod iris->@Inject::iris$onBindFramebuffer(ZLorg/spongepowered/asm/mixin/injection/callback/CallbackInfo;)V won't be passed a CallbackInfo as a result
[08:47:58] [Render thread/DEBUG] [mixin/]: Mixing core.world.biome.ClientLevelMixin from sodium-common.mixins.json into net.minecraft.client.multiplayer.ClientLevel
[08:47:58] [Render thread/DEBUG] [mixin/]: sodium-common.mixins.json:core.world.biome.ClientLevelMixin from mod sodium: Class version 65 required is higher than the class version supported by the current version of Mixin (JAVA_17 supports class version 61)
[08:47:58] [Render thread/DEBUG] [mixin/]: Mixing core.world.map.ClientLevelMixin from sodium-common.mixins.json into net.minecraft.client.multiplayer.ClientLevel
[08:47:58] [Render thread/DEBUG] [mixin/]: sodium-common.mixins.json:core.world.map.ClientLevelMixin from mod sodium: Class version 65 required is higher than the class version supported by the current version of Mixin (JAVA_17 supports class version 61)
[08:47:58] [Render thread/DEBUG] [mixin/]: Mixing chunk.entity_class_groups.ClientLevelMixin from lithium.mixins.json into net.minecraft.client.multiplayer.ClientLevel
[08:47:58] [Render thread/DEBUG] [mixin/]: Mixing block_rendering.MixinClientLevel from mixins.iris.vertexformat.json into net.minecraft.client.multiplayer.ClientLevel
[08:47:58] [Render thread/DEBUG] [mixin/]: mixins.iris.vertexformat.json:block_rendering.MixinClientLevel from mod iris: Class version 65 required is higher than the class version supported by the current version of Mixin (JAVA_8 supports class version 52)
[08:47:58] [Render thread/DEBUG] [mixin/]: Mixing minecraft.MixinClientWorld from client.voxy.mixins.json into net.minecraft.client.multiplayer.ClientLevel
[08:47:58] [Render thread/DEBUG] [mixin/]: client.voxy.mixins.json:minecraft.MixinClientWorld from mod voxy: Class version 65 required is higher than the class version supported by the current version of Mixin (JAVA_17 supports class version 61)
[08:47:58] [Render thread/DEBUG] [mixin/]: sodium-common.mixins.json:core.world.biome.ClientLevelMixin from mod sodium->@Inject::captureSeed(Lnet/minecraft/client/multiplayer/ClientPacketListener;Lnet/minecraft/client/multiplayer/ClientLevel$ClientLevelData;Lnet/minecraft/resources/ResourceKey;Lnet/minecraft/core/Holder;IILjava/util/function/Supplier;Lnet/minecraft/client/renderer/LevelRenderer;ZJLorg/spongepowered/asm/mixin/injection/callback/CallbackInfo;)V doesn't use it's CallbackInfo
[08:47:58] [Render thread/DEBUG] [mixin/]: sodium-common.mixins.json:core.world.biome.ClientLevelMixin from mod sodium->@Inject::captureSeed(Lnet/minecraft/client/multiplayer/ClientPacketListener;Lnet/minecraft/client/multiplayer/ClientLevel$ClientLevelData;Lnet/minecraft/resources/ResourceKey;Lnet/minecraft/core/Holder;IILjava/util/function/Supplier;Lnet/minecraft/client/renderer/LevelRenderer;ZJLorg/spongepowered/asm/mixin/injection/callback/CallbackInfo;)V has 0 override(s) in child classes
[08:47:58] [Render thread/DEBUG] [mixin/]: sodium-common.mixins.json:core.world.biome.ClientLevelMixin from mod sodium->@Inject::captureSeed(Lnet/minecraft/client/multiplayer/ClientPacketListener;Lnet/minecraft/client/multiplayer/ClientLevel$ClientLevelData;Lnet/minecraft/resources/ResourceKey;Lnet/minecraft/core/Holder;IILjava/util/function/Supplier;Lnet/minecraft/client/renderer/LevelRenderer;ZJLorg/spongepowered/asm/mixin/injection/callback/CallbackInfo;)V won't be passed a CallbackInfo as a result
[08:47:58] [Render thread/DEBUG] [mixin/]: sodium-common.mixins.json:core.world.map.ClientLevelMixin from mod sodium->@Inject::sodium$trackChunkUnload(Lnet/minecraft/world/level/chunk/LevelChunk;Lorg/spongepowered/asm/mixin/injection/callback/CallbackInfo;)V doesn't use it's CallbackInfo
[08:47:58] [Render thread/DEBUG] [mixin/]: sodium-common.mixins.json:core.world.map.ClientLevelMixin from mod sodium->@Inject::sodium$trackChunkUnload(Lnet/minecraft/world/level/chunk/LevelChunk;Lorg/spongepowered/asm/mixin/injection/callback/CallbackInfo;)V has 0 override(s) in child classes
[08:47:58] [Render thread/DEBUG] [mixin/]: sodium-common.mixins.json:core.world.map.ClientLevelMixin from mod sodium->@Inject::sodium$trackChunkUnload(Lnet/minecraft/world/level/chunk/LevelChunk;Lorg/spongepowered/asm/mixin/injection/callback/CallbackInfo;)V won't be passed a CallbackInfo as a result
[08:47:58] [Render thread/DEBUG] [mixin/]: client.voxy.mixins.json:minecraft.MixinClientWorld from mod voxy->@Inject::voxy$getBottom(Lnet/minecraft/client/multiplayer/ClientPacketListener;Lnet/minecraft/client/multiplayer/ClientLevel$ClientLevelData;Lnet/minecraft/resources/ResourceKey;Lnet/minecraft/core/Holder;IILjava/util/function/Supplier;Lnet/minecraft/client/renderer/LevelRenderer;ZJLorg/spongepowered/asm/mixin/injection/callback/CallbackInfo;)V doesn't use it's CallbackInfo
[08:47:58] [Render thread/DEBUG] [mixin/]: client.voxy.mixins.json:minecraft.MixinClientWorld from mod voxy->@Inject::voxy$getBottom(Lnet/minecraft/client/multiplayer/ClientPacketListener;Lnet/minecraft/client/multiplayer/ClientLevel$ClientLevelData;Lnet/minecraft/resources/ResourceKey;Lnet/minecraft/core/Holder;IILjava/util/function/Supplier;Lnet/minecraft/client/renderer/LevelRenderer;ZJLorg/spongepowered/asm/mixin/injection/callback/CallbackInfo;)V has 0 override(s) in child classes
[08:47:58] [Render thread/DEBUG] [mixin/]: client.voxy.mixins.json:minecraft.MixinClientWorld from mod voxy->@Inject::voxy$getBottom(Lnet/minecraft/client/multiplayer/ClientPacketListener;Lnet/minecraft/client/multiplayer/ClientLevel$ClientLevelData;Lnet/minecraft/resources/ResourceKey;Lnet/minecraft/core/Holder;IILjava/util/function/Supplier;Lnet/minecraft/client/renderer/LevelRenderer;ZJLorg/spongepowered/asm/mixin/injection/callback/CallbackInfo;)V won't be passed a CallbackInfo as a result
[08:47:58] [Render thread/DEBUG] [mixin/]: client.voxy.mixins.json:minecraft.MixinClientWorld from mod voxy->@Inject::voxy$injectIngestOnStateChange(Lnet/minecraft/core/BlockPos;Lnet/minecraft/world/level/block/state/BlockState;Lnet/minecraft/world/level/block/state/BlockState;Lorg/spongepowered/asm/mixin/injection/callback/CallbackInfo;)V doesn't use it's CallbackInfo
[08:47:58] [Render thread/DEBUG] [mixin/]: client.voxy.mixins.json:minecraft.MixinClientWorld from mod voxy->@Inject::voxy$injectIngestOnStateChange(Lnet/minecraft/core/BlockPos;Lnet/minecraft/world/level/block/state/BlockState;Lnet/minecraft/world/level/block/state/BlockState;Lorg/spongepowered/asm/mixin/injection/callback/CallbackInfo;)V has 0 override(s) in child classes
[08:47:58] [Render thread/DEBUG] [mixin/]: client.voxy.mixins.json:minecraft.MixinClientWorld from mod voxy->@Inject::voxy$injectIngestOnStateChange(Lnet/minecraft/core/BlockPos;Lnet/minecraft/world/level/block/state/BlockState;Lnet/minecraft/world/level/block/state/BlockState;Lorg/spongepowered/asm/mixin/injection/callback/CallbackInfo;)V won't be passed a CallbackInfo as a result
[08:47:58] [Render thread/DEBUG] [mixin/]: Mixing MixinTitleScreen from mixins.iris.json into net.minecraft.client.gui.screens.TitleScreen
[08:47:58] [Render thread/DEBUG] [mixin/]: mixins.iris.json:MixinTitleScreen from mod iris: Class version 65 required is higher than the class version supported by the current version of Mixin (JAVA_8 supports class version 52)
[08:47:58] [Render thread/DEBUG] [mixin/]: mixins.iris.json:MixinTitleScreen from mod iris->@Inject::iris$firstInit(Lorg/spongepowered/asm/mixin/injection/callback/CallbackInfo;)V doesn't use it's CallbackInfo
[08:47:58] [Render thread/DEBUG] [mixin/]: mixins.iris.json:MixinTitleScreen from mod iris->@Inject::iris$firstInit(Lorg/spongepowered/asm/mixin/injection/callback/CallbackInfo;)V has 0 override(s) in child classes
[08:47:58] [Render thread/DEBUG] [mixin/]: mixins.iris.json:MixinTitleScreen from mod iris->@Inject::iris$firstInit(Lorg/spongepowered/asm/mixin/injection/callback/CallbackInfo;)V won't be passed a CallbackInfo as a result
[08:47:58] [Render thread/DEBUG] [mixin/]: Mixing MixinLocalPlayer from mixins.iris.json into net.minecraft.client.player.LocalPlayer
[08:47:58] [Render thread/DEBUG] [mixin/]: mixins.iris.json:MixinLocalPlayer from mod iris: Class version 65 required is higher than the class version supported by the current version of Mixin (JAVA_8 supports class version 52)
[08:47:58] [Render thread/DEBUG] [mixin/]: Mixing features.gui.screen.LevelLoadingScreenMixin from sodium-common.mixins.json into net.minecraft.client.gui.screens.LevelLoadingScreen
[08:47:58] [Render thread/DEBUG] [mixin/]: sodium-common.mixins.json:features.gui.screen.LevelLoadingScreenMixin from mod sodium: Class version 65 required is higher than the class version supported by the current version of Mixin (JAVA_17 supports class version 61)
[08:47:58] [Render thread/DEBUG] [mixin/]: Renaming synthetic method lambda$renderChunks$0(Lit/unimi/dsi/fastutil/objects/Object2IntMap$Entry;)V to md7ea5ce$sodium$lambda$renderChunks$0$0 in sodium-common.mixins.json:features.gui.screen.LevelLoadingScreenMixin from mod sodium
[08:47:58] [Render thread/WARN] [minecraft/VanillaPackResourcesBuilder]: Assets URL 'union:/D:/mc/MODEVS/voxy-neoforge-version1.21.1/.gradle/repositories/ng_dummy_ng/net/neoforged/neoforge/21.1.172/neoforge-21.1.172.jar%23201!/assets/.mcassetsroot' uses unexpected schema
[08:47:58] [Render thread/WARN] [minecraft/VanillaPackResourcesBuilder]: Assets URL 'union:/D:/mc/MODEVS/voxy-neoforge-version1.21.1/.gradle/repositories/ng_dummy_ng/net/neoforged/neoforge/21.1.172/neoforge-21.1.172.jar%23201!/data/.mcassetsroot' uses unexpected schema
[08:47:58] [Render thread/INFO] [mojang/YggdrasilAuthenticationService]: Environment: Environment[sessionHost=https://sessionserver.mojang.com, servicesHost=https://api.minecraftservices.com, name=PROD]
[08:47:58] [Render thread/INFO] [minecraft/Minecraft]: Setting user: Dev
[08:47:58] [Render thread/DEBUG] [mixin/]: Mixing MixinOptions_Entrypoint from mixins.iris.json into net.minecraft.client.Options
[08:47:58] [Render thread/DEBUG] [mixin/]: mixins.iris.json:MixinOptions_Entrypoint from mod iris: Class version 65 required is higher than the class version supported by the current version of Mixin (JAVA_8 supports class version 52)
[08:47:58] [Render thread/DEBUG] [mixin/]: Mixing sky.MixinOptions_CloudsOverride from mixins.iris.json into net.minecraft.client.Options
[08:47:58] [Render thread/DEBUG] [mixin/]: mixins.iris.json:sky.MixinOptions_CloudsOverride from mod iris: Class version 65 required is higher than the class version supported by the current version of Mixin (JAVA_8 supports class version 52)
[08:47:58] [Render thread/DEBUG] [mixin/]: Renaming synthetic method lambda$iris$overrideCloudsType$0(Lorg/spongepowered/asm/mixin/injection/callback/CallbackInfoReturnable;Lnet/irisshaders/iris/pipeline/WorldRenderingPipeline;)V to md7ea5ce$iris$lambda$iris$overrideCloudsType$0$0 in mixins.iris.json:sky.MixinOptions_CloudsOverride from mod iris
[08:47:58] [Render thread/DEBUG] [mixin/]: mixins.iris.json:MixinOptions_Entrypoint from mod iris->@Inject::iris$beforeLoadOptions(Lorg/spongepowered/asm/mixin/injection/callback/CallbackInfo;)V doesn't use it's CallbackInfo
[08:47:58] [Render thread/DEBUG] [mixin/]: mixins.iris.json:MixinOptions_Entrypoint from mod iris->@Inject::iris$beforeLoadOptions(Lorg/spongepowered/asm/mixin/injection/callback/CallbackInfo;)V has 0 override(s) in child classes
[08:47:58] [Render thread/DEBUG] [mixin/]: mixins.iris.json:MixinOptions_Entrypoint from mod iris->@Inject::iris$beforeLoadOptions(Lorg/spongepowered/asm/mixin/injection/callback/CallbackInfo;)V won't be passed a CallbackInfo as a result
[08:47:58] [Render thread/DEBUG] [mixin/]: mixins.iris.json:sky.MixinOptions_CloudsOverride from mod iris->@Inject::iris$overrideCloudsType(Lorg/spongepowered/asm/mixin/injection/callback/CallbackInfoReturnable;)V does use it's CallbackInfoReturnable
[08:47:58] [Render thread/INFO] [minecraft/Minecraft]: Backend library: LWJGL version 3.3.3+5
[08:47:58] [Render thread/DEBUG] [mixin/]: Mixing core.WindowMixin from sodium-common.mixins.json into com.mojang.blaze3d.platform.Window
[08:47:58] [Render thread/DEBUG] [mixin/]: sodium-common.mixins.json:core.WindowMixin from mod sodium: Class version 65 required is higher than the class version supported by the current version of Mixin (JAVA_17 supports class version 61)
[08:47:58] [Render thread/DEBUG] [mixin/]: Mixing workarounds.context_creation.WindowMixin from sodium-common.mixins.json into com.mojang.blaze3d.platform.Window
[08:47:58] [Render thread/DEBUG] [mixin/]: sodium-common.mixins.json:workarounds.context_creation.WindowMixin from mod sodium: Class version 65 required is higher than the class version supported by the current version of Mixin (JAVA_17 supports class version 61)
[08:47:58] [Render thread/DEBUG] [mixin/]: Mixing minecraft.MixinWindow from client.voxy.mixins.json into com.mojang.blaze3d.platform.Window
[08:47:58] [Render thread/DEBUG] [mixin/]: client.voxy.mixins.json:minecraft.MixinWindow from mod voxy: Class version 65 required is higher than the class version supported by the current version of Mixin (JAVA_17 supports class version 61)
[08:47:58] [Render thread/DEBUG] [mixin/]: Mixing MixinWindow from mixins.iris.json into com.mojang.blaze3d.platform.Window
[08:47:58] [Render thread/DEBUG] [mixin/]: mixins.iris.json:MixinWindow from mod iris: Class version 65 required is higher than the class version supported by the current version of Mixin (JAVA_8 supports class version 52)
[08:47:58] [Render thread/DEBUG] [mixin/]: sodium-common.mixins.json:workarounds.context_creation.WindowMixin from mod sodium->@Inject::postContextReady(Lcom/mojang/blaze3d/platform/WindowEventHandler;Lcom/mojang/blaze3d/platform/ScreenManager;Lcom/mojang/blaze3d/platform/DisplayData;Ljava/lang/String;Ljava/lang/String;Lorg/spongepowered/asm/mixin/injection/callback/CallbackInfo;)V doesn't use it's CallbackInfo
[08:47:58] [Render thread/DEBUG] [mixin/]: sodium-common.mixins.json:workarounds.context_creation.WindowMixin from mod sodium->@Inject::preSwapBuffers(Lorg/spongepowered/asm/mixin/injection/callback/CallbackInfo;)V doesn't use it's CallbackInfo
[08:47:58] [Render thread/DEBUG] [mixin/]: client.voxy.mixins.json:minecraft.MixinWindow from mod voxy->@Inject::injectInitWindow(Lcom/mojang/blaze3d/platform/WindowEventHandler;Lcom/mojang/blaze3d/platform/ScreenManager;Lcom/mojang/blaze3d/platform/DisplayData;Ljava/lang/String;Ljava/lang/String;Lorg/spongepowered/asm/mixin/injection/callback/CallbackInfo;)V does use it's CallbackInfo
[08:47:58] [Render thread/DEBUG] [mixin/]: mixins.iris.json:MixinWindow from mod iris->@Inject::iris$enableDebugContext(Lcom/mojang/blaze3d/platform/WindowEventHandler;Lcom/mojang/blaze3d/platform/ScreenManager;Lcom/mojang/blaze3d/platform/DisplayData;Ljava/lang/String;Ljava/lang/String;Lorg/spongepowered/asm/mixin/injection/callback/CallbackInfo;)V doesn't use it's CallbackInfo
[08:47:58] [Render thread/INFO] [mojang/Window]: OpenGL Vendor: NVIDIA Corporation
[08:47:58] [Render thread/INFO] [mojang/Window]: OpenGL Renderer: NVIDIA GeForce RTX 4060/PCIe/SSE2
[08:47:58] [Render thread/INFO] [mojang/Window]: OpenGL Version: 4.6.0 NVIDIA 595.97
[08:47:58] [Render thread/INFO] [Sodium-NvidiaWorkarounds/]: Modifying OpenGL context to apply workarounds for the NVIDIA graphics driver...
[08:47:58] [Render thread/WARN] [Sodium-Win32ModuleChecks/]: RivaTuner Statistics Server (RTSS) has injected into the process! Attempting to apply workarounds for compatibility...
[08:47:58] [Render thread/INFO] [Sodium-Win32ModuleChecks/]: Searching directory: C:\Program Files (x86)\RivaTuner Statistics Server
[08:47:58] [Render thread/INFO] [Sodium-Win32ModuleChecks/]: Parsing file: C:\Program Files (x86)\RivaTuner Statistics Server\RTSS.exe
[08:47:58] [Render thread/INFO] [Sodium-Win32ModuleChecks/]: Detected RivaTuner Statistics Server version: 7.3.5.28314
[08:47:58] [Render thread/DEBUG] [mixin/]: Mixing GlStateManagerAccessor from mixins.iris.json into com.mojang.blaze3d.platform.GlStateManager
[08:47:58] [Render thread/DEBUG] [mixin/]: mixins.iris.json:GlStateManagerAccessor from mod iris: Class version 65 required is higher than the class version supported by the current version of Mixin (JAVA_8 supports class version 52)
[08:47:58] [Render thread/DEBUG] [mixin/]: Renaming @Accessor method getBLEND()Lcom/mojang/blaze3d/platform/GlStateManager$BlendState; to getBLEND$iris_$md$7ea5ce$0 in mixins.iris.json:GlStateManagerAccessor from mod iris
[08:47:58] [Render thread/DEBUG] [mixin/]: Renaming @Accessor method getCOLOR_MASK()Lcom/mojang/blaze3d/platform/GlStateManager$ColorMask; to getCOLOR_MASK$iris_$md$7ea5ce$1 in mixins.iris.json:GlStateManagerAccessor from mod iris
[08:47:58] [Render thread/DEBUG] [mixin/]: Renaming @Accessor method getDEPTH()Lcom/mojang/blaze3d/platform/GlStateManager$DepthState; to getDEPTH$iris_$md$7ea5ce$2 in mixins.iris.json:GlStateManagerAccessor from mod iris
[08:47:58] [Render thread/DEBUG] [mixin/]: Renaming @Accessor method getActiveTexture()I to getActiveTexture$iris_$md$7ea5ce$3 in mixins.iris.json:GlStateManagerAccessor from mod iris
[08:47:58] [Render thread/DEBUG] [mixin/]: Renaming @Accessor method getTEXTURES()[Lcom/mojang/blaze3d/platform/GlStateManager$TextureState; to getTEXTURES$iris_$md$7ea5ce$4 in mixins.iris.json:GlStateManagerAccessor from mod iris
[08:47:58] [Render thread/DEBUG] [mixin/]: Mixing MixinGlStateManager from mixins.iris.json into com.mojang.blaze3d.platform.GlStateManager
[08:47:58] [Render thread/DEBUG] [mixin/]: mixins.iris.json:MixinGlStateManager from mod iris: Class version 65 required is higher than the class version supported by the current version of Mixin (JAVA_8 supports class version 52)
[08:47:58] [Render thread/DEBUG] [mixin/]: Mixing MixinGlStateManager_BlendOverride from mixins.iris.json into com.mojang.blaze3d.platform.GlStateManager
[08:47:58] [Render thread/DEBUG] [mixin/]: mixins.iris.json:MixinGlStateManager_BlendOverride from mod iris: Class version 65 required is higher than the class version supported by the current version of Mixin (JAVA_8 supports class version 52)
[08:47:58] [Render thread/DEBUG] [mixin/]: Mixing MixinGlStateManager_DepthColorOverride from mixins.iris.json into com.mojang.blaze3d.platform.GlStateManager
[08:47:58] [Render thread/DEBUG] [mixin/]: mixins.iris.json:MixinGlStateManager_DepthColorOverride from mod iris: Class version 65 required is higher than the class version supported by the current version of Mixin (JAVA_8 supports class version 52)
[08:47:58] [Render thread/DEBUG] [mixin/]: Mixing MixinGlStateManager_FramebufferBinding from mixins.iris.json into com.mojang.blaze3d.platform.GlStateManager
[08:47:58] [Render thread/DEBUG] [mixin/]: mixins.iris.json:MixinGlStateManager_FramebufferBinding from mod iris: Class version 65 required is higher than the class version supported by the current version of Mixin (JAVA_8 supports class version 52)
[08:47:58] [Render thread/DEBUG] [mixin/]: Mixing statelisteners.MixinGlStateManager from mixins.iris.json into com.mojang.blaze3d.platform.GlStateManager
[08:47:58] [Render thread/DEBUG] [mixin/]: mixins.iris.json:statelisteners.MixinGlStateManager from mod iris: Class version 65 required is higher than the class version supported by the current version of Mixin (JAVA_8 supports class version 52)
[08:47:58] [Render thread/DEBUG] [mixin/]: Renaming synthetic method lambda$static$0(Ljava/lang/Runnable;)V to md7ea5ce$iris$lambda$static$0$5 in mixins.iris.json:statelisteners.MixinGlStateManager from mod iris
[08:47:58] [Render thread/DEBUG] [mixin/]: Mixing texture.MixinGlStateManager from mixins.iris.json into com.mojang.blaze3d.platform.GlStateManager
[08:47:58] [Render thread/DEBUG] [mixin/]: mixins.iris.json:texture.MixinGlStateManager from mod iris: Class version 65 required is higher than the class version supported by the current version of Mixin (JAVA_8 supports class version 52)
[08:47:58] [Render thread/DEBUG] [mixin/]: mixins.iris.json:MixinGlStateManager_BlendOverride from mod iris->@Inject::iris$blendDisableLock(Lorg/spongepowered/asm/mixin/injection/callback/CallbackInfo;)V does use it's CallbackInfo
[08:47:58] [Render thread/DEBUG] [mixin/]: mixins.iris.json:MixinGlStateManager_BlendOverride from mod iris->@Inject::iris$blendEnableLock(Lorg/spongepowered/asm/mixin/injection/callback/CallbackInfo;)V does use it's CallbackInfo
[08:47:58] [Render thread/DEBUG] [mixin/]: mixins.iris.json:MixinGlStateManager_BlendOverride from mod iris->@Inject::iris$blendFuncLock(IILorg/spongepowered/asm/mixin/injection/callback/CallbackInfo;)V does use it's CallbackInfo
[08:47:58] [Render thread/DEBUG] [mixin/]: mixins.iris.json:MixinGlStateManager_BlendOverride from mod iris->@Inject::iris$blendFuncSeparateLock(IIIILorg/spongepowered/asm/mixin/injection/callback/CallbackInfo;)V does use it's CallbackInfo
[08:47:58] [Render thread/DEBUG] [mixin/]: mixins.iris.json:MixinGlStateManager_DepthColorOverride from mod iris->@Inject::iris$colorMaskLock(ZZZZLorg/spongepowered/asm/mixin/injection/callback/CallbackInfo;)V does use it's CallbackInfo
[08:47:58] [Render thread/DEBUG] [mixin/]: mixins.iris.json:MixinGlStateManager_DepthColorOverride from mod iris->@Inject::iris$depthMaskLock(ZLorg/spongepowered/asm/mixin/injection/callback/CallbackInfo;)V does use it's CallbackInfo
[08:47:58] [Render thread/DEBUG] [mixin/]: mixins.iris.json:MixinGlStateManager_DepthColorOverride from mod iris->@Inject::iris$resetTessellation(ILorg/spongepowered/asm/mixin/injection/callback/CallbackInfo;)V doesn't use it's CallbackInfo
[08:47:58] [Render thread/DEBUG] [mixin/]: mixins.iris.json:MixinGlStateManager_FramebufferBinding from mod iris->@Inject::iris$avoidRedundantBind(IILorg/spongepowered/asm/mixin/injection/callback/CallbackInfo;)V does use it's CallbackInfo
[08:47:58] [Render thread/DEBUG] [mixin/]: mixins.iris.json:MixinGlStateManager_FramebufferBinding from mod iris->@Inject::iris$avoidRedundantBind2(ILorg/spongepowered/asm/mixin/injection/callback/CallbackInfo;)V does use it's CallbackInfo
[08:47:58] [Render thread/DEBUG] [mixin/]: mixins.iris.json:MixinGlStateManager_FramebufferBinding from mod iris->@Inject::iris$trackFramebufferDelete(ILorg/spongepowered/asm/mixin/injection/callback/CallbackInfo;)V doesn't use it's CallbackInfo
[08:47:58] [Render thread/DEBUG] [mixin/]: mixins.iris.json:statelisteners.MixinGlStateManager from mod iris->@Inject::iris$onBlendFunc(IILorg/spongepowered/asm/mixin/injection/callback/CallbackInfo;)V doesn't use it's CallbackInfo
[08:47:58] [Render thread/DEBUG] [mixin/]: mixins.iris.json:statelisteners.MixinGlStateManager from mod iris->@Inject::iris$onBlendFuncSeparate(IIIILorg/spongepowered/asm/mixin/injection/callback/CallbackInfo;)V doesn't use it's CallbackInfo
[08:47:58] [Render thread/DEBUG] [mixin/]: mixins.iris.json:texture.MixinGlStateManager from mod iris->@Inject::iris$onTexImage2D(IIIIIIIILjava/nio/IntBuffer;Lorg/spongepowered/asm/mixin/injection/callback/CallbackInfo;)V doesn't use it's CallbackInfo
[08:47:58] [Render thread/DEBUG] [mixin/]: mixins.iris.json:texture.MixinGlStateManager from mod iris->@Inject::iris$onDeleteTexture(ILorg/spongepowered/asm/mixin/injection/callback/CallbackInfo;)V doesn't use it's CallbackInfo
[08:47:58] [Render thread/DEBUG] [mixin/]: mixins.iris.json:texture.MixinGlStateManager from mod iris->@Inject::iris$onDeleteTextures([ILorg/spongepowered/asm/mixin/injection/callback/CallbackInfo;)V doesn't use it's CallbackInfo
[08:47:58] [Render thread/DEBUG] [mixin/]: Mixing MixinBooleanState from mixins.iris.json into com.mojang.blaze3d.platform.GlStateManager$BooleanState
[08:47:58] [Render thread/DEBUG] [mixin/]: mixins.iris.json:MixinBooleanState from mod iris: Class version 65 required is higher than the class version supported by the current version of Mixin (JAVA_8 supports class version 52)
[08:47:58] [Render thread/DEBUG] [mixin/]: Mixing statelisteners.BooleanStateAccessor from mixins.iris.json into com.mojang.blaze3d.platform.GlStateManager$BooleanState
[08:47:58] [Render thread/DEBUG] [mixin/]: mixins.iris.json:statelisteners.BooleanStateAccessor from mod iris: Class version 65 required is higher than the class version supported by the current version of Mixin (JAVA_8 supports class version 52)
[08:47:58] [Render thread/DEBUG] [mixin/]: mixins.iris.json:MixinBooleanState from mod iris->@Inject::iris$setUnknownState(ZLorg/spongepowered/asm/mixin/injection/callback/CallbackInfo;)V does use it's CallbackInfo
[08:47:58] [Render thread/DEBUG] [mixin/]: Mixing features.textures.NativeImageAccessor from sodium-common.mixins.json into com.mojang.blaze3d.platform.NativeImage
[08:47:58] [Render thread/DEBUG] [mixin/]: sodium-common.mixins.json:features.textures.NativeImageAccessor from mod sodium: Class version 65 required is higher than the class version supported by the current version of Mixin (JAVA_17 supports class version 61)
[08:47:59] [Render thread/INFO] [Iris/]: Debug functionality is disabled.
[08:47:59] [Render thread/INFO] [Iris/]: OpenGL 4.5 detected, enabling DSA.
[08:47:59] [Render thread/DEBUG] [mixin/]: Mixing iris.MixinIrisSamplers from client.voxy.mixins.json into net.irisshaders.iris.samplers.IrisSamplers
[08:47:59] [Render thread/DEBUG] [mixin/]: client.voxy.mixins.json:iris.MixinIrisSamplers from mod voxy: Class version 65 required is higher than the class version supported by the current version of Mixin (JAVA_17 supports class version 61)
[08:47:59] [Render thread/DEBUG] [mixin/]: client.voxy.mixins.json:iris.MixinIrisSamplers from mod voxy->@Inject::voxy$injectSamplers(Lnet/irisshaders/iris/gl/sampler/SamplerHolder;Ljava/util/function/Supplier;Lnet/irisshaders/iris/targets/RenderTargets;ZLnet/irisshaders/iris/pipeline/WorldRenderingPipeline;Lorg/spongepowered/asm/mixin/injection/callback/CallbackInfo;)V doesn't use it's CallbackInfo
[08:47:59] [Render thread/DEBUG] [mixin/]: Mixing core.render.VertexFormatMixin from sodium-common.mixins.json into com.mojang.blaze3d.vertex.VertexFormat
[08:47:59] [Render thread/DEBUG] [mixin/]: sodium-common.mixins.json:core.render.VertexFormatMixin from mod sodium: Class version 65 required is higher than the class version supported by the current version of Mixin (JAVA_17 supports class version 61)
[08:47:59] [Render thread/DEBUG] [mixin/]: Mixing MixinVertexFormat from mixins.iris.vertexformat.json into com.mojang.blaze3d.vertex.VertexFormat
[08:47:59] [Render thread/DEBUG] [mixin/]: mixins.iris.vertexformat.json:MixinVertexFormat from mod iris: Class version 65 required is higher than the class version supported by the current version of Mixin (JAVA_8 supports class version 52)
[08:47:59] [Render thread/DEBUG] [mixin/]: sodium-common.mixins.json:core.render.VertexFormatMixin from mod sodium->@Inject::afterInit(Ljava/util/List;Ljava/util/List;Lit/unimi/dsi/fastutil/ints/IntList;ILorg/spongepowered/asm/mixin/injection/callback/CallbackInfo;)V doesn't use it's CallbackInfo
[08:47:59] [Render thread/DEBUG] [mixin/]: sodium-common.mixins.json:core.render.VertexFormatMixin from mod sodium->@Inject::afterInit(Ljava/util/List;Ljava/util/List;Lit/unimi/dsi/fastutil/ints/IntList;ILorg/spongepowered/asm/mixin/injection/callback/CallbackInfo;)V has 0 override(s) in child classes
[08:47:59] [Render thread/DEBUG] [mixin/]: sodium-common.mixins.json:core.render.VertexFormatMixin from mod sodium->@Inject::afterInit(Ljava/util/List;Ljava/util/List;Lit/unimi/dsi/fastutil/ints/IntList;ILorg/spongepowered/asm/mixin/injection/callback/CallbackInfo;)V won't be passed a CallbackInfo as a result
[08:47:59] [Render thread/DEBUG] [mixin/]: mixins.iris.vertexformat.json:MixinVertexFormat from mod iris->@Inject::iris$onSetupBufferState(Lorg/spongepowered/asm/mixin/injection/callback/CallbackInfo;)V does use it's CallbackInfo
[08:47:59] [Render thread/DEBUG] [mixin/]: mixins.iris.vertexformat.json:MixinVertexFormat from mod iris->@Inject::iris$onClearBufferState(Lorg/spongepowered/asm/mixin/injection/callback/CallbackInfo;)V does use it's CallbackInfo
[08:47:59] [Render thread/DEBUG] [mixin/]: Mixing MixinVertexFormatElement from mixins.iris.vertexformat.json into com.mojang.blaze3d.vertex.VertexFormatElement
[08:47:59] [Render thread/DEBUG] [mixin/]: mixins.iris.vertexformat.json:MixinVertexFormatElement from mod iris: Class version 65 required is higher than the class version supported by the current version of Mixin (JAVA_8 supports class version 52)
[08:47:59] [Render thread/DEBUG] [mixin/]: mixins.iris.vertexformat.json:MixinVertexFormatElement from mod iris->@Inject::iris$fixGenericAttributes(ILcom/mojang/blaze3d/vertex/VertexFormatElement$Usage;Lorg/spongepowered/asm/mixin/injection/callback/CallbackInfoReturnable;)V does use it's CallbackInfoReturnable
[08:47:59] [Render thread/INFO] [Iris/]: Shaders are disabled because no valid shaderpack is selected
[08:47:59] [Render thread/DEBUG] [ne.ne.fm.ModWorkManager/LOADING]: Using 16 threads for parallel mod-loading
[08:47:59] [Render thread/DEBUG] [ne.ne.fm.ja.FMLModContainer/LOADING]: Creating FMLModContainer instance for [org.sinytra.fabric.rendering_data_attachment_v1.generated.GeneratedEntryPoint]
[08:47:59] [Render thread/DEBUG] [ne.ne.fm.ja.FMLModContainer/LOADING]: Creating FMLModContainer instance for [net.caffeinemc.mods.sodium.neoforge.SodiumForgeMod]
[08:47:59] [Render thread/DEBUG] [ne.ne.fm.ja.FMLModContainer/LOADING]: Creating FMLModContainer instance for [net.caffeinemc.mods.lithium.neoforge.LithiumNeoForgeMod]
[08:47:59] [Render thread/DEBUG] [ne.ne.fm.ja.FMLModContainer/LOADING]: Creating FMLModContainer instance for [net.irisshaders.iris.platform.IrisForgeMod]
[08:47:59] [Render thread/DEBUG] [ne.ne.fm.ja.FMLModContainer/LOADING]: Creating FMLModContainer instance for [org.sinytra.fabric.renderer_api.generated.GeneratedEntryPoint]
[08:47:59] [Render thread/DEBUG] [ne.ne.fm.ja.FMLModContainer/LOADING]: Creating FMLModContainer instance for [org.sinytra.fabric.api_base.generated.GeneratedEntryPoint]
[08:47:59] [Render thread/DEBUG] [ne.ne.fm.ja.FMLModContainer/LOADING]: Creating FMLModContainer instance for [me.lucko.spark.neoforge.NeoForgeSparkMod]
[08:47:59] [Render thread/DEBUG] [ne.ne.fm.ja.FMLModContainer/LOADING]: Creating FMLModContainer instance for [org.popcraft.chunky.ChunkyNeoForge]
[08:47:59] [Render thread/DEBUG] [ne.ne.fm.ja.FMLModContainer/LOADING]: Creating FMLModContainer instance for [net.neoforged.neoforge.common.NeoForgeMod, net.neoforged.neoforge.client.ClientNeoForgeMod]
[08:47:59] [Render thread/DEBUG] [ne.ne.fm.ja.FMLModContainer/LOADING]: Creating FMLModContainer instance for [me.cortex.voxy.commonImpl.VoxyCommon]
[08:47:59] [Render thread/DEBUG] [ne.ne.fm.ja.FMLModContainer/LOADING]: Creating FMLModContainer instance for [org.sinytra.fabric.block_view_api.generated.GeneratedEntryPoint]
[08:47:59] [modloading-worker-0/DEBUG] [ne.ne.fm.ja.AutomaticEventSubscriber/LOADING]: Attempting to inject @EventBusSubscriber classes into the eventbus for fabric_rendering_data_attachment_v1
[08:47:59] [modloading-worker-0/DEBUG] [ne.ne.fm.ja.AutomaticEventSubscriber/LOADING]: Attempting to inject @EventBusSubscriber classes into the eventbus for lithium
[08:47:59] [modloading-worker-0/DEBUG] [ne.ne.fm.ja.AutomaticEventSubscriber/LOADING]: Attempting to inject @EventBusSubscriber classes into the eventbus for fabric_renderer_api_v1
[08:47:59] [modloading-worker-0/DEBUG] [ne.ne.fm.ja.AutomaticEventSubscriber/LOADING]: Attempting to inject @EventBusSubscriber classes into the eventbus for fabric_api_base
[08:47:59] [modloading-worker-0/DEBUG] [ne.ne.fm.ja.AutomaticEventSubscriber/LOADING]: Attempting to inject @EventBusSubscriber classes into the eventbus for fabric_block_view_api_v2
[08:47:59] [modloading-worker-0/DEBUG] [mixin/]: Mixing rendertype.RenderTypeAccessor from mixins.iris.json into net.minecraft.client.renderer.RenderType
[08:47:59] [modloading-worker-0/DEBUG] [mixin/]: mixins.iris.json:rendertype.RenderTypeAccessor from mod iris: Class version 65 required is higher than the class version supported by the current version of Mixin (JAVA_8 supports class version 52)
[08:47:59] [modloading-worker-0/DEBUG] [mixin/]: Mixing MixinRenderType from iris-batched-entity-rendering.mixins.json into net.minecraft.client.renderer.RenderType
[08:47:59] [modloading-worker-0/DEBUG] [mixin/]: iris-batched-entity-rendering.mixins.json:MixinRenderType from mod iris: Class version 65 required is higher than the class version supported by the current version of Mixin (JAVA_8 supports class version 52)
[08:47:59] [modloading-worker-0/DEBUG] [mixin/]: Mixing RenderTypeAccessor from iris-batched-entity-rendering.mixins.json into net.minecraft.client.renderer.RenderType
[08:47:59] [modloading-worker-0/DEBUG] [mixin/]: iris-batched-entity-rendering.mixins.json:RenderTypeAccessor from mod iris: Class version 65 required is higher than the class version supported by the current version of Mixin (JAVA_8 supports class version 52)
[08:47:59] [modloading-worker-0/DEBUG] [mixin/]: Unexpected: Registered method shouldSortOnUpload()Z in net.minecraft.client.renderer.RenderType was not merged
[08:47:59] [modloading-worker-0/DEBUG] [ne.ne.fm.ja.AutomaticEventSubscriber/LOADING]: Attempting to inject @EventBusSubscriber classes into the eventbus for chunky
[08:47:59] [modloading-worker-0/DEBUG] [ne.ne.fm.ja.AutomaticEventSubscriber/LOADING]: Attempting to inject @EventBusSubscriber classes into the eventbus for iris
[08:47:59] [modloading-worker-0/DEBUG] [mixin/]: Mixing rendertype.RenderStateShardAccessor from mixins.iris.json into net.minecraft.client.renderer.RenderStateShard
[08:47:59] [modloading-worker-0/DEBUG] [mixin/]: mixins.iris.json:rendertype.RenderStateShardAccessor from mod iris: Class version 65 required is higher than the class version supported by the current version of Mixin (JAVA_8 supports class version 52)
[08:47:59] [modloading-worker-0/DEBUG] [mixin/]: Renaming @Accessor method getTranslucentTransparency()Lnet/minecraft/client/renderer/RenderStateShard$TransparencyStateShard; to getTranslucentTransparency$iris_$md$7ea5ce$0 in mixins.iris.json:rendertype.RenderStateShardAccessor from mod iris
[08:47:59] [modloading-worker-0/DEBUG] [ne.ne.fm.ja.AutomaticEventSubscriber/LOADING]: Attempting to inject @EventBusSubscriber classes into the eventbus for spark
[08:47:59] [modloading-worker-0/DEBUG] [mixin/]: Mixing RenderStateShardAccessor from iris-batched-entity-rendering.mixins.json into net.minecraft.client.renderer.RenderStateShard
[08:47:59] [modloading-worker-0/DEBUG] [mixin/]: iris-batched-entity-rendering.mixins.json:RenderStateShardAccessor from mod iris: Class version 65 required is higher than the class version supported by the current version of Mixin (JAVA_8 supports class version 52)
[08:47:59] [modloading-worker-0/DEBUG] [mixin/]: Renaming @Accessor method getNO_TRANSPARENCY()Lnet/minecraft/client/renderer/RenderStateShard$TransparencyStateShard; to getNO_TRANSPARENCY$iris_$md$7ea5ce$1 in iris-batched-entity-rendering.mixins.json:RenderStateShardAccessor from mod iris
[08:47:59] [modloading-worker-0/DEBUG] [mixin/]: Renaming @Accessor method getGLINT_TRANSPARENCY()Lnet/minecraft/client/renderer/RenderStateShard$TransparencyStateShard; to getGLINT_TRANSPARENCY$iris_$md$7ea5ce$2 in iris-batched-entity-rendering.mixins.json:RenderStateShardAccessor from mod iris
[08:47:59] [modloading-worker-0/DEBUG] [mixin/]: Renaming @Accessor method getCRUMBLING_TRANSPARENCY()Lnet/minecraft/client/renderer/RenderStateShard$TransparencyStateShard; to getCRUMBLING_TRANSPARENCY$iris_$md$7ea5ce$3 in iris-batched-entity-rendering.mixins.json:RenderStateShardAccessor from mod iris
[08:47:59] [modloading-worker-0/DEBUG] [mixin/]: Mixing MixinCompositeRenderType from iris-batched-entity-rendering.mixins.json into net.minecraft.client.renderer.RenderType$CompositeRenderType
[08:47:59] [modloading-worker-0/DEBUG] [mixin/]: iris-batched-entity-rendering.mixins.json:MixinCompositeRenderType from mod iris: Class version 65 required is higher than the class version supported by the current version of Mixin (JAVA_8 supports class version 52)
[08:47:59] [modloading-worker-0/DEBUG] [mixin/]: iris-batched-entity-rendering.mixins.json:MixinCompositeRenderType from mod iris->@Inject::batchedentityrendering$onCompositeInit(Ljava/lang/String;Lcom/mojang/blaze3d/vertex/VertexFormat;Lcom/mojang/blaze3d/vertex/VertexFormat$Mode;IZZLnet/minecraft/client/renderer/RenderType$CompositeState;Lorg/spongepowered/asm/mixin/injection/callback/CallbackInfo;)V doesn't use it's CallbackInfo
[08:47:59] [modloading-worker-0/DEBUG] [mixin/]: Mixing features.gui.hooks.console.GameRendererMixin from sodium-common.mixins.json into net.minecraft.client.renderer.GameRenderer
[08:47:59] [modloading-worker-0/DEBUG] [mixin/]: sodium-common.mixins.json:features.gui.hooks.console.GameRendererMixin from mod sodium: Class version 65 required is higher than the class version supported by the current version of Mixin (JAVA_17 supports class version 61)
[08:47:59] [modloading-worker-0/DEBUG] [mixin/]: Mixing GameRendererAccessor from mixins.iris.json into net.minecraft.client.renderer.GameRenderer
[08:47:59] [modloading-worker-0/DEBUG] [mixin/]: mixins.iris.json:GameRendererAccessor from mod iris: Class version 65 required is higher than the class version supported by the current version of Mixin (JAVA_8 supports class version 52)
[08:47:59] [modloading-worker-0/DEBUG] [mixin/]: Mixing MixinGameRenderer from mixins.iris.json into net.minecraft.client.renderer.GameRenderer
[08:47:59] [modloading-worker-0/DEBUG] [mixin/]: mixins.iris.json:MixinGameRenderer from mod iris: Class version 65 required is higher than the class version supported by the current version of Mixin (JAVA_8 supports class version 52)
[08:47:59] [modloading-worker-0/DEBUG] [mixin/]: Mixing MixinModelViewBobbing from mixins.iris.json into net.minecraft.client.renderer.GameRenderer
[08:47:59] [modloading-worker-0/DEBUG] [mixin/]: mixins.iris.json:MixinModelViewBobbing from mod iris: Class version 65 required is higher than the class version supported by the current version of Mixin (JAVA_8 supports class version 52)
[08:47:59] [modloading-worker-0/DEBUG] [mixin/]: Mixing MixinGameRenderer_NightVisionCompat from mixins.iris.json into net.minecraft.client.renderer.GameRenderer
[08:47:59] [modloading-worker-0/DEBUG] [mixin/]: mixins.iris.json:MixinGameRenderer_NightVisionCompat from mod iris: Class version 65 required is higher than the class version supported by the current version of Mixin (JAVA_8 supports class version 52)
[08:47:59] [modloading-worker-0/DEBUG] [mixin/]: sodium-common.mixins.json:features.gui.hooks.console.GameRendererMixin from mod sodium->@Inject::onRender(Lnet/minecraft/client/DeltaTracker;ZLorg/spongepowered/asm/mixin/injection/callback/CallbackInfo;)V doesn't use it's CallbackInfo
[08:47:59] [modloading-worker-0/DEBUG] [mixin/]: sodium-common.mixins.json:features.gui.hooks.console.GameRendererMixin from mod sodium->@Inject::onRender(Lnet/minecraft/client/DeltaTracker;ZLorg/spongepowered/asm/mixin/injection/callback/CallbackInfo;)V has 0 override(s) in child classes
[08:47:59] [modloading-worker-0/DEBUG] [mixin/]: sodium-common.mixins.json:features.gui.hooks.console.GameRendererMixin from mod sodium->@Inject::onRender(Lnet/minecraft/client/DeltaTracker;ZLorg/spongepowered/asm/mixin/injection/callback/CallbackInfo;)V won't be passed a CallbackInfo as a result
[08:47:59] [modloading-worker-0/DEBUG] [mixin/]: mixins.iris.json:MixinGameRenderer from mod iris->@Inject::iris$overridePositionShader(Lorg/spongepowered/asm/mixin/injection/callback/CallbackInfoReturnable;)V does use it's CallbackInfoReturnable
[08:47:59] [modloading-worker-0/DEBUG] [mixin/]: mixins.iris.json:MixinGameRenderer from mod iris->@Inject::iris$overridePositionColorShader(Lorg/spongepowered/asm/mixin/injection/callback/CallbackInfoReturnable;)V does use it's CallbackInfoReturnable
[08:47:59] [modloading-worker-0/DEBUG] [mixin/]: mixins.iris.json:MixinGameRenderer from mod iris->@Inject::iris$overridePositionTexShader(Lorg/spongepowered/asm/mixin/injection/callback/CallbackInfoReturnable;)V does use it's CallbackInfoReturnable
[08:47:59] [modloading-worker-0/DEBUG] [mixin/]: mixins.iris.json:MixinGameRenderer from mod iris->@Inject::iris$overridePositionTexColorShader(Lorg/spongepowered/asm/mixin/injection/callback/CallbackInfoReturnable;)V does use it's CallbackInfoReturnable
[08:47:59] [modloading-worker-0/DEBUG] [mixin/]: mixins.iris.json:MixinGameRenderer from mod iris->@Inject::iris$overrideParticleShader(Lorg/spongepowered/asm/mixin/injection/callback/CallbackInfoReturnable;)V does use it's CallbackInfoReturnable
[08:47:59] [modloading-worker-0/DEBUG] [mixin/]: mixins.iris.json:MixinGameRenderer from mod iris->@Inject::iris$overridePositionTexColorNormalShader(Lorg/spongepowered/asm/mixin/injection/callback/CallbackInfoReturnable;)V does use it's CallbackInfoReturnable
[08:47:59] [modloading-worker-0/DEBUG] [mixin/]: mixins.iris.json:MixinGameRenderer from mod iris->@Inject::iris$overrideSolidShader(Lorg/spongepowered/asm/mixin/injection/callback/CallbackInfoReturnable;)V does use it's CallbackInfoReturnable
[08:47:59] [modloading-worker-0/DEBUG] [mixin/]: mixins.iris.json:MixinGameRenderer from mod iris->@Inject::iris$overrideCutoutShader(Lorg/spongepowered/asm/mixin/injection/callback/CallbackInfoReturnable;)V does use it's CallbackInfoReturnable
[08:47:59] [modloading-worker-0/DEBUG] [mixin/]: mixins.iris.json:MixinGameRenderer from mod iris->@Inject::iris$overrideCutoutShader(Lorg/spongepowered/asm/mixin/injection/callback/CallbackInfoReturnable;)V does use it's CallbackInfoReturnable
[08:47:59] [modloading-worker-0/DEBUG] [mixin/]: mixins.iris.json:MixinGameRenderer from mod iris->@Inject::iris$overrideTranslucentShader(Lorg/spongepowered/asm/mixin/injection/callback/CallbackInfoReturnable;)V does use it's CallbackInfoReturnable
[08:47:59] [modloading-worker-0/DEBUG] [mixin/]: mixins.iris.json:MixinGameRenderer from mod iris->@Inject::iris$overrideTranslucentShader(Lorg/spongepowered/asm/mixin/injection/callback/CallbackInfoReturnable;)V does use it's CallbackInfoReturnable
[08:47:59] [modloading-worker-0/DEBUG] [mixin/]: mixins.iris.json:MixinGameRenderer from mod iris->@Inject::iris$overrideTranslucentShader(Lorg/spongepowered/asm/mixin/injection/callback/CallbackInfoReturnable;)V does use it's CallbackInfoReturnable
[08:47:59] [modloading-worker-0/DEBUG] [mixin/]: mixins.iris.json:MixinGameRenderer from mod iris->@Inject::iris$overrideEntityCutoutShader(Lorg/spongepowered/asm/mixin/injection/callback/CallbackInfoReturnable;)V does use it's CallbackInfoReturnable
[08:47:59] [modloading-worker-0/DEBUG] [mixin/]: mixins.iris.json:MixinGameRenderer from mod iris->@Inject::iris$overrideEntityCutoutShader(Lorg/spongepowered/asm/mixin/injection/callback/CallbackInfoReturnable;)V does use it's CallbackInfoReturnable
[08:47:59] [modloading-worker-0/DEBUG] [mixin/]: mixins.iris.json:MixinGameRenderer from mod iris->@Inject::iris$overrideEntityCutoutShader(Lorg/spongepowered/asm/mixin/injection/callback/CallbackInfoReturnable;)V does use it's CallbackInfoReturnable
[08:47:59] [modloading-worker-0/DEBUG] [mixin/]: mixins.iris.json:MixinGameRenderer from mod iris->@Inject::iris$overrideEntityCutoutShader(Lorg/spongepowered/asm/mixin/injection/callback/CallbackInfoReturnable;)V does use it's CallbackInfoReturnable
[08:47:59] [modloading-worker-0/DEBUG] [mixin/]: mixins.iris.json:MixinGameRenderer from mod iris->@Inject::iris$overrideEntityCutoutShader(Lorg/spongepowered/asm/mixin/injection/callback/CallbackInfoReturnable;)V does use it's CallbackInfoReturnable
[08:47:59] [modloading-worker-0/DEBUG] [mixin/]: mixins.iris.json:MixinGameRenderer from mod iris->@Inject::iris$overrideEntityCutoutShader(Lorg/spongepowered/asm/mixin/injection/callback/CallbackInfoReturnable;)V does use it's CallbackInfoReturnable
[08:47:59] [modloading-worker-0/DEBUG] [mixin/]: mixins.iris.json:MixinGameRenderer from mod iris->@Inject::iris$overrideEntityTranslucentShader(Lorg/spongepowered/asm/mixin/injection/callback/CallbackInfoReturnable;)V does use it's CallbackInfoReturnable
[08:47:59] [modloading-worker-0/DEBUG] [mixin/]: mixins.iris.json:MixinGameRenderer from mod iris->@Inject::iris$overrideEntityTranslucentShader(Lorg/spongepowered/asm/mixin/injection/callback/CallbackInfoReturnable;)V does use it's CallbackInfoReturnable
[08:47:59] [modloading-worker-0/DEBUG] [mixin/]: mixins.iris.json:MixinGameRenderer from mod iris->@Inject::iris$overrideEntityTranslucentShader(Lorg/spongepowered/asm/mixin/injection/callback/CallbackInfoReturnable;)V does use it's CallbackInfoReturnable
[08:47:59] [modloading-worker-0/DEBUG] [mixin/]: mixins.iris.json:MixinGameRenderer from mod iris->@Inject::iris$overrideEntityTranslucentShader(Lorg/spongepowered/asm/mixin/injection/callback/CallbackInfoReturnable;)V does use it's CallbackInfoReturnable
[08:47:59] [modloading-worker-0/DEBUG] [mixin/]: mixins.iris.json:MixinGameRenderer from mod iris->@Inject::iris$overrideEntityTranslucentShader(Lorg/spongepowered/asm/mixin/injection/callback/CallbackInfoReturnable;)V does use it's CallbackInfoReturnable
[08:47:59] [modloading-worker-0/DEBUG] [mixin/]: mixins.iris.json:MixinGameRenderer from mod iris->@Inject::iris$overrideEnergySwirlShadowShader(Lorg/spongepowered/asm/mixin/injection/callback/CallbackInfoReturnable;)V does use it's CallbackInfoReturnable
[08:47:59] [modloading-worker-0/DEBUG] [mixin/]: mixins.iris.json:MixinGameRenderer from mod iris->@Inject::iris$overrideEnergySwirlShadowShader(Lorg/spongepowered/asm/mixin/injection/callback/CallbackInfoReturnable;)V does use it's CallbackInfoReturnable
[08:47:59] [modloading-worker-0/DEBUG] [mixin/]: mixins.iris.json:MixinGameRenderer from mod iris->@Inject::iris$overrideGlintShader(Lorg/spongepowered/asm/mixin/injection/callback/CallbackInfoReturnable;)V does use it's CallbackInfoReturnable
[08:47:59] [modloading-worker-0/DEBUG] [mixin/]: mixins.iris.json:MixinGameRenderer from mod iris->@Inject::iris$overrideGlintShader(Lorg/spongepowered/asm/mixin/injection/callback/CallbackInfoReturnable;)V does use it's CallbackInfoReturnable
[08:47:59] [modloading-worker-0/DEBUG] [mixin/]: mixins.iris.json:MixinGameRenderer from mod iris->@Inject::iris$overrideGlintShader(Lorg/spongepowered/asm/mixin/injection/callback/CallbackInfoReturnable;)V does use it's CallbackInfoReturnable
[08:47:59] [modloading-worker-0/DEBUG] [mixin/]: mixins.iris.json:MixinGameRenderer from mod iris->@Inject::iris$overrideGlintShader(Lorg/spongepowered/asm/mixin/injection/callback/CallbackInfoReturnable;)V does use it's CallbackInfoReturnable
[08:47:59] [modloading-worker-0/DEBUG] [mixin/]: mixins.iris.json:MixinGameRenderer from mod iris->@Inject::iris$overrideGlintShader(Lorg/spongepowered/asm/mixin/injection/callback/CallbackInfoReturnable;)V does use it's CallbackInfoReturnable
[08:47:59] [modloading-worker-0/DEBUG] [mixin/]: mixins.iris.json:MixinGameRenderer from mod iris->@Inject::iris$overrideGlintShader(Lorg/spongepowered/asm/mixin/injection/callback/CallbackInfoReturnable;)V does use it's CallbackInfoReturnable
[08:47:59] [modloading-worker-0/DEBUG] [mixin/]: mixins.iris.json:MixinGameRenderer from mod iris->@Inject::iris$overrideGlintShader(Lorg/spongepowered/asm/mixin/injection/callback/CallbackInfoReturnable;)V does use it's CallbackInfoReturnable
[08:47:59] [modloading-worker-0/DEBUG] [mixin/]: mixins.iris.json:MixinGameRenderer from mod iris->@Inject::iris$overrideEntitySolidDiffuseShader(Lorg/spongepowered/asm/mixin/injection/callback/CallbackInfoReturnable;)V does use it's CallbackInfoReturnable
[08:47:59] [modloading-worker-0/DEBUG] [mixin/]: mixins.iris.json:MixinGameRenderer from mod iris->@Inject::iris$overrideEntitySolidShader(Lorg/spongepowered/asm/mixin/injection/callback/CallbackInfoReturnable;)V does use it's CallbackInfoReturnable
[08:47:59] [modloading-worker-0/DEBUG] [mixin/]: mixins.iris.json:MixinGameRenderer from mod iris->@Inject::iris$overrideBeaconBeamShader(Lorg/spongepowered/asm/mixin/injection/callback/CallbackInfoReturnable;)V does use it's CallbackInfoReturnable
[08:47:59] [modloading-worker-0/DEBUG] [mixin/]: mixins.iris.json:MixinGameRenderer from mod iris->@Inject::iris$overrideEntityAlphaShader(Lorg/spongepowered/asm/mixin/injection/callback/CallbackInfoReturnable;)V does use it's CallbackInfoReturnable
[08:47:59] [modloading-worker-0/DEBUG] [mixin/]: mixins.iris.json:MixinGameRenderer from mod iris->@Inject::iris$overrideEntityEyesShader(Lorg/spongepowered/asm/mixin/injection/callback/CallbackInfoReturnable;)V does use it's CallbackInfoReturnable
[08:47:59] [modloading-worker-0/DEBUG] [mixin/]: mixins.iris.json:MixinGameRenderer from mod iris->@Inject::iris$overrideEntityTranslucentEmissiveShader(Lorg/spongepowered/asm/mixin/injection/callback/CallbackInfoReturnable;)V does use it's CallbackInfoReturnable
[08:47:59] [modloading-worker-0/DEBUG] [mixin/]: mixins.iris.json:MixinGameRenderer from mod iris->@Inject::iris$overrideLeashShader(Lorg/spongepowered/asm/mixin/injection/callback/CallbackInfoReturnable;)V does use it's CallbackInfoReturnable
[08:47:59] [modloading-worker-0/DEBUG] [mixin/]: mixins.iris.json:MixinGameRenderer from mod iris->@Inject::iris$overrideLightningShader(Lorg/spongepowered/asm/mixin/injection/callback/CallbackInfoReturnable;)V does use it's CallbackInfoReturnable
[08:47:59] [modloading-worker-0/DEBUG] [mixin/]: mixins.iris.json:MixinGameRenderer from mod iris->@Inject::iris$overrideCrumblingShader(Lorg/spongepowered/asm/mixin/injection/callback/CallbackInfoReturnable;)V does use it's CallbackInfoReturnable
[08:47:59] [modloading-worker-0/DEBUG] [mixin/]: mixins.iris.json:MixinGameRenderer from mod iris->@Inject::iris$overrideTextShader(Lorg/spongepowered/asm/mixin/injection/callback/CallbackInfoReturnable;)V does use it's CallbackInfoReturnable
[08:47:59] [modloading-worker-0/DEBUG] [mixin/]: mixins.iris.json:MixinGameRenderer from mod iris->@Inject::iris$overrideTextShader(Lorg/spongepowered/asm/mixin/injection/callback/CallbackInfoReturnable;)V does use it's CallbackInfoReturnable
[08:47:59] [modloading-worker-0/DEBUG] [mixin/]: mixins.iris.json:MixinGameRenderer from mod iris->@Inject::iris$overrideTextShader(Lorg/spongepowered/asm/mixin/injection/callback/CallbackInfoReturnable;)V does use it's CallbackInfoReturnable
[08:47:59] [modloading-worker-0/DEBUG] [mixin/]: mixins.iris.json:MixinGameRenderer from mod iris->@Inject::iris$overrideTextBackgroundShader(Lorg/spongepowered/asm/mixin/injection/callback/CallbackInfoReturnable;)V does use it's CallbackInfoReturnable
[08:47:59] [modloading-worker-0/DEBUG] [mixin/]: mixins.iris.json:MixinGameRenderer from mod iris->@Inject::iris$overrideTextBackgroundShader(Lorg/spongepowered/asm/mixin/injection/callback/CallbackInfoReturnable;)V does use it's CallbackInfoReturnable
[08:47:59] [modloading-worker-0/DEBUG] [mixin/]: mixins.iris.json:MixinGameRenderer from mod iris->@Inject::iris$overrideTextIntensityShader(Lorg/spongepowered/asm/mixin/injection/callback/CallbackInfoReturnable;)V does use it's CallbackInfoReturnable
[08:47:59] [modloading-worker-0/DEBUG] [mixin/]: mixins.iris.json:MixinGameRenderer from mod iris->@Inject::iris$overrideTextIntensityShader(Lorg/spongepowered/asm/mixin/injection/callback/CallbackInfoReturnable;)V does use it's CallbackInfoReturnable
[08:47:59] [modloading-worker-0/DEBUG] [mixin/]: mixins.iris.json:MixinGameRenderer from mod iris->@Inject::iris$overrideLinesShader(Lorg/spongepowered/asm/mixin/injection/callback/CallbackInfoReturnable;)V does use it's CallbackInfoReturnable
[08:47:59] [modloading-worker-0/DEBUG] [mixin/]: mixins.iris.json:MixinGameRenderer from mod iris->@Inject::iris$startFrame(Lnet/minecraft/client/DeltaTracker;ZLorg/spongepowered/asm/mixin/injection/callback/CallbackInfo;)V doesn't use it's CallbackInfo
[08:47:59] [modloading-worker-0/DEBUG] [mixin/]: mixins.iris.json:MixinGameRenderer from mod iris->@Inject::iris$startFrame(Lnet/minecraft/client/DeltaTracker;ZLorg/spongepowered/asm/mixin/injection/callback/CallbackInfo;)V has 0 override(s) in child classes
[08:47:59] [modloading-worker-0/DEBUG] [mixin/]: mixins.iris.json:MixinGameRenderer from mod iris->@Inject::iris$startFrame(Lnet/minecraft/client/DeltaTracker;ZLorg/spongepowered/asm/mixin/injection/callback/CallbackInfo;)V won't be passed a CallbackInfo as a result
[08:47:59] [modloading-worker-0/DEBUG] [mixin/]: mixins.iris.json:MixinGameRenderer from mod iris->@Inject::iris$logSystem(Lnet/minecraft/client/Minecraft;Lnet/minecraft/client/renderer/ItemInHandRenderer;Lnet/minecraft/server/packs/resources/ResourceManager;Lnet/minecraft/client/renderer/RenderBuffers;Lorg/spongepowered/asm/mixin/injection/callback/CallbackInfo;)V doesn't use it's CallbackInfo
[08:47:59] [modloading-worker-0/DEBUG] [mixin/]: mixins.iris.json:MixinGameRenderer from mod iris->@Inject::iris$logSystem(Lnet/minecraft/client/Minecraft;Lnet/minecraft/client/renderer/ItemInHandRenderer;Lnet/minecraft/server/packs/resources/ResourceManager;Lnet/minecraft/client/renderer/RenderBuffers;Lorg/spongepowered/asm/mixin/injection/callback/CallbackInfo;)V has 0 override(s) in child classes
[08:47:59] [modloading-worker-0/DEBUG] [mixin/]: mixins.iris.json:MixinGameRenderer from mod iris->@Inject::iris$logSystem(Lnet/minecraft/client/Minecraft;Lnet/minecraft/client/renderer/ItemInHandRenderer;Lnet/minecraft/server/packs/resources/ResourceManager;Lnet/minecraft/client/renderer/RenderBuffers;Lorg/spongepowered/asm/mixin/injection/callback/CallbackInfo;)V won't be passed a CallbackInfo as a result
[08:47:59] [modloading-worker-0/DEBUG] [mixin/]: mixins.iris.json:MixinGameRenderer from mod iris->@Inject::iris$runColorSpace(Lnet/minecraft/client/DeltaTracker;Lorg/spongepowered/asm/mixin/injection/callback/CallbackInfo;)V doesn't use it's CallbackInfo
[08:47:59] [modloading-worker-0/DEBUG] [mixin/]: mixins.iris.json:MixinGameRenderer from mod iris->@Inject::iris$runColorSpace(Lnet/minecraft/client/DeltaTracker;Lorg/spongepowered/asm/mixin/injection/callback/CallbackInfo;)V has 0 override(s) in child classes
[08:47:59] [modloading-worker-0/DEBUG] [mixin/]: mixins.iris.json:MixinGameRenderer from mod iris->@Inject::iris$runColorSpace(Lnet/minecraft/client/DeltaTracker;Lorg/spongepowered/asm/mixin/injection/callback/CallbackInfo;)V won't be passed a CallbackInfo as a result
[08:47:59] [modloading-worker-0/DEBUG] [mixin/]: mixins.iris.json:MixinModelViewBobbing from mod iris->@Inject::iris$saveShadersOn(Lnet/minecraft/client/DeltaTracker;Lorg/spongepowered/asm/mixin/injection/callback/CallbackInfo;)V doesn't use it's CallbackInfo
[08:47:59] [modloading-worker-0/DEBUG] [mixin/]: mixins.iris.json:MixinModelViewBobbing from mod iris->@Inject::iris$saveShadersOn(Lnet/minecraft/client/DeltaTracker;Lorg/spongepowered/asm/mixin/injection/callback/CallbackInfo;)V has 0 override(s) in child classes
[08:47:59] [modloading-worker-0/DEBUG] [mixin/]: mixins.iris.json:MixinModelViewBobbing from mod iris->@Inject::iris$saveShadersOn(Lnet/minecraft/client/DeltaTracker;Lorg/spongepowered/asm/mixin/injection/callback/CallbackInfo;)V won't be passed a CallbackInfo as a result
[08:47:59] [modloading-worker-0/DEBUG] [mixin/]: mixins.iris.json:MixinGameRenderer_NightVisionCompat from mod iris->@Inject::iris$safecheckNightvisionStrength(Lnet/minecraft/world/entity/LivingEntity;FLorg/spongepowered/asm/mixin/injection/callback/CallbackInfoReturnable;)V does use it's CallbackInfoReturnable
[08:47:59] [modloading-worker-0/DEBUG] [ne.ne.ne.in.ve.ne.NeoForgeVersion/CORE]: Found NeoForge version 21.1.172
[08:47:59] [modloading-worker-0/DEBUG] [ne.ne.ne.in.ve.ne.NeoForgeVersion/CORE]: Found FML version 4.0.39
[08:47:59] [modloading-worker-0/INFO] [ne.ne.ne.co.NeoForgeMod/NEOFORGE-MOD]: NeoForge mod loading, version 21.1.172, for MC 1.21.1
[08:47:59] [modloading-worker-0/DEBUG] [mixin/]: Mixing features.shader.uniform.ShaderInstanceMixin from sodium-common.mixins.json into net.minecraft.client.renderer.ShaderInstance
[08:47:59] [modloading-worker-0/DEBUG] [mixin/]: sodium-common.mixins.json:features.shader.uniform.ShaderInstanceMixin from mod sodium: Class version 65 required is higher than the class version supported by the current version of Mixin (JAVA_17 supports class version 61)
[08:47:59] [modloading-worker-0/DEBUG] [mixin/]: Mixing MixinShaderInstance from mixins.iris.json into net.minecraft.client.renderer.ShaderInstance
[08:47:59] [modloading-worker-0/DEBUG] [mixin/]: mixins.iris.json:MixinShaderInstance from mod iris: Class version 65 required is higher than the class version supported by the current version of Mixin (JAVA_8 supports class version 52)
[08:47:59] [modloading-worker-0/DEBUG] [mixin/]: Renaming synthetic method lambda$iris$storeSkipFabric$0(Ljava/lang/Class;)Ljava/lang/invoke/MethodHandle; to md7ea5ce$iris$lambda$iris$storeSkipFabric$0$0 in mixins.iris.json:MixinShaderInstance from mod iris
[08:47:59] [modloading-worker-0/DEBUG] [mixin/]: Mixing MixinShaderInstance from mixins.iris.forge.json into net.minecraft.client.renderer.ShaderInstance
[08:47:59] [modloading-worker-0/DEBUG] [mixin/]: mixins.iris.forge.json:MixinShaderInstance from mod iris: Class version 65 required is higher than the class version supported by the current version of Mixin (JAVA_8 supports class version 52)
[08:47:59] [modloading-worker-0/DEBUG] [mixin/]: Renaming synthetic method lambda$iriss$storeSkipNeo$0(Ljava/lang/Class;)Ljava/lang/invoke/MethodHandle; to md7ea5ce$iris$lambda$iriss$storeSkipNeo$0$1 in mixins.iris.forge.json:MixinShaderInstance from mod iris
[08:47:59] [modloading-worker-0/DEBUG] [mixin/]: sodium-common.mixins.json:features.shader.uniform.ShaderInstanceMixin from mod sodium->@Inject::initCache(Lorg/spongepowered/asm/mixin/injection/callback/CallbackInfo;)V doesn't use it's CallbackInfo
[08:47:59] [modloading-worker-0/DEBUG] [mixin/]: sodium-common.mixins.json:features.shader.uniform.ShaderInstanceMixin from mod sodium->@Inject::initCache(Lorg/spongepowered/asm/mixin/injection/callback/CallbackInfo;)V has 0 override(s) in child classes
[08:47:59] [modloading-worker-0/DEBUG] [mixin/]: sodium-common.mixins.json:features.shader.uniform.ShaderInstanceMixin from mod sodium->@Inject::initCache(Lorg/spongepowered/asm/mixin/injection/callback/CallbackInfo;)V won't be passed a CallbackInfo as a result
[08:47:59] [modloading-worker-0/DEBUG] [mixin/]: mixins.iris.json:MixinShaderInstance from mod iris->@Inject::name(Lnet/minecraft/server/packs/resources/ResourceProvider;Ljava/lang/String;Lcom/mojang/blaze3d/vertex/VertexFormat;Lorg/spongepowered/asm/mixin/injection/callback/CallbackInfo;)V doesn't use it's CallbackInfo
[08:47:59] [modloading-worker-0/DEBUG] [mixin/]: mixins.iris.json:MixinShaderInstance from mod iris->@Inject::name(Lnet/minecraft/server/packs/resources/ResourceProvider;Ljava/lang/String;Lcom/mojang/blaze3d/vertex/VertexFormat;Lorg/spongepowered/asm/mixin/injection/callback/CallbackInfo;)V has 0 override(s) in child classes
[08:47:59] [modloading-worker-0/DEBUG] [mixin/]: mixins.iris.json:MixinShaderInstance from mod iris->@Inject::name(Lnet/minecraft/server/packs/resources/ResourceProvider;Ljava/lang/String;Lcom/mojang/blaze3d/vertex/VertexFormat;Lorg/spongepowered/asm/mixin/injection/callback/CallbackInfo;)V won't be passed a CallbackInfo as a result
[08:47:59] [modloading-worker-0/DEBUG] [mixin/]: mixins.iris.json:MixinShaderInstance from mod iris->@Inject::iris$lockDepthColorState(Lorg/spongepowered/asm/mixin/injection/callback/CallbackInfo;)V doesn't use it's CallbackInfo
[08:47:59] [modloading-worker-0/DEBUG] [mixin/]: mixins.iris.json:MixinShaderInstance from mod iris->@Inject::iris$lockDepthColorState(Lorg/spongepowered/asm/mixin/injection/callback/CallbackInfo;)V has 0 override(s) in child classes
[08:47:59] [modloading-worker-0/DEBUG] [mixin/]: mixins.iris.json:MixinShaderInstance from mod iris->@Inject::iris$lockDepthColorState(Lorg/spongepowered/asm/mixin/injection/callback/CallbackInfo;)V won't be passed a CallbackInfo as a result
[08:47:59] [modloading-worker-0/DEBUG] [mixin/]: mixins.iris.json:MixinShaderInstance from mod iris->@Inject::onTail(Lorg/spongepowered/asm/mixin/injection/callback/CallbackInfo;)V doesn't use it's CallbackInfo
[08:47:59] [modloading-worker-0/DEBUG] [mixin/]: mixins.iris.json:MixinShaderInstance from mod iris->@Inject::onTail(Lorg/spongepowered/asm/mixin/injection/callback/CallbackInfo;)V has 0 override(s) in child classes
[08:47:59] [modloading-worker-0/DEBUG] [mixin/]: mixins.iris.json:MixinShaderInstance from mod iris->@Inject::onTail(Lorg/spongepowered/asm/mixin/injection/callback/CallbackInfo;)V won't be passed a CallbackInfo as a result
[08:47:59] [modloading-worker-0/DEBUG] [mixin/]: mixins.iris.json:MixinShaderInstance from mod iris->@Inject::iris$unlockDepthColorState(Lorg/spongepowered/asm/mixin/injection/callback/CallbackInfo;)V doesn't use it's CallbackInfo
[08:47:59] [modloading-worker-0/DEBUG] [mixin/]: mixins.iris.json:MixinShaderInstance from mod iris->@Inject::iris$unlockDepthColorState(Lorg/spongepowered/asm/mixin/injection/callback/CallbackInfo;)V has 0 override(s) in child classes
[08:47:59] [modloading-worker-0/DEBUG] [mixin/]: mixins.iris.json:MixinShaderInstance from mod iris->@Inject::iris$unlockDepthColorState(Lorg/spongepowered/asm/mixin/injection/callback/CallbackInfo;)V won't be passed a CallbackInfo as a result
[08:47:59] [modloading-worker-0/DEBUG] [mixin/]: mixins.iris.forge.json:MixinShaderInstance from mod iris->@Inject::iris$setupGeometryShader(Lnet/minecraft/server/packs/resources/ResourceProvider;Lnet/minecraft/resources/ResourceLocation;Lcom/mojang/blaze3d/vertex/VertexFormat;Lorg/spongepowered/asm/mixin/injection/callback/CallbackInfo;)V doesn't use it's CallbackInfo
[08:47:59] [modloading-worker-0/DEBUG] [mixin/]: mixins.iris.forge.json:MixinShaderInstance from mod iris->@Inject::iris$setupGeometryShader(Lnet/minecraft/server/packs/resources/ResourceProvider;Lnet/minecraft/resources/ResourceLocation;Lcom/mojang/blaze3d/vertex/VertexFormat;Lorg/spongepowered/asm/mixin/injection/callback/CallbackInfo;)V has 0 override(s) in child classes
[08:47:59] [modloading-worker-0/DEBUG] [mixin/]: mixins.iris.forge.json:MixinShaderInstance from mod iris->@Inject::iris$setupGeometryShader(Lnet/minecraft/server/packs/resources/ResourceProvider;Lnet/minecraft/resources/ResourceLocation;Lcom/mojang/blaze3d/vertex/VertexFormat;Lorg/spongepowered/asm/mixin/injection/callback/CallbackInfo;)V won't be passed a CallbackInfo as a result
[08:47:59] [modloading-worker-0/DEBUG] [mixin/]: mixins.iris.forge.json:MixinShaderInstance from mod iris->@Inject::iriss$storeSkipNeo(Lnet/minecraft/server/packs/resources/ResourceProvider;Lnet/minecraft/resources/ResourceLocation;Lcom/mojang/blaze3d/vertex/VertexFormat;Lorg/spongepowered/asm/mixin/injection/callback/CallbackInfo;)V doesn't use it's CallbackInfo
[08:47:59] [modloading-worker-0/DEBUG] [mixin/]: mixins.iris.forge.json:MixinShaderInstance from mod iris->@Inject::iriss$storeSkipNeo(Lnet/minecraft/server/packs/resources/ResourceProvider;Lnet/minecraft/resources/ResourceLocation;Lcom/mojang/blaze3d/vertex/VertexFormat;Lorg/spongepowered/asm/mixin/injection/callback/CallbackInfo;)V has 0 override(s) in child classes
[08:47:59] [modloading-worker-0/DEBUG] [mixin/]: mixins.iris.forge.json:MixinShaderInstance from mod iris->@Inject::iriss$storeSkipNeo(Lnet/minecraft/server/packs/resources/ResourceProvider;Lnet/minecraft/resources/ResourceLocation;Lcom/mojang/blaze3d/vertex/VertexFormat;Lorg/spongepowered/asm/mixin/injection/callback/CallbackInfo;)V won't be passed a CallbackInfo as a result
[08:47:59] [modloading-worker-0/DEBUG] [mixin/]: Mixing core.render.TextureAtlasMixin from sodium-common.mixins.json into net.minecraft.client.renderer.texture.TextureAtlas
[08:47:59] [modloading-worker-0/DEBUG] [mixin/]: sodium-common.mixins.json:core.render.TextureAtlasMixin from mod sodium: Class version 65 required is higher than the class version supported by the current version of Mixin (JAVA_17 supports class version 61)
[08:47:59] [modloading-worker-0/DEBUG] [mixin/]: Mixing core.render.texture.TextureAtlasAccessor from sodium-common.mixins.json into net.minecraft.client.renderer.texture.TextureAtlas
[08:47:59] [modloading-worker-0/DEBUG] [mixin/]: sodium-common.mixins.json:core.render.texture.TextureAtlasAccessor from mod sodium: Class version 65 required is higher than the class version supported by the current version of Mixin (JAVA_17 supports class version 61)
[08:47:59] [modloading-worker-0/DEBUG] [mixin/]: Mixing features.textures.animations.tracking.TextureAtlasMixin from sodium-common.mixins.json into net.minecraft.client.renderer.texture.TextureAtlas
[08:47:59] [modloading-worker-0/DEBUG] [mixin/]: sodium-common.mixins.json:features.textures.animations.tracking.TextureAtlasMixin from mod sodium: Class version 65 required is higher than the class version supported by the current version of Mixin (JAVA_17 supports class version 61)
[08:47:59] [modloading-worker-0/DEBUG] [mixin/]: Mixing texture.TextureAtlasAccessor from mixins.iris.json into net.minecraft.client.renderer.texture.TextureAtlas
[08:47:59] [modloading-worker-0/DEBUG] [mixin/]: mixins.iris.json:texture.TextureAtlasAccessor from mod iris: Class version 65 required is higher than the class version supported by the current version of Mixin (JAVA_8 supports class version 52)
[08:47:59] [modloading-worker-0/DEBUG] [mixin/]: Mixing texture.pbr.MixinTextureAtlas from mixins.iris.json into net.minecraft.client.renderer.texture.TextureAtlas
[08:47:59] [modloading-worker-0/DEBUG] [mixin/]: mixins.iris.json:texture.pbr.MixinTextureAtlas from mod iris: Class version 65 required is higher than the class version supported by the current version of Mixin (JAVA_8 supports class version 52)
[08:47:59] [modloading-worker-0/DEBUG] [mixin/]: Mixing client.SpriteAtlasTextureMixin from fabric-renderer-api-v1.mixins.json into net.minecraft.client.renderer.texture.TextureAtlas
[08:47:59] [modloading-worker-0/DEBUG] [mixin/]: sodium-common.mixins.json:core.render.TextureAtlasMixin from mod sodium->@Inject::sodium$deleteSpriteFinder(Lnet/minecraft/client/renderer/texture/SpriteLoader$Preparations;Lorg/spongepowered/asm/mixin/injection/callback/CallbackInfo;)V doesn't use it's CallbackInfo
[08:47:59] [modloading-worker-0/DEBUG] [mixin/]: sodium-common.mixins.json:core.render.TextureAtlasMixin from mod sodium->@Inject::sodium$deleteSpriteFinder(Lnet/minecraft/client/renderer/texture/SpriteLoader$Preparations;Lorg/spongepowered/asm/mixin/injection/callback/CallbackInfo;)V has 0 override(s) in child classes
[08:47:59] [modloading-worker-0/DEBUG] [mixin/]: sodium-common.mixins.json:core.render.TextureAtlasMixin from mod sodium->@Inject::sodium$deleteSpriteFinder(Lnet/minecraft/client/renderer/texture/SpriteLoader$Preparations;Lorg/spongepowered/asm/mixin/injection/callback/CallbackInfo;)V won't be passed a CallbackInfo as a result
[08:47:59] [modloading-worker-0/DEBUG] [mixin/]: sodium-common.mixins.json:features.textures.animations.tracking.TextureAtlasMixin from mod sodium->@Inject::preReturnSprite(Lorg/spongepowered/asm/mixin/injection/callback/CallbackInfoReturnable;)V does use it's CallbackInfoReturnable
[08:47:59] [modloading-worker-0/DEBUG] [mixin/]: mixins.iris.json:texture.pbr.MixinTextureAtlas from mod iris->@Inject::iris$onTailCycleAnimationFrames(Lorg/spongepowered/asm/mixin/injection/callback/CallbackInfo;)V doesn't use it's CallbackInfo
[08:47:59] [modloading-worker-0/DEBUG] [mixin/]: mixins.iris.json:texture.pbr.MixinTextureAtlas from mod iris->@Inject::iris$onTailCycleAnimationFrames(Lorg/spongepowered/asm/mixin/injection/callback/CallbackInfo;)V has 0 override(s) in child classes
[08:47:59] [modloading-worker-0/DEBUG] [mixin/]: mixins.iris.json:texture.pbr.MixinTextureAtlas from mod iris->@Inject::iris$onTailCycleAnimationFrames(Lorg/spongepowered/asm/mixin/injection/callback/CallbackInfo;)V won't be passed a CallbackInfo as a result
[08:47:59] [modloading-worker-0/DEBUG] [mixin/]: fabric-renderer-api-v1.mixins.json:client.SpriteAtlasTextureMixin from mod fabric_renderer_api_v1->@Inject::uploadHook(Lnet/minecraft/client/renderer/texture/SpriteLoader$Preparations;Lorg/spongepowered/asm/mixin/injection/callback/CallbackInfo;)V doesn't use it's CallbackInfo
[08:47:59] [modloading-worker-0/DEBUG] [mixin/]: fabric-renderer-api-v1.mixins.json:client.SpriteAtlasTextureMixin from mod fabric_renderer_api_v1->@Inject::uploadHook(Lnet/minecraft/client/renderer/texture/SpriteLoader$Preparations;Lorg/spongepowered/asm/mixin/injection/callback/CallbackInfo;)V has 0 override(s) in child classes
[08:47:59] [modloading-worker-0/DEBUG] [mixin/]: fabric-renderer-api-v1.mixins.json:client.SpriteAtlasTextureMixin from mod fabric_renderer_api_v1->@Inject::uploadHook(Lnet/minecraft/client/renderer/texture/SpriteLoader$Preparations;Lorg/spongepowered/asm/mixin/injection/callback/CallbackInfo;)V won't be passed a CallbackInfo as a result
[08:47:59] [ForkJoinPool.commonPool-worker-5/DEBUG] [mixin/]: Mixing iris.MixinStandardMacros from client.voxy.mixins.json into net.irisshaders.iris.gl.shader.StandardMacros
[08:47:59] [ForkJoinPool.commonPool-worker-5/DEBUG] [mixin/]: client.voxy.mixins.json:iris.MixinStandardMacros from mod voxy: Class version 65 required is higher than the class version supported by the current version of Mixin (JAVA_17 supports class version 61)
[08:47:59] [modloading-worker-0/DEBUG] [ne.ne.fm.co.ConfigTracker/CONFIG]: Config file neoforge-client.toml for neoforge tracking
[08:47:59] [modloading-worker-0/DEBUG] [ne.ne.fm.co.ConfigTracker/CONFIG]: Config file neoforge-server.toml for neoforge tracking
[08:47:59] [ForkJoinPool.commonPool-worker-5/WARN] [Iris/]: [Iris Update Check] This version doesn't have an update index, skipping.
[08:47:59] [modloading-worker-0/DEBUG] [ne.ne.fm.co.ConfigTracker/CONFIG]: Config file neoforge-common.toml for neoforge tracking
[08:47:59] [modloading-worker-0/DEBUG] [mixin/]: Mixing CompositeStateAccessor from iris-batched-entity-rendering.mixins.json into net.minecraft.client.renderer.RenderType$CompositeState
[08:47:59] [modloading-worker-0/DEBUG] [mixin/]: iris-batched-entity-rendering.mixins.json:CompositeStateAccessor from mod iris: Class version 65 required is higher than the class version supported by the current version of Mixin (JAVA_8 supports class version 52)
[08:47:59] [modloading-worker-0/DEBUG] [mixin/]: Mixing features.render.frapi.ItemRendererMixin from sodium-common.mixins.json into net.minecraft.client.renderer.entity.ItemRenderer
[08:47:59] [modloading-worker-0/DEBUG] [mixin/]: sodium-common.mixins.json:features.render.frapi.ItemRendererMixin from mod sodium: Class version 65 required is higher than the class version supported by the current version of Mixin (JAVA_17 supports class version 61)
[08:47:59] [modloading-worker-0/DEBUG] [mixin/]: Renaming synthetic method lambda$new$0()Lnet/caffeinemc/mods/sodium/client/render/frapi/render/ItemRenderContext; to md7ea5ce$sodium$lambda$new$0$0 in sodium-common.mixins.json:features.render.frapi.ItemRendererMixin from mod sodium
[08:47:59] [modloading-worker-0/DEBUG] [mixin/]: Mixing features.render.frapi.ItemRendererAccessor from sodium-common.mixins.json into net.minecraft.client.renderer.entity.ItemRenderer
[08:47:59] [modloading-worker-0/DEBUG] [mixin/]: sodium-common.mixins.json:features.render.frapi.ItemRendererAccessor from mod sodium: Class version 65 required is higher than the class version supported by the current version of Mixin (JAVA_17 supports class version 61)
[08:47:59] [modloading-worker-0/DEBUG] [mixin/]: Renaming @Invoker method sodium$hasAnimatedTexture(Lnet/minecraft/world/item/ItemStack;)Z to hasAnimatedTexture$sodium_$md$7ea5ce$1 in sodium-common.mixins.json:features.render.frapi.ItemRendererAccessor from mod sodium
[08:47:59] [modloading-worker-0/DEBUG] [mixin/]: Mixing features.render.model.item.ItemRendererMixin from sodium-common.mixins.json into net.minecraft.client.renderer.entity.ItemRenderer
[08:47:59] [modloading-worker-0/DEBUG] [mixin/]: sodium-common.mixins.json:features.render.model.item.ItemRendererMixin from mod sodium: Class version 65 required is higher than the class version supported by the current version of Mixin (JAVA_17 supports class version 61)
[08:47:59] [modloading-worker-0/DEBUG] [mixin/]: Mixing entity_render_context.MixinItemRenderer from mixins.iris.json into net.minecraft.client.renderer.entity.ItemRenderer
[08:47:59] [modloading-worker-0/DEBUG] [mixin/]: mixins.iris.json:entity_render_context.MixinItemRenderer from mod iris: Class version 65 required is higher than the class version supported by the current version of Mixin (JAVA_8 supports class version 52)
[08:47:59] [modloading-worker-0/DEBUG] [mixin/]: sodium-common.mixins.json:features.render.frapi.ItemRendererMixin from mod sodium->@Inject::beforeRenderItem(Lnet/minecraft/world/item/ItemStack;Lnet/minecraft/world/item/ItemDisplayContext;ZLcom/mojang/blaze3d/vertex/PoseStack;Lnet/minecraft/client/renderer/MultiBufferSource;IILnet/minecraft/client/resources/model/BakedModel;Lorg/spongepowered/asm/mixin/injection/callback/CallbackInfo;)V does use it's CallbackInfo
[08:47:59] [modloading-worker-0/DEBUG] [mixin/]: mixins.iris.json:entity_render_context.MixinItemRenderer from mod iris->@Inject::changeId(Lnet/minecraft/world/item/ItemStack;Lnet/minecraft/world/item/ItemDisplayContext;ZLcom/mojang/blaze3d/vertex/PoseStack;Lnet/minecraft/client/renderer/MultiBufferSource;IILnet/minecraft/client/resources/model/BakedModel;Lorg/spongepowered/asm/mixin/injection/callback/CallbackInfo;)V doesn't use it's CallbackInfo
[08:47:59] [modloading-worker-0/DEBUG] [mixin/]: mixins.iris.json:entity_render_context.MixinItemRenderer from mod iris->@Inject::changeId(Lnet/minecraft/world/item/ItemStack;Lnet/minecraft/world/item/ItemDisplayContext;ZLcom/mojang/blaze3d/vertex/PoseStack;Lnet/minecraft/client/renderer/MultiBufferSource;IILnet/minecraft/client/resources/model/BakedModel;Lorg/spongepowered/asm/mixin/injection/callback/CallbackInfo;)V has 0 override(s) in child classes
[08:47:59] [modloading-worker-0/DEBUG] [mixin/]: mixins.iris.json:entity_render_context.MixinItemRenderer from mod iris->@Inject::changeId(Lnet/minecraft/world/item/ItemStack;Lnet/minecraft/world/item/ItemDisplayContext;ZLcom/mojang/blaze3d/vertex/PoseStack;Lnet/minecraft/client/renderer/MultiBufferSource;IILnet/minecraft/client/resources/model/BakedModel;Lorg/spongepowered/asm/mixin/injection/callback/CallbackInfo;)V won't be passed a CallbackInfo as a result
[08:47:59] [modloading-worker-0/DEBUG] [mixin/]: mixins.iris.json:entity_render_context.MixinItemRenderer from mod iris->@Inject::changeId3(Lorg/spongepowered/asm/mixin/injection/callback/CallbackInfo;)V doesn't use it's CallbackInfo
[08:47:59] [modloading-worker-0/DEBUG] [mixin/]: mixins.iris.json:entity_render_context.MixinItemRenderer from mod iris->@Inject::changeId3(Lorg/spongepowered/asm/mixin/injection/callback/CallbackInfo;)V has 0 override(s) in child classes
[08:47:59] [modloading-worker-0/DEBUG] [mixin/]: mixins.iris.json:entity_render_context.MixinItemRenderer from mod iris->@Inject::changeId3(Lorg/spongepowered/asm/mixin/injection/callback/CallbackInfo;)V won't be passed a CallbackInfo as a result
[08:47:59] [modloading-worker-0/DEBUG] [mixin/]: Mixing MixinTheEndPortalRenderer from mixins.iris.json into net.minecraft.client.renderer.blockentity.TheEndPortalRenderer
[08:47:59] [modloading-worker-0/DEBUG] [mixin/]: mixins.iris.json:MixinTheEndPortalRenderer from mod iris: Class version 65 required is higher than the class version supported by the current version of Mixin (JAVA_8 supports class version 52)
[08:47:59] [modloading-worker-0/DEBUG] [mixin/]: mixins.iris.json:MixinTheEndPortalRenderer from mod iris->@Inject::iris$onRender(Lnet/minecraft/world/level/block/entity/TheEndPortalBlockEntity;FLcom/mojang/blaze3d/vertex/PoseStack;Lnet/minecraft/client/renderer/MultiBufferSource;IILorg/spongepowered/asm/mixin/injection/callback/CallbackInfo;)V does use it's CallbackInfo
[08:47:59] [modloading-worker-0/DEBUG] [mixin/]: Mixing immediate.MixinLevelRenderer from mixins.iris.vertexformat.json into net.minecraft.client.renderer.LevelRenderer
[08:47:59] [modloading-worker-0/DEBUG] [mixin/]: mixins.iris.vertexformat.json:immediate.MixinLevelRenderer from mod iris: Class version 65 required is higher than the class version supported by the current version of Mixin (JAVA_8 supports class version 52)
[08:47:59] [modloading-worker-0/DEBUG] [mixin/]: Mixing MixinLevelRenderer from iris-batched-entity-rendering.mixins.json into net.minecraft.client.renderer.LevelRenderer
[08:47:59] [modloading-worker-0/DEBUG] [mixin/]: iris-batched-entity-rendering.mixins.json:MixinLevelRenderer from mod iris: Class version 65 required is higher than the class version supported by the current version of Mixin (JAVA_8 supports class version 52)
[08:47:59] [modloading-worker-0/DEBUG] [mixin/]: Mixing MixinLevelRenderer_EntityListSorting from iris-batched-entity-rendering.mixins.json into net.minecraft.client.renderer.LevelRenderer
[08:47:59] [modloading-worker-0/DEBUG] [mixin/]: iris-batched-entity-rendering.mixins.json:MixinLevelRenderer_EntityListSorting from mod iris: Class version 65 required is higher than the class version supported by the current version of Mixin (JAVA_8 supports class version 52)
[08:47:59] [modloading-worker-0/DEBUG] [mixin/]: Renaming synthetic method lambda$batchedentityrendering$sortEntityList$1(Ljava/util/Map;Lnet/minecraft/world/entity/Entity;)V to md7ea5ce$iris$lambda$batchedentityrendering$sortEntityList$1$0 in iris-batched-entity-rendering.mixins.json:MixinLevelRenderer_EntityListSorting from mod iris
[08:47:59] [modloading-worker-0/DEBUG] [mixin/]: Renaming synthetic method lambda$batchedentityrendering$sortEntityList$0(Lnet/minecraft/world/entity/EntityType;)Ljava/util/List; to md7ea5ce$iris$lambda$batchedentityrendering$sortEntityList$0$1 in iris-batched-entity-rendering.mixins.json:MixinLevelRenderer_EntityListSorting from mod iris
[08:47:59] [modloading-worker-0/DEBUG] [mixin/]: Mixing core.render.world.LevelRendererMixin from sodium-common.mixins.json into net.minecraft.client.renderer.LevelRenderer
[08:47:59] [modloading-worker-0/DEBUG] [mixin/]: sodium-common.mixins.json:core.render.world.LevelRendererMixin from mod sodium: Class version 65 required is higher than the class version supported by the current version of Mixin (JAVA_17 supports class version 61)
[08:47:59] [modloading-worker-0/DEBUG] [mixin/]: Mixing features.options.weather.LevelRendererMixin from sodium-common.mixins.json into net.minecraft.client.renderer.LevelRenderer
[08:47:59] [modloading-worker-0/DEBUG] [mixin/]: sodium-common.mixins.json:features.options.weather.LevelRendererMixin from mod sodium: Class version 65 required is higher than the class version supported by the current version of Mixin (JAVA_17 supports class version 61)
[08:47:59] [modloading-worker-0/DEBUG] [mixin/]: Mixing features.render.gui.outlines.LevelRendererMixin from sodium-common.mixins.json into net.minecraft.client.renderer.LevelRenderer
[08:47:59] [modloading-worker-0/DEBUG] [mixin/]: sodium-common.mixins.json:features.render.gui.outlines.LevelRendererMixin from mod sodium: Class version 65 required is higher than the class version supported by the current version of Mixin (JAVA_17 supports class version 61)
[08:47:59] [modloading-worker-0/DEBUG] [mixin/]: Mixing features.render.world.clouds.LevelRendererMixin from sodium-common.mixins.json into net.minecraft.client.renderer.LevelRenderer
[08:47:59] [modloading-worker-0/DEBUG] [mixin/]: sodium-common.mixins.json:features.render.world.clouds.LevelRendererMixin from mod sodium: Class version 65 required is higher than the class version supported by the current version of Mixin (JAVA_17 supports class version 61)
[08:47:59] [modloading-worker-0/DEBUG] [mixin/]: Mixing LevelRendererAccessor from mixins.iris.json into net.minecraft.client.renderer.LevelRenderer
[08:47:59] [modloading-worker-0/DEBUG] [mixin/]: mixins.iris.json:LevelRendererAccessor from mod iris: Class version 65 required is higher than the class version supported by the current version of Mixin (JAVA_8 supports class version 52)
[08:47:59] [modloading-worker-0/DEBUG] [mixin/]: Mixing MixinLevelRenderer from mixins.iris.json into net.minecraft.client.renderer.LevelRenderer
[08:47:59] [modloading-worker-0/DEBUG] [mixin/]: mixins.iris.json:MixinLevelRenderer from mod iris: Class version 65 required is higher than the class version supported by the current version of Mixin (JAVA_8 supports class version 52)
[08:47:59] [modloading-worker-0/DEBUG] [mixin/]: Renaming synthetic method lambda$iris$endLevelRender$0(Lnet/irisshaders/iris/UpdateChecker$BetaInfo;)V to md7ea5ce$iris$lambda$iris$endLevelRender$0$2 in mixins.iris.json:MixinLevelRenderer from mod iris
[08:47:59] [modloading-worker-0/DEBUG] [mixin/]: Mixing MixinLevelRenderer_SkipRendering from mixins.iris.json into net.minecraft.client.renderer.LevelRenderer
[08:47:59] [modloading-worker-0/DEBUG] [mixin/]: mixins.iris.json:MixinLevelRenderer_SkipRendering from mod iris: Class version 65 required is higher than the class version supported by the current version of Mixin (JAVA_8 supports class version 52)
[08:47:59] [modloading-worker-0/DEBUG] [mixin/]: Mixing MixinLevelRenderer_Sky from mixins.iris.json into net.minecraft.client.renderer.LevelRenderer
[08:47:59] [modloading-worker-0/DEBUG] [mixin/]: mixins.iris.json:MixinLevelRenderer_Sky from mod iris: Class version 65 required is higher than the class version supported by the current version of Mixin (JAVA_8 supports class version 52)
[08:47:59] [modloading-worker-0/DEBUG] [mixin/]: Mixing fabulous.MixinDisableFabulousGraphics from mixins.iris.json into net.minecraft.client.renderer.LevelRenderer
[08:47:59] [modloading-worker-0/DEBUG] [mixin/]: mixins.iris.json:fabulous.MixinDisableFabulousGraphics from mod iris: Class version 65 required is higher than the class version supported by the current version of Mixin (JAVA_8 supports class version 52)
[08:47:59] [modloading-worker-0/DEBUG] [mixin/]: Mixing shadows.MixinLevelRenderer from mixins.iris.json into net.minecraft.client.renderer.LevelRenderer
[08:47:59] [modloading-worker-0/DEBUG] [mixin/]: mixins.iris.json:shadows.MixinLevelRenderer from mod iris: Class version 65 required is higher than the class version supported by the current version of Mixin (JAVA_8 supports class version 52)
[08:47:59] [modloading-worker-0/DEBUG] [mixin/]: Mixing sky.MixinLevelRenderer_SunMoonToggle from mixins.iris.json into net.minecraft.client.renderer.LevelRenderer
[08:47:59] [modloading-worker-0/DEBUG] [mixin/]: mixins.iris.json:sky.MixinLevelRenderer_SunMoonToggle from mod iris: Class version 65 required is higher than the class version supported by the current version of Mixin (JAVA_8 supports class version 52)
[08:47:59] [modloading-worker-0/DEBUG] [mixin/]: Mixing iris.MixinWorldRenderer from client.voxy.mixins.json into net.minecraft.client.renderer.LevelRenderer
[08:47:59] [modloading-worker-0/DEBUG] [mixin/]: client.voxy.mixins.json:iris.MixinWorldRenderer from mod voxy: Class version 65 required is higher than the class version supported by the current version of Mixin (JAVA_17 supports class version 61)
[08:47:59] [modloading-worker-0/DEBUG] [mixin/]: Mixing minecraft.MixinWorldRenderer from client.voxy.mixins.json into net.minecraft.client.renderer.LevelRenderer
[08:47:59] [modloading-worker-0/DEBUG] [mixin/]: client.voxy.mixins.json:minecraft.MixinWorldRenderer from mod voxy: Class version 65 required is higher than the class version supported by the current version of Mixin (JAVA_17 supports class version 61)
[08:47:59] [modloading-worker-0/DEBUG] [mixin/]: Mixing shadows.MixinPreventRebuildNearInShadowPass from mixins.iris.json into net.minecraft.client.renderer.LevelRenderer
[08:47:59] [modloading-worker-0/DEBUG] [mixin/]: mixins.iris.json:shadows.MixinPreventRebuildNearInShadowPass from mod iris: Class version 65 required is higher than the class version supported by the current version of Mixin (JAVA_8 supports class version 52)
[08:47:59] [modloading-worker-0/DEBUG] [mixin/]: client.voxy.mixins.json:iris.MixinWorldRenderer from mod voxy->@Inject::voxy$injectIrisCompat(Lnet/minecraft/client/DeltaTracker;ZLnet/minecraft/client/Camera;Lnet/minecraft/client/renderer/GameRenderer;Lnet/minecraft/client/renderer/LightTexture;Lorg/joml/Matrix4f;Lorg/joml/Matrix4f;Lorg/spongepowered/asm/mixin/injection/callback/CallbackInfo;)V doesn't use it's CallbackInfo
[08:47:59] [modloading-worker-0/DEBUG] [mixin/]: client.voxy.mixins.json:iris.MixinWorldRenderer from mod voxy->@Inject::voxy$injectIrisCompat(Lnet/minecraft/client/DeltaTracker;ZLnet/minecraft/client/Camera;Lnet/minecraft/client/renderer/GameRenderer;Lnet/minecraft/client/renderer/LightTexture;Lorg/joml/Matrix4f;Lorg/joml/Matrix4f;Lorg/spongepowered/asm/mixin/injection/callback/CallbackInfo;)V has 0 override(s) in child classes
[08:47:59] [modloading-worker-0/DEBUG] [mixin/]: client.voxy.mixins.json:iris.MixinWorldRenderer from mod voxy->@Inject::voxy$injectIrisCompat(Lnet/minecraft/client/DeltaTracker;ZLnet/minecraft/client/Camera;Lnet/minecraft/client/renderer/GameRenderer;Lnet/minecraft/client/renderer/LightTexture;Lorg/joml/Matrix4f;Lorg/joml/Matrix4f;Lorg/spongepowered/asm/mixin/injection/callback/CallbackInfo;)V won't be passed a CallbackInfo as a result
[08:47:59] [modloading-worker-0/DEBUG] [mixin/]: client.voxy.mixins.json:minecraft.MixinWorldRenderer from mod voxy->@Inject::reloadVoxyRenderer(Lorg/spongepowered/asm/mixin/injection/callback/CallbackInfo;)V doesn't use it's CallbackInfo
[08:47:59] [modloading-worker-0/DEBUG] [mixin/]: client.voxy.mixins.json:minecraft.MixinWorldRenderer from mod voxy->@Inject::reloadVoxyRenderer(Lorg/spongepowered/asm/mixin/injection/callback/CallbackInfo;)V has 0 override(s) in child classes
[08:47:59] [modloading-worker-0/DEBUG] [mixin/]: client.voxy.mixins.json:minecraft.MixinWorldRenderer from mod voxy->@Inject::reloadVoxyRenderer(Lorg/spongepowered/asm/mixin/injection/callback/CallbackInfo;)V won't be passed a CallbackInfo as a result
[08:47:59] [modloading-worker-0/DEBUG] [mixin/]: mixins.iris.vertexformat.json:immediate.MixinLevelRenderer from mod iris->@Inject::iris$immediateStateBeginLevelRender(Lnet/minecraft/client/DeltaTracker;ZLnet/minecraft/client/Camera;Lnet/minecraft/client/renderer/GameRenderer;Lnet/minecraft/client/renderer/LightTexture;Lorg/joml/Matrix4f;Lorg/joml/Matrix4f;Lorg/spongepowered/asm/mixin/injection/callback/CallbackInfo;)V doesn't use it's CallbackInfo
[08:47:59] [modloading-worker-0/DEBUG] [mixin/]: mixins.iris.vertexformat.json:immediate.MixinLevelRenderer from mod iris->@Inject::iris$immediateStateBeginLevelRender(Lnet/minecraft/client/DeltaTracker;ZLnet/minecraft/client/Camera;Lnet/minecraft/client/renderer/GameRenderer;Lnet/minecraft/client/renderer/LightTexture;Lorg/joml/Matrix4f;Lorg/joml/Matrix4f;Lorg/spongepowered/asm/mixin/injection/callback/CallbackInfo;)V has 0 override(s) in child classes
[08:47:59] [modloading-worker-0/DEBUG] [mixin/]: mixins.iris.vertexformat.json:immediate.MixinLevelRenderer from mod iris->@Inject::iris$immediateStateBeginLevelRender(Lnet/minecraft/client/DeltaTracker;ZLnet/minecraft/client/Camera;Lnet/minecraft/client/renderer/GameRenderer;Lnet/minecraft/client/renderer/LightTexture;Lorg/joml/Matrix4f;Lorg/joml/Matrix4f;Lorg/spongepowered/asm/mixin/injection/callback/CallbackInfo;)V won't be passed a CallbackInfo as a result
[08:47:59] [modloading-worker-0/DEBUG] [mixin/]: mixins.iris.vertexformat.json:immediate.MixinLevelRenderer from mod iris->@Inject::iris$immediateStateEndLevelRender(Lnet/minecraft/client/DeltaTracker;ZLnet/minecraft/client/Camera;Lnet/minecraft/client/renderer/GameRenderer;Lnet/minecraft/client/renderer/LightTexture;Lorg/joml/Matrix4f;Lorg/joml/Matrix4f;Lorg/spongepowered/asm/mixin/injection/callback/CallbackInfo;)V doesn't use it's CallbackInfo
[08:47:59] [modloading-worker-0/DEBUG] [mixin/]: mixins.iris.vertexformat.json:immediate.MixinLevelRenderer from mod iris->@Inject::iris$immediateStateEndLevelRender(Lnet/minecraft/client/DeltaTracker;ZLnet/minecraft/client/Camera;Lnet/minecraft/client/renderer/GameRenderer;Lnet/minecraft/client/renderer/LightTexture;Lorg/joml/Matrix4f;Lorg/joml/Matrix4f;Lorg/spongepowered/asm/mixin/injection/callback/CallbackInfo;)V has 0 override(s) in child classes
[08:47:59] [modloading-worker-0/DEBUG] [mixin/]: mixins.iris.vertexformat.json:immediate.MixinLevelRenderer from mod iris->@Inject::iris$immediateStateEndLevelRender(Lnet/minecraft/client/DeltaTracker;ZLnet/minecraft/client/Camera;Lnet/minecraft/client/renderer/GameRenderer;Lnet/minecraft/client/renderer/LightTexture;Lorg/joml/Matrix4f;Lorg/joml/Matrix4f;Lorg/spongepowered/asm/mixin/injection/callback/CallbackInfo;)V won't be passed a CallbackInfo as a result
[08:47:59] [modloading-worker-0/DEBUG] [mixin/]: iris-batched-entity-rendering.mixins.json:MixinLevelRenderer from mod iris->@Inject::batchedentityrendering$beginLevelRender(Lnet/minecraft/client/DeltaTracker;ZLnet/minecraft/client/Camera;Lnet/minecraft/client/renderer/GameRenderer;Lnet/minecraft/client/renderer/LightTexture;Lorg/joml/Matrix4f;Lorg/joml/Matrix4f;Lorg/spongepowered/asm/mixin/injection/callback/CallbackInfo;)V doesn't use it's CallbackInfo
[08:47:59] [modloading-worker-0/DEBUG] [mixin/]: iris-batched-entity-rendering.mixins.json:MixinLevelRenderer from mod iris->@Inject::batchedentityrendering$beginLevelRender(Lnet/minecraft/client/DeltaTracker;ZLnet/minecraft/client/Camera;Lnet/minecraft/client/renderer/GameRenderer;Lnet/minecraft/client/renderer/LightTexture;Lorg/joml/Matrix4f;Lorg/joml/Matrix4f;Lorg/spongepowered/asm/mixin/injection/callback/CallbackInfo;)V has 0 override(s) in child classes
[08:47:59] [modloading-worker-0/DEBUG] [mixin/]: iris-batched-entity-rendering.mixins.json:MixinLevelRenderer from mod iris->@Inject::batchedentityrendering$beginLevelRender(Lnet/minecraft/client/DeltaTracker;ZLnet/minecraft/client/Camera;Lnet/minecraft/client/renderer/GameRenderer;Lnet/minecraft/client/renderer/LightTexture;Lorg/joml/Matrix4f;Lorg/joml/Matrix4f;Lorg/spongepowered/asm/mixin/injection/callback/CallbackInfo;)V won't be passed a CallbackInfo as a result
[08:47:59] [modloading-worker-0/DEBUG] [mixin/]: iris-batched-entity-rendering.mixins.json:MixinLevelRenderer from mod iris->@Inject::batchedentityrendering$preRenderEntity(Lnet/minecraft/client/DeltaTracker;ZLnet/minecraft/client/Camera;Lnet/minecraft/client/renderer/GameRenderer;Lnet/minecraft/client/renderer/LightTexture;Lorg/joml/Matrix4f;Lorg/joml/Matrix4f;Lorg/spongepowered/asm/mixin/injection/callback/CallbackInfo;)V doesn't use it's CallbackInfo
[08:47:59] [modloading-worker-0/DEBUG] [mixin/]: iris-batched-entity-rendering.mixins.json:MixinLevelRenderer from mod iris->@Inject::batchedentityrendering$preRenderEntity(Lnet/minecraft/client/DeltaTracker;ZLnet/minecraft/client/Camera;Lnet/minecraft/client/renderer/GameRenderer;Lnet/minecraft/client/renderer/LightTexture;Lorg/joml/Matrix4f;Lorg/joml/Matrix4f;Lorg/spongepowered/asm/mixin/injection/callback/CallbackInfo;)V has 0 override(s) in child classes
[08:47:59] [modloading-worker-0/DEBUG] [mixin/]: iris-batched-entity-rendering.mixins.json:MixinLevelRenderer from mod iris->@Inject::batchedentityrendering$preRenderEntity(Lnet/minecraft/client/DeltaTracker;ZLnet/minecraft/client/Camera;Lnet/minecraft/client/renderer/GameRenderer;Lnet/minecraft/client/renderer/LightTexture;Lorg/joml/Matrix4f;Lorg/joml/Matrix4f;Lorg/spongepowered/asm/mixin/injection/callback/CallbackInfo;)V won't be passed a CallbackInfo as a result
[08:47:59] [modloading-worker-0/DEBUG] [mixin/]: iris-batched-entity-rendering.mixins.json:MixinLevelRenderer from mod iris->@Inject::batchedentityrendering$postRenderEntity(Lnet/minecraft/client/DeltaTracker;ZLnet/minecraft/client/Camera;Lnet/minecraft/client/renderer/GameRenderer;Lnet/minecraft/client/renderer/LightTexture;Lorg/joml/Matrix4f;Lorg/joml/Matrix4f;Lorg/spongepowered/asm/mixin/injection/callback/CallbackInfo;)V doesn't use it's CallbackInfo
[08:47:59] [modloading-worker-0/DEBUG] [mixin/]: iris-batched-entity-rendering.mixins.json:MixinLevelRenderer from mod iris->@Inject::batchedentityrendering$postRenderEntity(Lnet/minecraft/client/DeltaTracker;ZLnet/minecraft/client/Camera;Lnet/minecraft/client/renderer/GameRenderer;Lnet/minecraft/client/renderer/LightTexture;Lorg/joml/Matrix4f;Lorg/joml/Matrix4f;Lorg/spongepowered/asm/mixin/injection/callback/CallbackInfo;)V has 0 override(s) in child classes
[08:47:59] [modloading-worker-0/DEBUG] [mixin/]: iris-batched-entity-rendering.mixins.json:MixinLevelRenderer from mod iris->@Inject::batchedentityrendering$postRenderEntity(Lnet/minecraft/client/DeltaTracker;ZLnet/minecraft/client/Camera;Lnet/minecraft/client/renderer/GameRenderer;Lnet/minecraft/client/renderer/LightTexture;Lorg/joml/Matrix4f;Lorg/joml/Matrix4f;Lorg/spongepowered/asm/mixin/injection/callback/CallbackInfo;)V won't be passed a CallbackInfo as a result
[08:47:59] [modloading-worker-0/DEBUG] [mixin/]: iris-batched-entity-rendering.mixins.json:MixinLevelRenderer from mod iris->@Inject::batchedentityrendering$beginTranslucents(Lnet/minecraft/client/DeltaTracker;ZLnet/minecraft/client/Camera;Lnet/minecraft/client/renderer/GameRenderer;Lnet/minecraft/client/renderer/LightTexture;Lorg/joml/Matrix4f;Lorg/joml/Matrix4f;Lorg/spongepowered/asm/mixin/injection/callback/CallbackInfo;)V doesn't use it's CallbackInfo
[08:47:59] [modloading-worker-0/DEBUG] [mixin/]: iris-batched-entity-rendering.mixins.json:MixinLevelRenderer from mod iris->@Inject::batchedentityrendering$beginTranslucents(Lnet/minecraft/client/DeltaTracker;ZLnet/minecraft/client/Camera;Lnet/minecraft/client/renderer/GameRenderer;Lnet/minecraft/client/renderer/LightTexture;Lorg/joml/Matrix4f;Lorg/joml/Matrix4f;Lorg/spongepowered/asm/mixin/injection/callback/CallbackInfo;)V has 0 override(s) in child classes
[08:47:59] [modloading-worker-0/DEBUG] [mixin/]: iris-batched-entity-rendering.mixins.json:MixinLevelRenderer from mod iris->@Inject::batchedentityrendering$beginTranslucents(Lnet/minecraft/client/DeltaTracker;ZLnet/minecraft/client/Camera;Lnet/minecraft/client/renderer/GameRenderer;Lnet/minecraft/client/renderer/LightTexture;Lorg/joml/Matrix4f;Lorg/joml/Matrix4f;Lorg/spongepowered/asm/mixin/injection/callback/CallbackInfo;)V won't be passed a CallbackInfo as a result
[08:47:59] [modloading-worker-0/DEBUG] [mixin/]: iris-batched-entity-rendering.mixins.json:MixinLevelRenderer from mod iris->@Inject::batchedentityrendering$beginTranslucents(Lnet/minecraft/client/DeltaTracker;ZLnet/minecraft/client/Camera;Lnet/minecraft/client/renderer/GameRenderer;Lnet/minecraft/client/renderer/LightTexture;Lorg/joml/Matrix4f;Lorg/joml/Matrix4f;Lorg/spongepowered/asm/mixin/injection/callback/CallbackInfo;)V doesn't use it's CallbackInfo
[08:47:59] [modloading-worker-0/DEBUG] [mixin/]: iris-batched-entity-rendering.mixins.json:MixinLevelRenderer from mod iris->@Inject::batchedentityrendering$beginTranslucents(Lnet/minecraft/client/DeltaTracker;ZLnet/minecraft/client/Camera;Lnet/minecraft/client/renderer/GameRenderer;Lnet/minecraft/client/renderer/LightTexture;Lorg/joml/Matrix4f;Lorg/joml/Matrix4f;Lorg/spongepowered/asm/mixin/injection/callback/CallbackInfo;)V has 0 override(s) in child classes
[08:47:59] [modloading-worker-0/DEBUG] [mixin/]: iris-batched-entity-rendering.mixins.json:MixinLevelRenderer from mod iris->@Inject::batchedentityrendering$beginTranslucents(Lnet/minecraft/client/DeltaTracker;ZLnet/minecraft/client/Camera;Lnet/minecraft/client/renderer/GameRenderer;Lnet/minecraft/client/renderer/LightTexture;Lorg/joml/Matrix4f;Lorg/joml/Matrix4f;Lorg/spongepowered/asm/mixin/injection/callback/CallbackInfo;)V won't be passed a CallbackInfo as a result
[08:47:59] [modloading-worker-0/DEBUG] [mixin/]: iris-batched-entity-rendering.mixins.json:MixinLevelRenderer from mod iris->@Inject::batchedentityrendering$endTranslucents(Lnet/minecraft/client/DeltaTracker;ZLnet/minecraft/client/Camera;Lnet/minecraft/client/renderer/GameRenderer;Lnet/minecraft/client/renderer/LightTexture;Lorg/joml/Matrix4f;Lorg/joml/Matrix4f;Lorg/spongepowered/asm/mixin/injection/callback/CallbackInfo;)V doesn't use it's CallbackInfo
[08:47:59] [modloading-worker-0/DEBUG] [mixin/]: iris-batched-entity-rendering.mixins.json:MixinLevelRenderer from mod iris->@Inject::batchedentityrendering$endTranslucents(Lnet/minecraft/client/DeltaTracker;ZLnet/minecraft/client/Camera;Lnet/minecraft/client/renderer/GameRenderer;Lnet/minecraft/client/renderer/LightTexture;Lorg/joml/Matrix4f;Lorg/joml/Matrix4f;Lorg/spongepowered/asm/mixin/injection/callback/CallbackInfo;)V has 0 override(s) in child classes
[08:47:59] [modloading-worker-0/DEBUG] [mixin/]: iris-batched-entity-rendering.mixins.json:MixinLevelRenderer from mod iris->@Inject::batchedentityrendering$endTranslucents(Lnet/minecraft/client/DeltaTracker;ZLnet/minecraft/client/Camera;Lnet/minecraft/client/renderer/GameRenderer;Lnet/minecraft/client/renderer/LightTexture;Lorg/joml/Matrix4f;Lorg/joml/Matrix4f;Lorg/spongepowered/asm/mixin/injection/callback/CallbackInfo;)V won't be passed a CallbackInfo as a result
[08:47:59] [modloading-worker-0/DEBUG] [mixin/]: iris-batched-entity-rendering.mixins.json:MixinLevelRenderer from mod iris->@Inject::batchedentityrendering$endTranslucents(Lnet/minecraft/client/DeltaTracker;ZLnet/minecraft/client/Camera;Lnet/minecraft/client/renderer/GameRenderer;Lnet/minecraft/client/renderer/LightTexture;Lorg/joml/Matrix4f;Lorg/joml/Matrix4f;Lorg/spongepowered/asm/mixin/injection/callback/CallbackInfo;)V doesn't use it's CallbackInfo
[08:47:59] [modloading-worker-0/DEBUG] [mixin/]: iris-batched-entity-rendering.mixins.json:MixinLevelRenderer from mod iris->@Inject::batchedentityrendering$endTranslucents(Lnet/minecraft/client/DeltaTracker;ZLnet/minecraft/client/Camera;Lnet/minecraft/client/renderer/GameRenderer;Lnet/minecraft/client/renderer/LightTexture;Lorg/joml/Matrix4f;Lorg/joml/Matrix4f;Lorg/spongepowered/asm/mixin/injection/callback/CallbackInfo;)V has 0 override(s) in child classes
[08:47:59] [modloading-worker-0/DEBUG] [mixin/]: iris-batched-entity-rendering.mixins.json:MixinLevelRenderer from mod iris->@Inject::batchedentityrendering$endTranslucents(Lnet/minecraft/client/DeltaTracker;ZLnet/minecraft/client/Camera;Lnet/minecraft/client/renderer/GameRenderer;Lnet/minecraft/client/renderer/LightTexture;Lorg/joml/Matrix4f;Lorg/joml/Matrix4f;Lorg/spongepowered/asm/mixin/injection/callback/CallbackInfo;)V won't be passed a CallbackInfo as a result
[08:47:59] [modloading-worker-0/DEBUG] [mixin/]: iris-batched-entity-rendering.mixins.json:MixinLevelRenderer from mod iris->@Inject::batchedentityrendering$endLevelRender(Lnet/minecraft/client/DeltaTracker;ZLnet/minecraft/client/Camera;Lnet/minecraft/client/renderer/GameRenderer;Lnet/minecraft/client/renderer/LightTexture;Lorg/joml/Matrix4f;Lorg/joml/Matrix4f;Lorg/spongepowered/asm/mixin/injection/callback/CallbackInfo;)V doesn't use it's CallbackInfo
[08:47:59] [modloading-worker-0/DEBUG] [mixin/]: iris-batched-entity-rendering.mixins.json:MixinLevelRenderer from mod iris->@Inject::batchedentityrendering$endLevelRender(Lnet/minecraft/client/DeltaTracker;ZLnet/minecraft/client/Camera;Lnet/minecraft/client/renderer/GameRenderer;Lnet/minecraft/client/renderer/LightTexture;Lorg/joml/Matrix4f;Lorg/joml/Matrix4f;Lorg/spongepowered/asm/mixin/injection/callback/CallbackInfo;)V has 0 override(s) in child classes
[08:47:59] [modloading-worker-0/DEBUG] [mixin/]: iris-batched-entity-rendering.mixins.json:MixinLevelRenderer from mod iris->@Inject::batchedentityrendering$endLevelRender(Lnet/minecraft/client/DeltaTracker;ZLnet/minecraft/client/Camera;Lnet/minecraft/client/renderer/GameRenderer;Lnet/minecraft/client/renderer/LightTexture;Lorg/joml/Matrix4f;Lorg/joml/Matrix4f;Lorg/spongepowered/asm/mixin/injection/callback/CallbackInfo;)V won't be passed a CallbackInfo as a result
[08:47:59] [modloading-worker-0/DEBUG] [mixin/]: sodium-common.mixins.json:core.render.world.LevelRendererMixin from mod sodium->@Inject::init(Lnet/minecraft/client/Minecraft;Lnet/minecraft/client/renderer/entity/EntityRenderDispatcher;Lnet/minecraft/client/renderer/blockentity/BlockEntityRenderDispatcher;Lnet/minecraft/client/renderer/RenderBuffers;Lorg/spongepowered/asm/mixin/injection/callback/CallbackInfo;)V doesn't use it's CallbackInfo
[08:47:59] [modloading-worker-0/DEBUG] [mixin/]: sodium-common.mixins.json:core.render.world.LevelRendererMixin from mod sodium->@Inject::init(Lnet/minecraft/client/Minecraft;Lnet/minecraft/client/renderer/entity/EntityRenderDispatcher;Lnet/minecraft/client/renderer/blockentity/BlockEntityRenderDispatcher;Lnet/minecraft/client/renderer/RenderBuffers;Lorg/spongepowered/asm/mixin/injection/callback/CallbackInfo;)V has 0 override(s) in child classes
[08:47:59] [modloading-worker-0/DEBUG] [mixin/]: sodium-common.mixins.json:core.render.world.LevelRendererMixin from mod sodium->@Inject::init(Lnet/minecraft/client/Minecraft;Lnet/minecraft/client/renderer/entity/EntityRenderDispatcher;Lnet/minecraft/client/renderer/blockentity/BlockEntityRenderDispatcher;Lnet/minecraft/client/renderer/RenderBuffers;Lorg/spongepowered/asm/mixin/injection/callback/CallbackInfo;)V won't be passed a CallbackInfo as a result
[08:47:59] [modloading-worker-0/DEBUG] [mixin/]: sodium-common.mixins.json:core.render.world.LevelRendererMixin from mod sodium->@Inject::onWorldChanged(Lnet/minecraft/client/multiplayer/ClientLevel;Lorg/spongepowered/asm/mixin/injection/callback/CallbackInfo;)V doesn't use it's CallbackInfo
[08:47:59] [modloading-worker-0/DEBUG] [mixin/]: sodium-common.mixins.json:core.render.world.LevelRendererMixin from mod sodium->@Inject::onWorldChanged(Lnet/minecraft/client/multiplayer/ClientLevel;Lorg/spongepowered/asm/mixin/injection/callback/CallbackInfo;)V has 0 override(s) in child classes
[08:47:59] [modloading-worker-0/DEBUG] [mixin/]: sodium-common.mixins.json:core.render.world.LevelRendererMixin from mod sodium->@Inject::onWorldChanged(Lnet/minecraft/client/multiplayer/ClientLevel;Lorg/spongepowered/asm/mixin/injection/callback/CallbackInfo;)V won't be passed a CallbackInfo as a result
[08:47:59] [modloading-worker-0/DEBUG] [mixin/]: sodium-common.mixins.json:core.render.world.LevelRendererMixin from mod sodium->@Inject::onTerrainUpdateScheduled(Lorg/spongepowered/asm/mixin/injection/callback/CallbackInfo;)V doesn't use it's CallbackInfo
[08:47:59] [modloading-worker-0/DEBUG] [mixin/]: sodium-common.mixins.json:core.render.world.LevelRendererMixin from mod sodium->@Inject::onTerrainUpdateScheduled(Lorg/spongepowered/asm/mixin/injection/callback/CallbackInfo;)V has 0 override(s) in child classes
[08:47:59] [modloading-worker-0/DEBUG] [mixin/]: sodium-common.mixins.json:core.render.world.LevelRendererMixin from mod sodium->@Inject::onTerrainUpdateScheduled(Lorg/spongepowered/asm/mixin/injection/callback/CallbackInfo;)V won't be passed a CallbackInfo as a result
[08:47:59] [modloading-worker-0/DEBUG] [mixin/]: sodium-common.mixins.json:core.render.world.LevelRendererMixin from mod sodium->@Inject::onReload(Lorg/spongepowered/asm/mixin/injection/callback/CallbackInfo;)V doesn't use it's CallbackInfo
[08:47:59] [modloading-worker-0/DEBUG] [mixin/]: sodium-common.mixins.json:core.render.world.LevelRendererMixin from mod sodium->@Inject::onReload(Lorg/spongepowered/asm/mixin/injection/callback/CallbackInfo;)V has 0 override(s) in child classes
[08:47:59] [modloading-worker-0/DEBUG] [mixin/]: sodium-common.mixins.json:core.render.world.LevelRendererMixin from mod sodium->@Inject::onReload(Lorg/spongepowered/asm/mixin/injection/callback/CallbackInfo;)V won't be passed a CallbackInfo as a result
[08:47:59] [modloading-worker-0/DEBUG] [mixin/]: sodium-common.mixins.json:core.render.world.LevelRendererMixin from mod sodium->@Inject::onRenderBlockEntities(Lnet/minecraft/client/DeltaTracker;ZLnet/minecraft/client/Camera;Lnet/minecraft/client/renderer/GameRenderer;Lnet/minecraft/client/renderer/LightTexture;Lorg/joml/Matrix4f;Lorg/joml/Matrix4f;Lorg/spongepowered/asm/mixin/injection/callback/CallbackInfo;)V doesn't use it's CallbackInfo
[08:47:59] [modloading-worker-0/DEBUG] [mixin/]: sodium-common.mixins.json:core.render.world.LevelRendererMixin from mod sodium->@Inject::onRenderBlockEntities(Lnet/minecraft/client/DeltaTracker;ZLnet/minecraft/client/Camera;Lnet/minecraft/client/renderer/GameRenderer;Lnet/minecraft/client/renderer/LightTexture;Lorg/joml/Matrix4f;Lorg/joml/Matrix4f;Lorg/spongepowered/asm/mixin/injection/callback/CallbackInfo;)V has 0 override(s) in child classes
[08:47:59] [modloading-worker-0/DEBUG] [mixin/]: sodium-common.mixins.json:core.render.world.LevelRendererMixin from mod sodium->@Inject::onRenderBlockEntities(Lnet/minecraft/client/DeltaTracker;ZLnet/minecraft/client/Camera;Lnet/minecraft/client/renderer/GameRenderer;Lnet/minecraft/client/renderer/LightTexture;Lorg/joml/Matrix4f;Lorg/joml/Matrix4f;Lorg/spongepowered/asm/mixin/injection/callback/CallbackInfo;)V won't be passed a CallbackInfo as a result
[08:47:59] [modloading-worker-0/DEBUG] [mixin/]: sodium-common.mixins.json:core.render.world.LevelRendererMixin from mod sodium->@Inject::replaceBlockEntityIteration(Ljava/util/function/Consumer;Lorg/spongepowered/asm/mixin/injection/callback/CallbackInfo;)V does use it's CallbackInfo
[08:47:59] [modloading-worker-0/DEBUG] [mixin/]: sodium-common.mixins.json:features.render.gui.outlines.LevelRendererMixin from mod sodium->@Inject::drawBoxFast(Lcom/mojang/blaze3d/vertex/PoseStack;Lcom/mojang/blaze3d/vertex/VertexConsumer;DDDDDDFFFFFFFLorg/spongepowered/asm/mixin/injection/callback/CallbackInfo;)V does use it's CallbackInfo
[08:47:59] [modloading-worker-0/DEBUG] [mixin/]: sodium-common.mixins.json:features.render.world.clouds.LevelRendererMixin from mod sodium->@Inject::renderClouds(Lcom/mojang/blaze3d/vertex/PoseStack;Lorg/joml/Matrix4f;Lorg/joml/Matrix4f;FDDDLorg/spongepowered/asm/mixin/injection/callback/CallbackInfo;)V does use it's CallbackInfo
[08:47:59] [modloading-worker-0/DEBUG] [mixin/]: sodium-common.mixins.json:features.render.world.clouds.LevelRendererMixin from mod sodium->@Inject::onReload(Lnet/minecraft/server/packs/resources/ResourceManager;Lorg/spongepowered/asm/mixin/injection/callback/CallbackInfo;)V doesn't use it's CallbackInfo
[08:47:59] [modloading-worker-0/DEBUG] [mixin/]: sodium-common.mixins.json:features.render.world.clouds.LevelRendererMixin from mod sodium->@Inject::onReload(Lnet/minecraft/server/packs/resources/ResourceManager;Lorg/spongepowered/asm/mixin/injection/callback/CallbackInfo;)V has 0 override(s) in child classes
[08:47:59] [modloading-worker-0/DEBUG] [mixin/]: sodium-common.mixins.json:features.render.world.clouds.LevelRendererMixin from mod sodium->@Inject::onReload(Lnet/minecraft/server/packs/resources/ResourceManager;Lorg/spongepowered/asm/mixin/injection/callback/CallbackInfo;)V won't be passed a CallbackInfo as a result
[08:47:59] [modloading-worker-0/DEBUG] [mixin/]: sodium-common.mixins.json:features.render.world.clouds.LevelRendererMixin from mod sodium->@Inject::onReload(Lorg/spongepowered/asm/mixin/injection/callback/CallbackInfo;)V doesn't use it's CallbackInfo
[08:47:59] [modloading-worker-0/DEBUG] [mixin/]: sodium-common.mixins.json:features.render.world.clouds.LevelRendererMixin from mod sodium->@Inject::onReload(Lorg/spongepowered/asm/mixin/injection/callback/CallbackInfo;)V has 0 override(s) in child classes
[08:47:59] [modloading-worker-0/DEBUG] [mixin/]: sodium-common.mixins.json:features.render.world.clouds.LevelRendererMixin from mod sodium->@Inject::onReload(Lorg/spongepowered/asm/mixin/injection/callback/CallbackInfo;)V won't be passed a CallbackInfo as a result
[08:47:59] [modloading-worker-0/DEBUG] [mixin/]: sodium-common.mixins.json:features.render.world.clouds.LevelRendererMixin from mod sodium->@Inject::onClose(Lorg/spongepowered/asm/mixin/injection/callback/CallbackInfo;)V doesn't use it's CallbackInfo
[08:47:59] [modloading-worker-0/DEBUG] [mixin/]: sodium-common.mixins.json:features.render.world.clouds.LevelRendererMixin from mod sodium->@Inject::onClose(Lorg/spongepowered/asm/mixin/injection/callback/CallbackInfo;)V has 0 override(s) in child classes
[08:47:59] [modloading-worker-0/DEBUG] [mixin/]: sodium-common.mixins.json:features.render.world.clouds.LevelRendererMixin from mod sodium->@Inject::onClose(Lorg/spongepowered/asm/mixin/injection/callback/CallbackInfo;)V won't be passed a CallbackInfo as a result
[08:47:59] [modloading-worker-0/DEBUG] [mixin/]: mixins.iris.json:MixinLevelRenderer from mod iris->@Inject::iris$setupPipeline(Lnet/minecraft/client/DeltaTracker;ZLnet/minecraft/client/Camera;Lnet/minecraft/client/renderer/GameRenderer;Lnet/minecraft/client/renderer/LightTexture;Lorg/joml/Matrix4f;Lorg/joml/Matrix4f;Lorg/spongepowered/asm/mixin/injection/callback/CallbackInfo;)V doesn't use it's CallbackInfo
[08:47:59] [modloading-worker-0/DEBUG] [mixin/]: mixins.iris.json:MixinLevelRenderer from mod iris->@Inject::iris$setupPipeline(Lnet/minecraft/client/DeltaTracker;ZLnet/minecraft/client/Camera;Lnet/minecraft/client/renderer/GameRenderer;Lnet/minecraft/client/renderer/LightTexture;Lorg/joml/Matrix4f;Lorg/joml/Matrix4f;Lorg/spongepowered/asm/mixin/injection/callback/CallbackInfo;)V has 0 override(s) in child classes
[08:47:59] [modloading-worker-0/DEBUG] [mixin/]: mixins.iris.json:MixinLevelRenderer from mod iris->@Inject::iris$setupPipeline(Lnet/minecraft/client/DeltaTracker;ZLnet/minecraft/client/Camera;Lnet/minecraft/client/renderer/GameRenderer;Lnet/minecraft/client/renderer/LightTexture;Lorg/joml/Matrix4f;Lorg/joml/Matrix4f;Lorg/spongepowered/asm/mixin/injection/callback/CallbackInfo;)V won't be passed a CallbackInfo as a result
[08:47:59] [modloading-worker-0/DEBUG] [mixin/]: mixins.iris.json:MixinLevelRenderer from mod iris->@Inject::iris$beginLevelRender(Lnet/minecraft/client/DeltaTracker;ZLnet/minecraft/client/Camera;Lnet/minecraft/client/renderer/GameRenderer;Lnet/minecraft/client/renderer/LightTexture;Lorg/joml/Matrix4f;Lorg/joml/Matrix4f;Lorg/spongepowered/asm/mixin/injection/callback/CallbackInfo;)V doesn't use it's CallbackInfo
[08:47:59] [modloading-worker-0/DEBUG] [mixin/]: mixins.iris.json:MixinLevelRenderer from mod iris->@Inject::iris$beginLevelRender(Lnet/minecraft/client/DeltaTracker;ZLnet/minecraft/client/Camera;Lnet/minecraft/client/renderer/GameRenderer;Lnet/minecraft/client/renderer/LightTexture;Lorg/joml/Matrix4f;Lorg/joml/Matrix4f;Lorg/spongepowered/asm/mixin/injection/callback/CallbackInfo;)V has 0 override(s) in child classes
[08:47:59] [modloading-worker-0/DEBUG] [mixin/]: mixins.iris.json:MixinLevelRenderer from mod iris->@Inject::iris$beginLevelRender(Lnet/minecraft/client/DeltaTracker;ZLnet/minecraft/client/Camera;Lnet/minecraft/client/renderer/GameRenderer;Lnet/minecraft/client/renderer/LightTexture;Lorg/joml/Matrix4f;Lorg/joml/Matrix4f;Lorg/spongepowered/asm/mixin/injection/callback/CallbackInfo;)V won't be passed a CallbackInfo as a result
[08:47:59] [modloading-worker-0/DEBUG] [mixin/]: mixins.iris.json:MixinLevelRenderer from mod iris->@Inject::iris$endLevelRender(Lnet/minecraft/client/DeltaTracker;ZLnet/minecraft/client/Camera;Lnet/minecraft/client/renderer/GameRenderer;Lnet/minecraft/client/renderer/LightTexture;Lorg/joml/Matrix4f;Lorg/joml/Matrix4f;Lorg/spongepowered/asm/mixin/injection/callback/CallbackInfo;)V doesn't use it's CallbackInfo
[08:47:59] [modloading-worker-0/DEBUG] [mixin/]: mixins.iris.json:MixinLevelRenderer from mod iris->@Inject::iris$endLevelRender(Lnet/minecraft/client/DeltaTracker;ZLnet/minecraft/client/Camera;Lnet/minecraft/client/renderer/GameRenderer;Lnet/minecraft/client/renderer/LightTexture;Lorg/joml/Matrix4f;Lorg/joml/Matrix4f;Lorg/spongepowered/asm/mixin/injection/callback/CallbackInfo;)V has 0 override(s) in child classes
[08:47:59] [modloading-worker-0/DEBUG] [mixin/]: mixins.iris.json:MixinLevelRenderer from mod iris->@Inject::iris$endLevelRender(Lnet/minecraft/client/DeltaTracker;ZLnet/minecraft/client/Camera;Lnet/minecraft/client/renderer/GameRenderer;Lnet/minecraft/client/renderer/LightTexture;Lorg/joml/Matrix4f;Lorg/joml/Matrix4f;Lorg/spongepowered/asm/mixin/injection/callback/CallbackInfo;)V won't be passed a CallbackInfo as a result
[08:47:59] [modloading-worker-0/DEBUG] [mixin/]: mixins.iris.json:MixinLevelRenderer from mod iris->@Inject::iris$renderTerrainShadows(Lnet/minecraft/client/DeltaTracker;ZLnet/minecraft/client/Camera;Lnet/minecraft/client/renderer/GameRenderer;Lnet/minecraft/client/renderer/LightTexture;Lorg/joml/Matrix4f;Lorg/joml/Matrix4f;Lorg/spongepowered/asm/mixin/injection/callback/CallbackInfo;)V doesn't use it's CallbackInfo
[08:47:59] [modloading-worker-0/DEBUG] [mixin/]: mixins.iris.json:MixinLevelRenderer from mod iris->@Inject::iris$renderTerrainShadows(Lnet/minecraft/client/DeltaTracker;ZLnet/minecraft/client/Camera;Lnet/minecraft/client/renderer/GameRenderer;Lnet/minecraft/client/renderer/LightTexture;Lorg/joml/Matrix4f;Lorg/joml/Matrix4f;Lorg/spongepowered/asm/mixin/injection/callback/CallbackInfo;)V has 0 override(s) in child classes
[08:47:59] [modloading-worker-0/DEBUG] [mixin/]: mixins.iris.json:MixinLevelRenderer from mod iris->@Inject::iris$renderTerrainShadows(Lnet/minecraft/client/DeltaTracker;ZLnet/minecraft/client/Camera;Lnet/minecraft/client/renderer/GameRenderer;Lnet/minecraft/client/renderer/LightTexture;Lorg/joml/Matrix4f;Lorg/joml/Matrix4f;Lorg/spongepowered/asm/mixin/injection/callback/CallbackInfo;)V won't be passed a CallbackInfo as a result
[08:47:59] [modloading-worker-0/DEBUG] [mixin/]: mixins.iris.json:MixinLevelRenderer from mod iris->@Inject::iris$beginSky(Lnet/minecraft/client/DeltaTracker;ZLnet/minecraft/client/Camera;Lnet/minecraft/client/renderer/GameRenderer;Lnet/minecraft/client/renderer/LightTexture;Lorg/joml/Matrix4f;Lorg/joml/Matrix4f;Lorg/spongepowered/asm/mixin/injection/callback/CallbackInfo;)V doesn't use it's CallbackInfo
[08:47:59] [modloading-worker-0/DEBUG] [mixin/]: mixins.iris.json:MixinLevelRenderer from mod iris->@Inject::iris$beginSky(Lnet/minecraft/client/DeltaTracker;ZLnet/minecraft/client/Camera;Lnet/minecraft/client/renderer/GameRenderer;Lnet/minecraft/client/renderer/LightTexture;Lorg/joml/Matrix4f;Lorg/joml/Matrix4f;Lorg/spongepowered/asm/mixin/injection/callback/CallbackInfo;)V has 0 override(s) in child classes
[08:47:59] [modloading-worker-0/DEBUG] [mixin/]: mixins.iris.json:MixinLevelRenderer from mod iris->@Inject::iris$beginSky(Lnet/minecraft/client/DeltaTracker;ZLnet/minecraft/client/Camera;Lnet/minecraft/client/renderer/GameRenderer;Lnet/minecraft/client/renderer/LightTexture;Lorg/joml/Matrix4f;Lorg/joml/Matrix4f;Lorg/spongepowered/asm/mixin/injection/callback/CallbackInfo;)V won't be passed a CallbackInfo as a result
[08:47:59] [modloading-worker-0/DEBUG] [mixin/]: mixins.iris.json:MixinLevelRenderer from mod iris->@Inject::iris$renderSky$beginNormalSky(Lorg/joml/Matrix4f;Lorg/joml/Matrix4f;FLnet/minecraft/client/Camera;ZLjava/lang/Runnable;Lorg/spongepowered/asm/mixin/injection/callback/CallbackInfo;)V doesn't use it's CallbackInfo
[08:47:59] [modloading-worker-0/DEBUG] [mixin/]: mixins.iris.json:MixinLevelRenderer from mod iris->@Inject::iris$renderSky$beginNormalSky(Lorg/joml/Matrix4f;Lorg/joml/Matrix4f;FLnet/minecraft/client/Camera;ZLjava/lang/Runnable;Lorg/spongepowered/asm/mixin/injection/callback/CallbackInfo;)V has 0 override(s) in child classes
[08:47:59] [modloading-worker-0/DEBUG] [mixin/]: mixins.iris.json:MixinLevelRenderer from mod iris->@Inject::iris$renderSky$beginNormalSky(Lorg/joml/Matrix4f;Lorg/joml/Matrix4f;FLnet/minecraft/client/Camera;ZLjava/lang/Runnable;Lorg/spongepowered/asm/mixin/injection/callback/CallbackInfo;)V won't be passed a CallbackInfo as a result
[08:47:59] [modloading-worker-0/DEBUG] [mixin/]: mixins.iris.json:MixinLevelRenderer from mod iris->@Inject::iris$setSunRenderStage(Lorg/joml/Matrix4f;Lorg/joml/Matrix4f;FLnet/minecraft/client/Camera;ZLjava/lang/Runnable;Lorg/spongepowered/asm/mixin/injection/callback/CallbackInfo;)V doesn't use it's CallbackInfo
[08:47:59] [modloading-worker-0/DEBUG] [mixin/]: mixins.iris.json:MixinLevelRenderer from mod iris->@Inject::iris$setSunRenderStage(Lorg/joml/Matrix4f;Lorg/joml/Matrix4f;FLnet/minecraft/client/Camera;ZLjava/lang/Runnable;Lorg/spongepowered/asm/mixin/injection/callback/CallbackInfo;)V has 0 override(s) in child classes
[08:47:59] [modloading-worker-0/DEBUG] [mixin/]: mixins.iris.json:MixinLevelRenderer from mod iris->@Inject::iris$setSunRenderStage(Lorg/joml/Matrix4f;Lorg/joml/Matrix4f;FLnet/minecraft/client/Camera;ZLjava/lang/Runnable;Lorg/spongepowered/asm/mixin/injection/callback/CallbackInfo;)V won't be passed a CallbackInfo as a result
[08:47:59] [modloading-worker-0/DEBUG] [mixin/]: mixins.iris.json:MixinLevelRenderer from mod iris->@Inject::iris$setSunsetRenderStage(Lorg/joml/Matrix4f;Lorg/joml/Matrix4f;FLnet/minecraft/client/Camera;ZLjava/lang/Runnable;Lorg/spongepowered/asm/mixin/injection/callback/CallbackInfo;)V doesn't use it's CallbackInfo
[08:47:59] [modloading-worker-0/DEBUG] [mixin/]: mixins.iris.json:MixinLevelRenderer from mod iris->@Inject::iris$setSunsetRenderStage(Lorg/joml/Matrix4f;Lorg/joml/Matrix4f;FLnet/minecraft/client/Camera;ZLjava/lang/Runnable;Lorg/spongepowered/asm/mixin/injection/callback/CallbackInfo;)V has 0 override(s) in child classes
[08:47:59] [modloading-worker-0/DEBUG] [mixin/]: mixins.iris.json:MixinLevelRenderer from mod iris->@Inject::iris$setSunsetRenderStage(Lorg/joml/Matrix4f;Lorg/joml/Matrix4f;FLnet/minecraft/client/Camera;ZLjava/lang/Runnable;Lorg/spongepowered/asm/mixin/injection/callback/CallbackInfo;)V won't be passed a CallbackInfo as a result
[08:47:59] [modloading-worker-0/DEBUG] [mixin/]: mixins.iris.json:MixinLevelRenderer from mod iris->@Inject::iris$setMoonRenderStage(Lorg/joml/Matrix4f;Lorg/joml/Matrix4f;FLnet/minecraft/client/Camera;ZLjava/lang/Runnable;Lorg/spongepowered/asm/mixin/injection/callback/CallbackInfo;)V doesn't use it's CallbackInfo
[08:47:59] [modloading-worker-0/DEBUG] [mixin/]: mixins.iris.json:MixinLevelRenderer from mod iris->@Inject::iris$setMoonRenderStage(Lorg/joml/Matrix4f;Lorg/joml/Matrix4f;FLnet/minecraft/client/Camera;ZLjava/lang/Runnable;Lorg/spongepowered/asm/mixin/injection/callback/CallbackInfo;)V has 0 override(s) in child classes
[08:47:59] [modloading-worker-0/DEBUG] [mixin/]: mixins.iris.json:MixinLevelRenderer from mod iris->@Inject::iris$setMoonRenderStage(Lorg/joml/Matrix4f;Lorg/joml/Matrix4f;FLnet/minecraft/client/Camera;ZLjava/lang/Runnable;Lorg/spongepowered/asm/mixin/injection/callback/CallbackInfo;)V won't be passed a CallbackInfo as a result
[08:47:59] [modloading-worker-0/DEBUG] [mixin/]: mixins.iris.json:MixinLevelRenderer from mod iris->@Inject::iris$setStarRenderStage(Lorg/joml/Matrix4f;Lorg/joml/Matrix4f;FLnet/minecraft/client/Camera;ZLjava/lang/Runnable;Lorg/spongepowered/asm/mixin/injection/callback/CallbackInfo;)V doesn't use it's CallbackInfo
[08:47:59] [modloading-worker-0/DEBUG] [mixin/]: mixins.iris.json:MixinLevelRenderer from mod iris->@Inject::iris$setStarRenderStage(Lorg/joml/Matrix4f;Lorg/joml/Matrix4f;FLnet/minecraft/client/Camera;ZLjava/lang/Runnable;Lorg/spongepowered/asm/mixin/injection/callback/CallbackInfo;)V has 0 override(s) in child classes
[08:47:59] [modloading-worker-0/DEBUG] [mixin/]: mixins.iris.json:MixinLevelRenderer from mod iris->@Inject::iris$setStarRenderStage(Lorg/joml/Matrix4f;Lorg/joml/Matrix4f;FLnet/minecraft/client/Camera;ZLjava/lang/Runnable;Lorg/spongepowered/asm/mixin/injection/callback/CallbackInfo;)V won't be passed a CallbackInfo as a result
[08:47:59] [modloading-worker-0/DEBUG] [mixin/]: mixins.iris.json:MixinLevelRenderer from mod iris->@Inject::iris$setVoidRenderStage(Lorg/joml/Matrix4f;Lorg/joml/Matrix4f;FLnet/minecraft/client/Camera;ZLjava/lang/Runnable;Lorg/spongepowered/asm/mixin/injection/callback/CallbackInfo;)V doesn't use it's CallbackInfo
[08:47:59] [modloading-worker-0/DEBUG] [mixin/]: mixins.iris.json:MixinLevelRenderer from mod iris->@Inject::iris$setVoidRenderStage(Lorg/joml/Matrix4f;Lorg/joml/Matrix4f;FLnet/minecraft/client/Camera;ZLjava/lang/Runnable;Lorg/spongepowered/asm/mixin/injection/callback/CallbackInfo;)V has 0 override(s) in child classes
[08:47:59] [modloading-worker-0/DEBUG] [mixin/]: mixins.iris.json:MixinLevelRenderer from mod iris->@Inject::iris$setVoidRenderStage(Lorg/joml/Matrix4f;Lorg/joml/Matrix4f;FLnet/minecraft/client/Camera;ZLjava/lang/Runnable;Lorg/spongepowered/asm/mixin/injection/callback/CallbackInfo;)V won't be passed a CallbackInfo as a result
[08:47:59] [modloading-worker-0/DEBUG] [mixin/]: mixins.iris.json:MixinLevelRenderer from mod iris->@Inject::iris$renderSky$tiltSun(Lorg/joml/Matrix4f;Lorg/joml/Matrix4f;FLnet/minecraft/client/Camera;ZLjava/lang/Runnable;Lorg/spongepowered/asm/mixin/injection/callback/CallbackInfo;)V doesn't use it's CallbackInfo
[08:47:59] [modloading-worker-0/DEBUG] [mixin/]: mixins.iris.json:MixinLevelRenderer from mod iris->@Inject::iris$renderSky$tiltSun(Lorg/joml/Matrix4f;Lorg/joml/Matrix4f;FLnet/minecraft/client/Camera;ZLjava/lang/Runnable;Lorg/spongepowered/asm/mixin/injection/callback/CallbackInfo;)V has 0 override(s) in child classes
[08:47:59] [modloading-worker-0/DEBUG] [mixin/]: mixins.iris.json:MixinLevelRenderer from mod iris->@Inject::iris$renderSky$tiltSun(Lorg/joml/Matrix4f;Lorg/joml/Matrix4f;FLnet/minecraft/client/Camera;ZLjava/lang/Runnable;Lorg/spongepowered/asm/mixin/injection/callback/CallbackInfo;)V won't be passed a CallbackInfo as a result
[08:47:59] [modloading-worker-0/DEBUG] [mixin/]: mixins.iris.json:MixinLevelRenderer from mod iris->@Inject::iris$endSky(Lnet/minecraft/client/DeltaTracker;ZLnet/minecraft/client/Camera;Lnet/minecraft/client/renderer/GameRenderer;Lnet/minecraft/client/renderer/LightTexture;Lorg/joml/Matrix4f;Lorg/joml/Matrix4f;Lorg/spongepowered/asm/mixin/injection/callback/CallbackInfo;)V doesn't use it's CallbackInfo
[08:47:59] [modloading-worker-0/DEBUG] [mixin/]: mixins.iris.json:MixinLevelRenderer from mod iris->@Inject::iris$endSky(Lnet/minecraft/client/DeltaTracker;ZLnet/minecraft/client/Camera;Lnet/minecraft/client/renderer/GameRenderer;Lnet/minecraft/client/renderer/LightTexture;Lorg/joml/Matrix4f;Lorg/joml/Matrix4f;Lorg/spongepowered/asm/mixin/injection/callback/CallbackInfo;)V has 0 override(s) in child classes
[08:47:59] [modloading-worker-0/DEBUG] [mixin/]: mixins.iris.json:MixinLevelRenderer from mod iris->@Inject::iris$endSky(Lnet/minecraft/client/DeltaTracker;ZLnet/minecraft/client/Camera;Lnet/minecraft/client/renderer/GameRenderer;Lnet/minecraft/client/renderer/LightTexture;Lorg/joml/Matrix4f;Lorg/joml/Matrix4f;Lorg/spongepowered/asm/mixin/injection/callback/CallbackInfo;)V won't be passed a CallbackInfo as a result
[08:47:59] [modloading-worker-0/DEBUG] [mixin/]: mixins.iris.json:MixinLevelRenderer from mod iris->@Inject::iris$beginClouds(Lnet/minecraft/client/DeltaTracker;ZLnet/minecraft/client/Camera;Lnet/minecraft/client/renderer/GameRenderer;Lnet/minecraft/client/renderer/LightTexture;Lorg/joml/Matrix4f;Lorg/joml/Matrix4f;Lorg/spongepowered/asm/mixin/injection/callback/CallbackInfo;)V doesn't use it's CallbackInfo
[08:47:59] [modloading-worker-0/DEBUG] [mixin/]: mixins.iris.json:MixinLevelRenderer from mod iris->@Inject::iris$beginClouds(Lnet/minecraft/client/DeltaTracker;ZLnet/minecraft/client/Camera;Lnet/minecraft/client/renderer/GameRenderer;Lnet/minecraft/client/renderer/LightTexture;Lorg/joml/Matrix4f;Lorg/joml/Matrix4f;Lorg/spongepowered/asm/mixin/injection/callback/CallbackInfo;)V has 0 override(s) in child classes
[08:47:59] [modloading-worker-0/DEBUG] [mixin/]: mixins.iris.json:MixinLevelRenderer from mod iris->@Inject::iris$beginClouds(Lnet/minecraft/client/DeltaTracker;ZLnet/minecraft/client/Camera;Lnet/minecraft/client/renderer/GameRenderer;Lnet/minecraft/client/renderer/LightTexture;Lorg/joml/Matrix4f;Lorg/joml/Matrix4f;Lorg/spongepowered/asm/mixin/injection/callback/CallbackInfo;)V won't be passed a CallbackInfo as a result
[08:47:59] [modloading-worker-0/DEBUG] [mixin/]: mixins.iris.json:MixinLevelRenderer from mod iris->@Inject::iris$endClouds(Lnet/minecraft/client/DeltaTracker;ZLnet/minecraft/client/Camera;Lnet/minecraft/client/renderer/GameRenderer;Lnet/minecraft/client/renderer/LightTexture;Lorg/joml/Matrix4f;Lorg/joml/Matrix4f;Lorg/spongepowered/asm/mixin/injection/callback/CallbackInfo;)V doesn't use it's CallbackInfo
[08:47:59] [modloading-worker-0/DEBUG] [mixin/]: mixins.iris.json:MixinLevelRenderer from mod iris->@Inject::iris$endClouds(Lnet/minecraft/client/DeltaTracker;ZLnet/minecraft/client/Camera;Lnet/minecraft/client/renderer/GameRenderer;Lnet/minecraft/client/renderer/LightTexture;Lorg/joml/Matrix4f;Lorg/joml/Matrix4f;Lorg/spongepowered/asm/mixin/injection/callback/CallbackInfo;)V has 0 override(s) in child classes
[08:47:59] [modloading-worker-0/DEBUG] [mixin/]: mixins.iris.json:MixinLevelRenderer from mod iris->@Inject::iris$endClouds(Lnet/minecraft/client/DeltaTracker;ZLnet/minecraft/client/Camera;Lnet/minecraft/client/renderer/GameRenderer;Lnet/minecraft/client/renderer/LightTexture;Lorg/joml/Matrix4f;Lorg/joml/Matrix4f;Lorg/spongepowered/asm/mixin/injection/callback/CallbackInfo;)V won't be passed a CallbackInfo as a result
[08:47:59] [modloading-worker-0/DEBUG] [mixin/]: mixins.iris.json:MixinLevelRenderer from mod iris->@Inject::iris$beginTerrainLayer(Lnet/minecraft/client/renderer/RenderType;DDDLorg/joml/Matrix4f;Lorg/joml/Matrix4f;Lorg/spongepowered/asm/mixin/injection/callback/CallbackInfo;)V doesn't use it's CallbackInfo
[08:47:59] [modloading-worker-0/DEBUG] [mixin/]: mixins.iris.json:MixinLevelRenderer from mod iris->@Inject::iris$beginTerrainLayer(Lnet/minecraft/client/renderer/RenderType;DDDLorg/joml/Matrix4f;Lorg/joml/Matrix4f;Lorg/spongepowered/asm/mixin/injection/callback/CallbackInfo;)V has 0 override(s) in child classes
[08:47:59] [modloading-worker-0/DEBUG] [mixin/]: mixins.iris.json:MixinLevelRenderer from mod iris->@Inject::iris$beginTerrainLayer(Lnet/minecraft/client/renderer/RenderType;DDDLorg/joml/Matrix4f;Lorg/joml/Matrix4f;Lorg/spongepowered/asm/mixin/injection/callback/CallbackInfo;)V won't be passed a CallbackInfo as a result
[08:47:59] [modloading-worker-0/DEBUG] [mixin/]: mixins.iris.json:MixinLevelRenderer from mod iris->@Inject::iris$endTerrainLayer(Lnet/minecraft/client/renderer/RenderType;DDDLorg/joml/Matrix4f;Lorg/joml/Matrix4f;Lorg/spongepowered/asm/mixin/injection/callback/CallbackInfo;)V doesn't use it's CallbackInfo
[08:47:59] [modloading-worker-0/DEBUG] [mixin/]: mixins.iris.json:MixinLevelRenderer from mod iris->@Inject::iris$endTerrainLayer(Lnet/minecraft/client/renderer/RenderType;DDDLorg/joml/Matrix4f;Lorg/joml/Matrix4f;Lorg/spongepowered/asm/mixin/injection/callback/CallbackInfo;)V has 0 override(s) in child classes
[08:47:59] [modloading-worker-0/DEBUG] [mixin/]: mixins.iris.json:MixinLevelRenderer from mod iris->@Inject::iris$endTerrainLayer(Lnet/minecraft/client/renderer/RenderType;DDDLorg/joml/Matrix4f;Lorg/joml/Matrix4f;Lorg/spongepowered/asm/mixin/injection/callback/CallbackInfo;)V won't be passed a CallbackInfo as a result
[08:47:59] [modloading-worker-0/DEBUG] [mixin/]: mixins.iris.json:MixinLevelRenderer from mod iris->@Inject::iris$beginWeather(Lnet/minecraft/client/DeltaTracker;ZLnet/minecraft/client/Camera;Lnet/minecraft/client/renderer/GameRenderer;Lnet/minecraft/client/renderer/LightTexture;Lorg/joml/Matrix4f;Lorg/joml/Matrix4f;Lorg/spongepowered/asm/mixin/injection/callback/CallbackInfo;)V doesn't use it's CallbackInfo
[08:47:59] [modloading-worker-0/DEBUG] [mixin/]: mixins.iris.json:MixinLevelRenderer from mod iris->@Inject::iris$beginWeather(Lnet/minecraft/client/DeltaTracker;ZLnet/minecraft/client/Camera;Lnet/minecraft/client/renderer/GameRenderer;Lnet/minecraft/client/renderer/LightTexture;Lorg/joml/Matrix4f;Lorg/joml/Matrix4f;Lorg/spongepowered/asm/mixin/injection/callback/CallbackInfo;)V has 0 override(s) in child classes
[08:47:59] [modloading-worker-0/DEBUG] [mixin/]: mixins.iris.json:MixinLevelRenderer from mod iris->@Inject::iris$beginWeather(Lnet/minecraft/client/DeltaTracker;ZLnet/minecraft/client/Camera;Lnet/minecraft/client/renderer/GameRenderer;Lnet/minecraft/client/renderer/LightTexture;Lorg/joml/Matrix4f;Lorg/joml/Matrix4f;Lorg/spongepowered/asm/mixin/injection/callback/CallbackInfo;)V won't be passed a CallbackInfo as a result
[08:47:59] [modloading-worker-0/DEBUG] [mixin/]: mixins.iris.json:MixinLevelRenderer from mod iris->@Inject::iris$beginWeather(Lnet/minecraft/client/DeltaTracker;ZLnet/minecraft/client/Camera;Lnet/minecraft/client/renderer/GameRenderer;Lnet/minecraft/client/renderer/LightTexture;Lorg/joml/Matrix4f;Lorg/joml/Matrix4f;Lorg/spongepowered/asm/mixin/injection/callback/CallbackInfo;)V doesn't use it's CallbackInfo
[08:47:59] [modloading-worker-0/DEBUG] [mixin/]: mixins.iris.json:MixinLevelRenderer from mod iris->@Inject::iris$beginWeather(Lnet/minecraft/client/DeltaTracker;ZLnet/minecraft/client/Camera;Lnet/minecraft/client/renderer/GameRenderer;Lnet/minecraft/client/renderer/LightTexture;Lorg/joml/Matrix4f;Lorg/joml/Matrix4f;Lorg/spongepowered/asm/mixin/injection/callback/CallbackInfo;)V has 0 override(s) in child classes
[08:47:59] [modloading-worker-0/DEBUG] [mixin/]: mixins.iris.json:MixinLevelRenderer from mod iris->@Inject::iris$beginWeather(Lnet/minecraft/client/DeltaTracker;ZLnet/minecraft/client/Camera;Lnet/minecraft/client/renderer/GameRenderer;Lnet/minecraft/client/renderer/LightTexture;Lorg/joml/Matrix4f;Lorg/joml/Matrix4f;Lorg/spongepowered/asm/mixin/injection/callback/CallbackInfo;)V won't be passed a CallbackInfo as a result
[08:47:59] [modloading-worker-0/DEBUG] [mixin/]: mixins.iris.json:MixinLevelRenderer from mod iris->@Inject::iris$endWeather(Lnet/minecraft/client/DeltaTracker;ZLnet/minecraft/client/Camera;Lnet/minecraft/client/renderer/GameRenderer;Lnet/minecraft/client/renderer/LightTexture;Lorg/joml/Matrix4f;Lorg/joml/Matrix4f;Lorg/spongepowered/asm/mixin/injection/callback/CallbackInfo;)V doesn't use it's CallbackInfo
[08:47:59] [modloading-worker-0/DEBUG] [mixin/]: mixins.iris.json:MixinLevelRenderer from mod iris->@Inject::iris$endWeather(Lnet/minecraft/client/DeltaTracker;ZLnet/minecraft/client/Camera;Lnet/minecraft/client/renderer/GameRenderer;Lnet/minecraft/client/renderer/LightTexture;Lorg/joml/Matrix4f;Lorg/joml/Matrix4f;Lorg/spongepowered/asm/mixin/injection/callback/CallbackInfo;)V has 0 override(s) in child classes
[08:47:59] [modloading-worker-0/DEBUG] [mixin/]: mixins.iris.json:MixinLevelRenderer from mod iris->@Inject::iris$endWeather(Lnet/minecraft/client/DeltaTracker;ZLnet/minecraft/client/Camera;Lnet/minecraft/client/renderer/GameRenderer;Lnet/minecraft/client/renderer/LightTexture;Lorg/joml/Matrix4f;Lorg/joml/Matrix4f;Lorg/spongepowered/asm/mixin/injection/callback/CallbackInfo;)V won't be passed a CallbackInfo as a result
[08:47:59] [modloading-worker-0/DEBUG] [mixin/]: mixins.iris.json:MixinLevelRenderer from mod iris->@Inject::iris$endWeather(Lnet/minecraft/client/DeltaTracker;ZLnet/minecraft/client/Camera;Lnet/minecraft/client/renderer/GameRenderer;Lnet/minecraft/client/renderer/LightTexture;Lorg/joml/Matrix4f;Lorg/joml/Matrix4f;Lorg/spongepowered/asm/mixin/injection/callback/CallbackInfo;)V doesn't use it's CallbackInfo
[08:47:59] [modloading-worker-0/DEBUG] [mixin/]: mixins.iris.json:MixinLevelRenderer from mod iris->@Inject::iris$endWeather(Lnet/minecraft/client/DeltaTracker;ZLnet/minecraft/client/Camera;Lnet/minecraft/client/renderer/GameRenderer;Lnet/minecraft/client/renderer/LightTexture;Lorg/joml/Matrix4f;Lorg/joml/Matrix4f;Lorg/spongepowered/asm/mixin/injection/callback/CallbackInfo;)V has 0 override(s) in child classes
[08:47:59] [modloading-worker-0/DEBUG] [mixin/]: mixins.iris.json:MixinLevelRenderer from mod iris->@Inject::iris$endWeather(Lnet/minecraft/client/DeltaTracker;ZLnet/minecraft/client/Camera;Lnet/minecraft/client/renderer/GameRenderer;Lnet/minecraft/client/renderer/LightTexture;Lorg/joml/Matrix4f;Lorg/joml/Matrix4f;Lorg/spongepowered/asm/mixin/injection/callback/CallbackInfo;)V won't be passed a CallbackInfo as a result
[08:47:59] [modloading-worker-0/DEBUG] [mixin/]: mixins.iris.json:MixinLevelRenderer from mod iris->@Inject::iris$beginWorldBorder(Lnet/minecraft/client/DeltaTracker;ZLnet/minecraft/client/Camera;Lnet/minecraft/client/renderer/GameRenderer;Lnet/minecraft/client/renderer/LightTexture;Lorg/joml/Matrix4f;Lorg/joml/Matrix4f;Lorg/spongepowered/asm/mixin/injection/callback/CallbackInfo;)V doesn't use it's CallbackInfo
[08:47:59] [modloading-worker-0/DEBUG] [mixin/]: mixins.iris.json:MixinLevelRenderer from mod iris->@Inject::iris$beginWorldBorder(Lnet/minecraft/client/DeltaTracker;ZLnet/minecraft/client/Camera;Lnet/minecraft/client/renderer/GameRenderer;Lnet/minecraft/client/renderer/LightTexture;Lorg/joml/Matrix4f;Lorg/joml/Matrix4f;Lorg/spongepowered/asm/mixin/injection/callback/CallbackInfo;)V has 0 override(s) in child classes
[08:47:59] [modloading-worker-0/DEBUG] [mixin/]: mixins.iris.json:MixinLevelRenderer from mod iris->@Inject::iris$beginWorldBorder(Lnet/minecraft/client/DeltaTracker;ZLnet/minecraft/client/Camera;Lnet/minecraft/client/renderer/GameRenderer;Lnet/minecraft/client/renderer/LightTexture;Lorg/joml/Matrix4f;Lorg/joml/Matrix4f;Lorg/spongepowered/asm/mixin/injection/callback/CallbackInfo;)V won't be passed a CallbackInfo as a result
[08:47:59] [modloading-worker-0/DEBUG] [mixin/]: mixins.iris.json:MixinLevelRenderer from mod iris->@Inject::iris$beginWorldBorder(Lnet/minecraft/client/DeltaTracker;ZLnet/minecraft/client/Camera;Lnet/minecraft/client/renderer/GameRenderer;Lnet/minecraft/client/renderer/LightTexture;Lorg/joml/Matrix4f;Lorg/joml/Matrix4f;Lorg/spongepowered/asm/mixin/injection/callback/CallbackInfo;)V doesn't use it's CallbackInfo
[08:47:59] [modloading-worker-0/DEBUG] [mixin/]: mixins.iris.json:MixinLevelRenderer from mod iris->@Inject::iris$beginWorldBorder(Lnet/minecraft/client/DeltaTracker;ZLnet/minecraft/client/Camera;Lnet/minecraft/client/renderer/GameRenderer;Lnet/minecraft/client/renderer/LightTexture;Lorg/joml/Matrix4f;Lorg/joml/Matrix4f;Lorg/spongepowered/asm/mixin/injection/callback/CallbackInfo;)V has 0 override(s) in child classes
[08:47:59] [modloading-worker-0/DEBUG] [mixin/]: mixins.iris.json:MixinLevelRenderer from mod iris->@Inject::iris$beginWorldBorder(Lnet/minecraft/client/DeltaTracker;ZLnet/minecraft/client/Camera;Lnet/minecraft/client/renderer/GameRenderer;Lnet/minecraft/client/renderer/LightTexture;Lorg/joml/Matrix4f;Lorg/joml/Matrix4f;Lorg/spongepowered/asm/mixin/injection/callback/CallbackInfo;)V won't be passed a CallbackInfo as a result
[08:47:59] [modloading-worker-0/DEBUG] [mixin/]: mixins.iris.json:MixinLevelRenderer from mod iris->@Inject::iris$endWorldBorder(Lnet/minecraft/client/DeltaTracker;ZLnet/minecraft/client/Camera;Lnet/minecraft/client/renderer/GameRenderer;Lnet/minecraft/client/renderer/LightTexture;Lorg/joml/Matrix4f;Lorg/joml/Matrix4f;Lorg/spongepowered/asm/mixin/injection/callback/CallbackInfo;)V doesn't use it's CallbackInfo
[08:47:59] [modloading-worker-0/DEBUG] [mixin/]: mixins.iris.json:MixinLevelRenderer from mod iris->@Inject::iris$endWorldBorder(Lnet/minecraft/client/DeltaTracker;ZLnet/minecraft/client/Camera;Lnet/minecraft/client/renderer/GameRenderer;Lnet/minecraft/client/renderer/LightTexture;Lorg/joml/Matrix4f;Lorg/joml/Matrix4f;Lorg/spongepowered/asm/mixin/injection/callback/CallbackInfo;)V has 0 override(s) in child classes
[08:47:59] [modloading-worker-0/DEBUG] [mixin/]: mixins.iris.json:MixinLevelRenderer from mod iris->@Inject::iris$endWorldBorder(Lnet/minecraft/client/DeltaTracker;ZLnet/minecraft/client/Camera;Lnet/minecraft/client/renderer/GameRenderer;Lnet/minecraft/client/renderer/LightTexture;Lorg/joml/Matrix4f;Lorg/joml/Matrix4f;Lorg/spongepowered/asm/mixin/injection/callback/CallbackInfo;)V won't be passed a CallbackInfo as a result
[08:47:59] [modloading-worker-0/DEBUG] [mixin/]: mixins.iris.json:MixinLevelRenderer from mod iris->@Inject::iris$endWorldBorder(Lnet/minecraft/client/DeltaTracker;ZLnet/minecraft/client/Camera;Lnet/minecraft/client/renderer/GameRenderer;Lnet/minecraft/client/renderer/LightTexture;Lorg/joml/Matrix4f;Lorg/joml/Matrix4f;Lorg/spongepowered/asm/mixin/injection/callback/CallbackInfo;)V doesn't use it's CallbackInfo
[08:47:59] [modloading-worker-0/DEBUG] [mixin/]: mixins.iris.json:MixinLevelRenderer from mod iris->@Inject::iris$endWorldBorder(Lnet/minecraft/client/DeltaTracker;ZLnet/minecraft/client/Camera;Lnet/minecraft/client/renderer/GameRenderer;Lnet/minecraft/client/renderer/LightTexture;Lorg/joml/Matrix4f;Lorg/joml/Matrix4f;Lorg/spongepowered/asm/mixin/injection/callback/CallbackInfo;)V has 0 override(s) in child classes
[08:47:59] [modloading-worker-0/DEBUG] [mixin/]: mixins.iris.json:MixinLevelRenderer from mod iris->@Inject::iris$endWorldBorder(Lnet/minecraft/client/DeltaTracker;ZLnet/minecraft/client/Camera;Lnet/minecraft/client/renderer/GameRenderer;Lnet/minecraft/client/renderer/LightTexture;Lorg/joml/Matrix4f;Lorg/joml/Matrix4f;Lorg/spongepowered/asm/mixin/injection/callback/CallbackInfo;)V won't be passed a CallbackInfo as a result
[08:47:59] [modloading-worker-0/DEBUG] [mixin/]: mixins.iris.json:MixinLevelRenderer from mod iris->@Inject::iris$setDebugRenderStage(Lnet/minecraft/client/DeltaTracker;ZLnet/minecraft/client/Camera;Lnet/minecraft/client/renderer/GameRenderer;Lnet/minecraft/client/renderer/LightTexture;Lorg/joml/Matrix4f;Lorg/joml/Matrix4f;Lorg/spongepowered/asm/mixin/injection/callback/CallbackInfo;)V doesn't use it's CallbackInfo
[08:47:59] [modloading-worker-0/DEBUG] [mixin/]: mixins.iris.json:MixinLevelRenderer from mod iris->@Inject::iris$setDebugRenderStage(Lnet/minecraft/client/DeltaTracker;ZLnet/minecraft/client/Camera;Lnet/minecraft/client/renderer/GameRenderer;Lnet/minecraft/client/renderer/LightTexture;Lorg/joml/Matrix4f;Lorg/joml/Matrix4f;Lorg/spongepowered/asm/mixin/injection/callback/CallbackInfo;)V has 0 override(s) in child classes
[08:47:59] [modloading-worker-0/DEBUG] [mixin/]: mixins.iris.json:MixinLevelRenderer from mod iris->@Inject::iris$setDebugRenderStage(Lnet/minecraft/client/DeltaTracker;ZLnet/minecraft/client/Camera;Lnet/minecraft/client/renderer/GameRenderer;Lnet/minecraft/client/renderer/LightTexture;Lorg/joml/Matrix4f;Lorg/joml/Matrix4f;Lorg/spongepowered/asm/mixin/injection/callback/CallbackInfo;)V won't be passed a CallbackInfo as a result
[08:47:59] [modloading-worker-0/DEBUG] [mixin/]: mixins.iris.json:MixinLevelRenderer from mod iris->@Inject::iris$resetDebugRenderStage(Lnet/minecraft/client/DeltaTracker;ZLnet/minecraft/client/Camera;Lnet/minecraft/client/renderer/GameRenderer;Lnet/minecraft/client/renderer/LightTexture;Lorg/joml/Matrix4f;Lorg/joml/Matrix4f;Lorg/spongepowered/asm/mixin/injection/callback/CallbackInfo;)V doesn't use it's CallbackInfo
[08:47:59] [modloading-worker-0/DEBUG] [mixin/]: mixins.iris.json:MixinLevelRenderer from mod iris->@Inject::iris$resetDebugRenderStage(Lnet/minecraft/client/DeltaTracker;ZLnet/minecraft/client/Camera;Lnet/minecraft/client/renderer/GameRenderer;Lnet/minecraft/client/renderer/LightTexture;Lorg/joml/Matrix4f;Lorg/joml/Matrix4f;Lorg/spongepowered/asm/mixin/injection/callback/CallbackInfo;)V has 0 override(s) in child classes
[08:47:59] [modloading-worker-0/DEBUG] [mixin/]: mixins.iris.json:MixinLevelRenderer from mod iris->@Inject::iris$resetDebugRenderStage(Lnet/minecraft/client/DeltaTracker;ZLnet/minecraft/client/Camera;Lnet/minecraft/client/renderer/GameRenderer;Lnet/minecraft/client/renderer/LightTexture;Lorg/joml/Matrix4f;Lorg/joml/Matrix4f;Lorg/spongepowered/asm/mixin/injection/callback/CallbackInfo;)V won't be passed a CallbackInfo as a result
[08:47:59] [modloading-worker-0/DEBUG] [mixin/]: mixins.iris.json:MixinLevelRenderer from mod iris->@Inject::iris$beginTranslucents(Lnet/minecraft/client/DeltaTracker;ZLnet/minecraft/client/Camera;Lnet/minecraft/client/renderer/GameRenderer;Lnet/minecraft/client/renderer/LightTexture;Lorg/joml/Matrix4f;Lorg/joml/Matrix4f;Lorg/spongepowered/asm/mixin/injection/callback/CallbackInfo;)V doesn't use it's CallbackInfo
[08:47:59] [modloading-worker-0/DEBUG] [mixin/]: mixins.iris.json:MixinLevelRenderer from mod iris->@Inject::iris$beginTranslucents(Lnet/minecraft/client/DeltaTracker;ZLnet/minecraft/client/Camera;Lnet/minecraft/client/renderer/GameRenderer;Lnet/minecraft/client/renderer/LightTexture;Lorg/joml/Matrix4f;Lorg/joml/Matrix4f;Lorg/spongepowered/asm/mixin/injection/callback/CallbackInfo;)V has 0 override(s) in child classes
[08:47:59] [modloading-worker-0/DEBUG] [mixin/]: mixins.iris.json:MixinLevelRenderer from mod iris->@Inject::iris$beginTranslucents(Lnet/minecraft/client/DeltaTracker;ZLnet/minecraft/client/Camera;Lnet/minecraft/client/renderer/GameRenderer;Lnet/minecraft/client/renderer/LightTexture;Lorg/joml/Matrix4f;Lorg/joml/Matrix4f;Lorg/spongepowered/asm/mixin/injection/callback/CallbackInfo;)V won't be passed a CallbackInfo as a result
[08:47:59] [modloading-worker-0/DEBUG] [mixin/]: mixins.iris.json:MixinLevelRenderer from mod iris->@Inject::iris$beginTranslucents(Lnet/minecraft/client/DeltaTracker;ZLnet/minecraft/client/Camera;Lnet/minecraft/client/renderer/GameRenderer;Lnet/minecraft/client/renderer/LightTexture;Lorg/joml/Matrix4f;Lorg/joml/Matrix4f;Lorg/spongepowered/asm/mixin/injection/callback/CallbackInfo;)V doesn't use it's CallbackInfo
[08:47:59] [modloading-worker-0/DEBUG] [mixin/]: mixins.iris.json:MixinLevelRenderer from mod iris->@Inject::iris$beginTranslucents(Lnet/minecraft/client/DeltaTracker;ZLnet/minecraft/client/Camera;Lnet/minecraft/client/renderer/GameRenderer;Lnet/minecraft/client/renderer/LightTexture;Lorg/joml/Matrix4f;Lorg/joml/Matrix4f;Lorg/spongepowered/asm/mixin/injection/callback/CallbackInfo;)V has 0 override(s) in child classes
[08:47:59] [modloading-worker-0/DEBUG] [mixin/]: mixins.iris.json:MixinLevelRenderer from mod iris->@Inject::iris$beginTranslucents(Lnet/minecraft/client/DeltaTracker;ZLnet/minecraft/client/Camera;Lnet/minecraft/client/renderer/GameRenderer;Lnet/minecraft/client/renderer/LightTexture;Lorg/joml/Matrix4f;Lorg/joml/Matrix4f;Lorg/spongepowered/asm/mixin/injection/callback/CallbackInfo;)V won't be passed a CallbackInfo as a result
[08:47:59] [modloading-worker-0/DEBUG] [mixin/]: mixins.iris.json:MixinLevelRenderer_Sky from mod iris->@Inject::preRenderSky(Lorg/joml/Matrix4f;Lorg/joml/Matrix4f;FLnet/minecraft/client/Camera;ZLjava/lang/Runnable;Lorg/spongepowered/asm/mixin/injection/callback/CallbackInfo;)V does use it's CallbackInfo
[08:47:59] [modloading-worker-0/DEBUG] [mixin/]: mixins.iris.json:fabulous.MixinDisableFabulousGraphics from mod iris->@Inject::iris$disableFabulousGraphicsOnResourceReload(Lorg/spongepowered/asm/mixin/injection/callback/CallbackInfo;)V doesn't use it's CallbackInfo
[08:47:59] [modloading-worker-0/DEBUG] [mixin/]: mixins.iris.json:fabulous.MixinDisableFabulousGraphics from mod iris->@Inject::iris$disableFabulousGraphicsOnResourceReload(Lorg/spongepowered/asm/mixin/injection/callback/CallbackInfo;)V has 0 override(s) in child classes
[08:47:59] [modloading-worker-0/DEBUG] [mixin/]: mixins.iris.json:fabulous.MixinDisableFabulousGraphics from mod iris->@Inject::iris$disableFabulousGraphicsOnResourceReload(Lorg/spongepowered/asm/mixin/injection/callback/CallbackInfo;)V won't be passed a CallbackInfo as a result
[08:47:59] [modloading-worker-0/DEBUG] [mixin/]: mixins.iris.json:fabulous.MixinDisableFabulousGraphics from mod iris->@Inject::iris$disableFabulousGraphicsOnLevelRendererReload(Lorg/spongepowered/asm/mixin/injection/callback/CallbackInfo;)V doesn't use it's CallbackInfo
[08:47:59] [modloading-worker-0/DEBUG] [mixin/]: mixins.iris.json:fabulous.MixinDisableFabulousGraphics from mod iris->@Inject::iris$disableFabulousGraphicsOnLevelRendererReload(Lorg/spongepowered/asm/mixin/injection/callback/CallbackInfo;)V has 0 override(s) in child classes
[08:47:59] [modloading-worker-0/DEBUG] [mixin/]: mixins.iris.json:fabulous.MixinDisableFabulousGraphics from mod iris->@Inject::iris$disableFabulousGraphicsOnLevelRendererReload(Lorg/spongepowered/asm/mixin/injection/callback/CallbackInfo;)V won't be passed a CallbackInfo as a result
[08:47:59] [modloading-worker-0/DEBUG] [mixin/]: client.voxy.mixins.json:minecraft.MixinWorldRenderer from mod voxy->@Inject::voxy$captureSetWorld(Lnet/minecraft/client/multiplayer/ClientLevel;Lorg/spongepowered/asm/mixin/injection/callback/CallbackInfo;)V doesn't use it's CallbackInfo
[08:47:59] [modloading-worker-0/DEBUG] [mixin/]: client.voxy.mixins.json:minecraft.MixinWorldRenderer from mod voxy->@Inject::voxy$captureSetWorld(Lnet/minecraft/client/multiplayer/ClientLevel;Lorg/spongepowered/asm/mixin/injection/callback/CallbackInfo;)V has 0 override(s) in child classes
[08:47:59] [modloading-worker-0/DEBUG] [mixin/]: client.voxy.mixins.json:minecraft.MixinWorldRenderer from mod voxy->@Inject::voxy$captureSetWorld(Lnet/minecraft/client/multiplayer/ClientLevel;Lorg/spongepowered/asm/mixin/injection/callback/CallbackInfo;)V won't be passed a CallbackInfo as a result
[08:47:59] [modloading-worker-0/DEBUG] [mixin/]: client.voxy.mixins.json:minecraft.MixinWorldRenderer from mod voxy->@Inject::injectClose(Lorg/spongepowered/asm/mixin/injection/callback/CallbackInfo;)V doesn't use it's CallbackInfo
[08:47:59] [modloading-worker-0/DEBUG] [mixin/]: client.voxy.mixins.json:minecraft.MixinWorldRenderer from mod voxy->@Inject::injectClose(Lorg/spongepowered/asm/mixin/injection/callback/CallbackInfo;)V has 0 override(s) in child classes
[08:47:59] [modloading-worker-0/DEBUG] [mixin/]: client.voxy.mixins.json:minecraft.MixinWorldRenderer from mod voxy->@Inject::injectClose(Lorg/spongepowered/asm/mixin/injection/callback/CallbackInfo;)V won't be passed a CallbackInfo as a result
[08:47:59] [modloading-worker-0/DEBUG] [mixin/]: mixins.iris.json:shadows.MixinPreventRebuildNearInShadowPass from mod iris->@Inject::iris$preventRebuildNearInShadowPass(Lnet/minecraft/client/Camera;Lnet/minecraft/client/renderer/culling/Frustum;ZZLorg/spongepowered/asm/mixin/injection/callback/CallbackInfo;)V doesn't use it's CallbackInfo
[08:47:59] [modloading-worker-0/DEBUG] [mixin/]: mixins.iris.json:shadows.MixinPreventRebuildNearInShadowPass from mod iris->@Inject::iris$preventRebuildNearInShadowPass(Lnet/minecraft/client/Camera;Lnet/minecraft/client/renderer/culling/Frustum;ZZLorg/spongepowered/asm/mixin/injection/callback/CallbackInfo;)V has 0 override(s) in child classes
[08:47:59] [modloading-worker-0/DEBUG] [mixin/]: mixins.iris.json:shadows.MixinPreventRebuildNearInShadowPass from mod iris->@Inject::iris$preventRebuildNearInShadowPass(Lnet/minecraft/client/Camera;Lnet/minecraft/client/renderer/culling/Frustum;ZZLorg/spongepowered/asm/mixin/injection/callback/CallbackInfo;)V won't be passed a CallbackInfo as a result
[08:47:59] [modloading-worker-0/DEBUG] [mixin/]: Mixing core.render.frustum.FrustumMixin from sodium-common.mixins.json into net.minecraft.client.renderer.culling.Frustum
[08:47:59] [modloading-worker-0/DEBUG] [mixin/]: sodium-common.mixins.json:core.render.frustum.FrustumMixin from mod sodium: Class version 65 required is higher than the class version supported by the current version of Mixin (JAVA_17 supports class version 61)
[08:47:59] [modloading-worker-0/DEBUG] [ne.ne.fm.ja.AutomaticEventSubscriber/LOADING]: Attempting to inject @EventBusSubscriber classes into the eventbus for sodium
[08:47:59] [modloading-worker-0/ERROR] [Voxy/]: [me.cx.vy.cn.cg.Serialization]: Failed to collect classes in package: me.cortex.voxy java.lang.NullPointerException
java.lang.NullPointerException: null
	at java.base/java.io.Reader.<init>(Reader.java:168) ~[?:?] {}
	at java.base/java.io.InputStreamReader.<init>(InputStreamReader.java:88) ~[?:?] {}
	at TRANSFORMER/voxy@0.2.5-alpha/me.cortex.voxy.common.config.Serialization.collectAllClasses(Serialization.java:182) ~[%23203!/:?] {re:classloading}
	at TRANSFORMER/voxy@0.2.5-alpha/me.cortex.voxy.common.config.Serialization.init(Serialization.java:113) ~[%23203!/:?] {re:classloading}
	at TRANSFORMER/voxy@0.2.5-alpha/me.cortex.voxy.commonImpl.VoxyCommon.<init>(VoxyCommon.java:36) ~[%23203!/:?] {re:mixin,re:classloading}
	at java.base/jdk.internal.reflect.DirectConstructorHandleAccessor.newInstance(DirectConstructorHandleAccessor.java:62) ~[?:?] {}
	at java.base/java.lang.reflect.Constructor.newInstanceWithCaller(Constructor.java:502) ~[?:?] {}
	at java.base/java.lang.reflect.Constructor.newInstance(Constructor.java:486) ~[?:?] {}
	at MC-BOOTSTRAP/fml_loader@4.0.39/net.neoforged.fml.javafmlmod.FMLModContainer.constructMod(FMLModContainer.java:115) ~[loader-4.0.39.jar%23156!/:4.0] {}
	at MC-BOOTSTRAP/fml_loader@4.0.39/net.neoforged.fml.ModLoader.lambda$constructMods$3(ModLoader.java:153) ~[loader-4.0.39.jar%23156!/:4.0] {}
	at MC-BOOTSTRAP/fml_loader@4.0.39/net.neoforged.fml.ModLoader.lambda$dispatchParallelTask$7(ModLoader.java:231) ~[loader-4.0.39.jar%23156!/:4.0] {}
	at java.base/java.util.concurrent.CompletableFuture.uniHandle(CompletableFuture.java:934) [?:?] {re:mixin}
	at java.base/java.util.concurrent.CompletableFuture$UniHandle.tryFire(CompletableFuture.java:911) [?:?] {}
	at java.base/java.util.concurrent.CompletableFuture$Completion.exec(CompletableFuture.java:483) [?:?] {}
	at java.base/java.util.concurrent.ForkJoinTask.doExec(ForkJoinTask.java:387) [?:?] {}
	at java.base/java.util.concurrent.ForkJoinPool$WorkQueue.topLevelExec(ForkJoinPool.java:1310) [?:?] {}
	at java.base/java.util.concurrent.ForkJoinPool.scan(ForkJoinPool.java:1841) [?:?] {}
	at java.base/java.util.concurrent.ForkJoinPool.runWorker(ForkJoinPool.java:1806) [?:?] {}
	at java.base/java.util.concurrent.ForkJoinWorkerThread.run(ForkJoinWorkerThread.java:188) [?:?] {}
[08:47:59] [modloading-worker-0/INFO] [Voxy/]: [me.cx.vy.cn.cg.Serialization]: Registered 0 config types
[08:47:59] [modloading-worker-0/DEBUG] [ne.ne.fm.ja.AutomaticEventSubscriber/LOADING]: Attempting to inject @EventBusSubscriber classes into the eventbus for voxy
[08:47:59] [modloading-worker-0/DEBUG] [ne.ne.fm.ja.AutomaticEventSubscriber/LOADING]: Attempting to inject @EventBusSubscriber classes into the eventbus for neoforge
[08:47:59] [modloading-worker-0/DEBUG] [ne.ne.fm.ja.AutomaticEventSubscriber/LOADING]: Auto-subscribing me.cortex.voxy.client.VoxyClient to MOD
[08:47:59] [modloading-worker-0/DEBUG] [ne.ne.fm.ja.AutomaticEventSubscriber/LOADING]: Auto-subscribing net.neoforged.neoforge.server.command.ConfigCommand to GAME
[08:47:59] [modloading-worker-0/DEBUG] [ne.ne.fm.ja.AutomaticEventSubscriber/LOADING]: Auto-subscribing net.neoforged.neoforge.network.filters.GenericPacketSplitter to MOD
[08:47:59] [modloading-worker-0/DEBUG] [io.ne.bu.AbstractByteBuf/]: -Dio.netty.buffer.checkAccessible: true
[08:47:59] [modloading-worker-0/DEBUG] [io.ne.bu.AbstractByteBuf/]: -Dio.netty.buffer.checkBounds: true
[08:47:59] [modloading-worker-0/DEBUG] [io.ne.ut.ResourceLeakDetectorFactory/]: Loaded default ResourceLeakDetector: io.netty.util.ResourceLeakDetector@51facefc
[08:47:59] [modloading-worker-0/DEBUG] [io.ne.ut.in.InternalThreadLocalMap/]: -Dio.netty.threadLocalMap.stringBuilder.initialSize: 1024
[08:47:59] [modloading-worker-0/DEBUG] [io.ne.ut.in.InternalThreadLocalMap/]: -Dio.netty.threadLocalMap.stringBuilder.maxSize: 4096
[08:47:59] [modloading-worker-0/DEBUG] [io.ne.bu.PooledByteBufAllocator/]: -Dio.netty.allocator.numHeapArenas: 32
[08:47:59] [modloading-worker-0/DEBUG] [io.ne.bu.PooledByteBufAllocator/]: -Dio.netty.allocator.numDirectArenas: 32
[08:47:59] [modloading-worker-0/DEBUG] [io.ne.bu.PooledByteBufAllocator/]: -Dio.netty.allocator.pageSize: 8192
[08:47:59] [modloading-worker-0/DEBUG] [io.ne.bu.PooledByteBufAllocator/]: -Dio.netty.allocator.maxOrder: 9
[08:47:59] [modloading-worker-0/DEBUG] [io.ne.bu.PooledByteBufAllocator/]: -Dio.netty.allocator.chunkSize: 4194304
[08:47:59] [modloading-worker-0/DEBUG] [io.ne.bu.PooledByteBufAllocator/]: -Dio.netty.allocator.smallCacheSize: 256
[08:47:59] [modloading-worker-0/DEBUG] [io.ne.bu.PooledByteBufAllocator/]: -Dio.netty.allocator.normalCacheSize: 64
[08:47:59] [modloading-worker-0/DEBUG] [io.ne.bu.PooledByteBufAllocator/]: -Dio.netty.allocator.maxCachedBufferCapacity: 32768
[08:47:59] [modloading-worker-0/DEBUG] [io.ne.bu.PooledByteBufAllocator/]: -Dio.netty.allocator.cacheTrimInterval: 8192
[08:47:59] [modloading-worker-0/DEBUG] [io.ne.bu.PooledByteBufAllocator/]: -Dio.netty.allocator.cacheTrimIntervalMillis: 0
[08:47:59] [modloading-worker-0/DEBUG] [io.ne.bu.PooledByteBufAllocator/]: -Dio.netty.allocator.useCacheForAllThreads: false
[08:47:59] [modloading-worker-0/DEBUG] [io.ne.bu.PooledByteBufAllocator/]: -Dio.netty.allocator.maxCachedByteBuffersPerChunk: 1023
[08:47:59] [modloading-worker-0/DEBUG] [io.ne.bu.ByteBufUtil/]: -Dio.netty.allocator.type: pooled
[08:47:59] [modloading-worker-0/DEBUG] [io.ne.bu.ByteBufUtil/]: -Dio.netty.threadLocalDirectBufferSize: 0
[08:47:59] [modloading-worker-0/DEBUG] [io.ne.bu.ByteBufUtil/]: -Dio.netty.maxThreadLocalCharBufferSize: 16384
[08:47:59] [modloading-worker-0/DEBUG] [ne.ne.fm.ja.AutomaticEventSubscriber/LOADING]: Auto-subscribing net.neoforged.neoforge.network.NetworkInitialization to MOD
[08:47:59] [modloading-worker-0/DEBUG] [ne.ne.fm.ja.AutomaticEventSubscriber/LOADING]: Auto-subscribing net.neoforged.neoforge.network.ConfigurationInitialization to MOD
[08:47:59] [modloading-worker-0/DEBUG] [ne.ne.fm.ja.AutomaticEventSubscriber/LOADING]: Auto-subscribing net.neoforged.neoforge.common.MonsterRoomHooks to GAME
[08:47:59] [modloading-worker-0/DEBUG] [ne.ne.fm.ja.AutomaticEventSubscriber/LOADING]: Auto-subscribing net.neoforged.neoforge.common.DeferredSpawnEggItem$CommonHandler to MOD
[08:47:59] [modloading-worker-0/DEBUG] [ne.ne.fm.ja.AutomaticEventSubscriber/LOADING]: Auto-subscribing net.neoforged.neoforge.common.DeferredSpawnEggItem$ColorRegisterHandler to MOD
[08:47:59] [modloading-worker-0/DEBUG] [ne.ne.fm.ja.AutomaticEventSubscriber/LOADING]: Auto-subscribing net.neoforged.neoforge.client.model.data.ModelDataManager to GAME
[08:47:59] [modloading-worker-0/DEBUG] [mixin/]: Mixing platform.neoforge.ModelDataMixin from sodium-neoforge.mixins.json into net.neoforged.neoforge.client.model.data.ModelData
[08:47:59] [modloading-worker-0/DEBUG] [mixin/]: sodium-neoforge.mixins.json:platform.neoforge.ModelDataMixin from mod sodium: Class version 65 required is higher than the class version supported by the current version of Mixin (JAVA_17 supports class version 61)
[08:47:59] [modloading-worker-0/DEBUG] [ne.ne.fm.ja.AutomaticEventSubscriber/LOADING]: Auto-subscribing net.neoforged.neoforge.client.ParticleBoundsDebugRenderer to GAME
[08:47:59] [modloading-worker-0/DEBUG] [mixin/]: Mixing features.render.immediate.matrix_stack.PoseStackMixin from sodium-common.mixins.json into com.mojang.blaze3d.vertex.PoseStack
[08:47:59] [modloading-worker-0/DEBUG] [mixin/]: sodium-common.mixins.json:features.render.immediate.matrix_stack.PoseStackMixin from mod sodium: Class version 65 required is higher than the class version supported by the current version of Mixin (JAVA_17 supports class version 61)
[08:47:59] [modloading-worker-0/DEBUG] [ne.ne.fm.ja.AutomaticEventSubscriber/LOADING]: Auto-subscribing net.neoforged.neoforge.client.ClientHooks$ClientEvents to MOD
[08:47:59] [modloading-worker-0/DEBUG] [ne.ne.fm.ja.AutomaticEventSubscriber/LOADING]: Auto-subscribing net.neoforged.neoforge.client.BlockEntityRenderBoundsDebugRenderer to GAME
[08:47:59] [modloading-worker-0/DEBUG] [ne.ne.fm.ja.AutomaticEventSubscriber/LOADING]: Auto-subscribing net.neoforged.neoforge.attachment.AttachmentInternals to GAME
[08:47:59] [modloading-sync-worker/DEBUG] [ne.ne.ne.re.GameData/REGISTRIES]: Unfreezing registries
[08:47:59] [modloading-sync-worker/DEBUG] [ne.ne.ne.re.GameData/REGISTRIES]: Freezing registries
[08:47:59] [modloading-sync-worker/DEBUG] [ne.ne.ne.re.GameData/REGISTRIES]: All registries frozen
[08:47:59] [modloading-sync-worker/DEBUG] [ne.ne.fm.co.ConfigTracker/CONFIG]: Loading configs type CLIENT
[08:47:59] [modloading-sync-worker/DEBUG] [ne.ne.ne.co.NeoForgeConfig/FORGEMOD]: Loaded NeoForge config file neoforge-client.toml
[08:47:59] [modloading-sync-worker/DEBUG] [ne.ne.fm.co.ConfigTracker/CONFIG]: Loaded TOML config file D:\mc\MODEVS\voxy-neoforge-version1.21.1\run\config\neoforge-client.toml
[08:47:59] [modloading-sync-worker/DEBUG] [ne.ne.fm.co.ConfigTracker/CONFIG]: Watching TOML config file D:\mc\MODEVS\voxy-neoforge-version1.21.1\run\config\neoforge-client.toml for changes
[08:47:59] [modloading-sync-worker/DEBUG] [ne.ne.fm.co.ConfigTracker/CONFIG]: Loading configs type COMMON
[08:47:59] [modloading-sync-worker/DEBUG] [ne.ne.ne.co.NeoForgeConfig/FORGEMOD]: Loaded NeoForge config file neoforge-common.toml
[08:47:59] [modloading-sync-worker/DEBUG] [ne.ne.fm.co.ConfigTracker/CONFIG]: Loaded TOML config file D:\mc\MODEVS\voxy-neoforge-version1.21.1\run\config\neoforge-common.toml
[08:47:59] [modloading-sync-worker/DEBUG] [ne.ne.fm.co.ConfigTracker/CONFIG]: Watching TOML config file D:\mc\MODEVS\voxy-neoforge-version1.21.1\run\config\neoforge-common.toml for changes
[08:47:59] [Render thread/DEBUG] [mixin/]: Mixing platform.neoforge.ResourcePackLoaderMixin from sodium-neoforge.mixins.json into net.neoforged.neoforge.resource.ResourcePackLoader
[08:47:59] [Render thread/DEBUG] [mixin/]: sodium-neoforge.mixins.json:platform.neoforge.ResourcePackLoaderMixin from mod sodium: Class version 65 required is higher than the class version supported by the current version of Mixin (JAVA_17 supports class version 61)
[08:47:59] [Render thread/DEBUG] [mixin/]: Renaming synthetic method lambda$changeSet$0(Ljava/util/Map$Entry;Ljava/util/Map$Entry;)I to md7ea5ce$sodium$lambda$changeSet$0$0 in sodium-neoforge.mixins.json:platform.neoforge.ResourcePackLoaderMixin from mod sodium
[08:47:59] [Render thread/DEBUG] [mixin/]: Mixing MixinSodiumGameOptions from mixins.iris.compat.sodium.json into net.caffeinemc.mods.sodium.client.gui.SodiumGameOptions
[08:47:59] [Render thread/DEBUG] [mixin/]: mixins.iris.compat.sodium.json:MixinSodiumGameOptions from mod iris: Class version 65 required is higher than the class version supported by the current version of Mixin (JAVA_8 supports class version 52)
[08:47:59] [Render thread/DEBUG] [mixin/]: mixins.iris.compat.sodium.json:MixinSodiumGameOptions from mod iris->@Inject::iris$writeIrisConfig(Lorg/spongepowered/asm/mixin/injection/callback/CallbackInfo;)V doesn't use it's CallbackInfo
[08:47:59] [Render thread/DEBUG] [mixin/]: Mixing MixinClientLanguage from mixins.iris.json into net.minecraft.client.resources.language.ClientLanguage
[08:47:59] [Render thread/DEBUG] [mixin/]: mixins.iris.json:MixinClientLanguage from mod iris: Class version 65 required is higher than the class version supported by the current version of Mixin (JAVA_8 supports class version 52)
[08:47:59] [Render thread/DEBUG] [mixin/]: mixins.iris.json:MixinClientLanguage from mod iris->@Inject::injectFrom(Ljava/lang/String;Ljava/util/List;Ljava/util/Map;Lorg/spongepowered/asm/mixin/injection/callback/CallbackInfo;)V doesn't use it's CallbackInfo
[08:47:59] [Render thread/DEBUG] [mixin/]: mixins.iris.json:MixinClientLanguage from mod iris->@Inject::check(Lnet/minecraft/server/packs/resources/ResourceManager;Ljava/util/List;ZLorg/spongepowered/asm/mixin/injection/callback/CallbackInfoReturnable;)V doesn't use it's CallbackInfoReturnable
[08:47:59] [Render thread/DEBUG] [mixin/]: mixins.iris.json:MixinClientLanguage from mod iris->@Inject::iris$addLanguageEntries(Ljava/lang/String;Ljava/lang/String;Lorg/spongepowered/asm/mixin/injection/callback/CallbackInfoReturnable;)V does use it's CallbackInfoReturnable
[08:47:59] [Render thread/DEBUG] [mixin/]: mixins.iris.json:MixinClientLanguage from mod iris->@Inject::iris$addLanguageEntriesToTranslationChecks(Ljava/lang/String;Lorg/spongepowered/asm/mixin/injection/callback/CallbackInfoReturnable;)V does use it's CallbackInfoReturnable
[08:47:59] [Render thread/DEBUG] [mixin/]: Mixing texture.MixinTextureManager from mixins.iris.json into net.minecraft.client.renderer.texture.TextureManager
[08:47:59] [Render thread/DEBUG] [mixin/]: mixins.iris.json:texture.MixinTextureManager from mod iris: Class version 65 required is higher than the class version supported by the current version of Mixin (JAVA_8 supports class version 52)
[08:47:59] [Render thread/DEBUG] [mixin/]: mixins.iris.json:texture.MixinTextureManager from mod iris->@Inject::iris$onTailReloadLambda(Lnet/minecraft/server/packs/resources/ResourceManager;Ljava/util/concurrent/Executor;Ljava/util/concurrent/CompletableFuture;Ljava/lang/Void;Lorg/spongepowered/asm/mixin/injection/callback/CallbackInfo;)V doesn't use it's CallbackInfo
[08:47:59] [Render thread/DEBUG] [mixin/]: mixins.iris.json:texture.MixinTextureManager from mod iris->@Inject::iris$onTailReloadLambda(Lnet/minecraft/server/packs/resources/ResourceManager;Ljava/util/concurrent/Executor;Ljava/util/concurrent/CompletableFuture;Ljava/lang/Void;Lorg/spongepowered/asm/mixin/injection/callback/CallbackInfo;)V has 0 override(s) in child classes
[08:47:59] [Render thread/DEBUG] [mixin/]: mixins.iris.json:texture.MixinTextureManager from mod iris->@Inject::iris$onTailReloadLambda(Lnet/minecraft/server/packs/resources/ResourceManager;Ljava/util/concurrent/Executor;Ljava/util/concurrent/CompletableFuture;Ljava/lang/Void;Lorg/spongepowered/asm/mixin/injection/callback/CallbackInfo;)V won't be passed a CallbackInfo as a result
[08:47:59] [Render thread/DEBUG] [mixin/]: mixins.iris.json:texture.MixinTextureManager from mod iris->@Inject::iris$onInnerDumpTextures(Ljava/nio/file/Path;Lorg/spongepowered/asm/mixin/injection/callback/CallbackInfo;)V doesn't use it's CallbackInfo
[08:47:59] [Render thread/DEBUG] [mixin/]: mixins.iris.json:texture.MixinTextureManager from mod iris->@Inject::iris$onInnerDumpTextures(Ljava/nio/file/Path;Lorg/spongepowered/asm/mixin/injection/callback/CallbackInfo;)V has 0 override(s) in child classes
[08:47:59] [Render thread/DEBUG] [mixin/]: mixins.iris.json:texture.MixinTextureManager from mod iris->@Inject::iris$onInnerDumpTextures(Ljava/nio/file/Path;Lorg/spongepowered/asm/mixin/injection/callback/CallbackInfo;)V won't be passed a CallbackInfo as a result
[08:47:59] [Render thread/DEBUG] [mixin/]: mixins.iris.json:texture.MixinTextureManager from mod iris->@Inject::iris$onInnerDumpTextures(Ljava/nio/file/Path;Lorg/spongepowered/asm/mixin/injection/callback/CallbackInfo;)V doesn't use it's CallbackInfo
[08:47:59] [Render thread/DEBUG] [mixin/]: mixins.iris.json:texture.MixinTextureManager from mod iris->@Inject::iris$onInnerDumpTextures(Ljava/nio/file/Path;Lorg/spongepowered/asm/mixin/injection/callback/CallbackInfo;)V has 0 override(s) in child classes
[08:47:59] [Render thread/DEBUG] [mixin/]: mixins.iris.json:texture.MixinTextureManager from mod iris->@Inject::iris$onInnerDumpTextures(Ljava/nio/file/Path;Lorg/spongepowered/asm/mixin/injection/callback/CallbackInfo;)V won't be passed a CallbackInfo as a result
[08:47:59] [Render thread/DEBUG] [mixin/]: mixins.iris.json:texture.MixinTextureManager from mod iris->@Inject::iris$onTailClose(Lorg/spongepowered/asm/mixin/injection/callback/CallbackInfo;)V doesn't use it's CallbackInfo
[08:47:59] [Render thread/DEBUG] [mixin/]: mixins.iris.json:texture.MixinTextureManager from mod iris->@Inject::iris$onTailClose(Lorg/spongepowered/asm/mixin/injection/callback/CallbackInfo;)V has 0 override(s) in child classes
[08:47:59] [Render thread/DEBUG] [mixin/]: mixins.iris.json:texture.MixinTextureManager from mod iris->@Inject::iris$onTailClose(Lorg/spongepowered/asm/mixin/injection/callback/CallbackInfo;)V won't be passed a CallbackInfo as a result
[08:47:59] [Render thread/DEBUG] [mixin/]: Mixing features.render.gui.font.BakedGlyphMixin from sodium-common.mixins.json into net.minecraft.client.gui.font.glyphs.BakedGlyph
[08:47:59] [Render thread/DEBUG] [mixin/]: sodium-common.mixins.json:features.render.gui.font.BakedGlyphMixin from mod sodium: Class version 65 required is higher than the class version supported by the current version of Mixin (JAVA_17 supports class version 61)
[08:47:59] [Render thread/DEBUG] [mixin/]: sodium-common.mixins.json:features.render.gui.font.BakedGlyphMixin from mod sodium->@Inject::drawFast(ZFFLorg/joml/Matrix4f;Lcom/mojang/blaze3d/vertex/VertexConsumer;FFFFILorg/spongepowered/asm/mixin/injection/callback/CallbackInfo;)V does use it's CallbackInfo
[08:47:59] [Render thread/DEBUG] [mixin/]: Mixing core.model.colors.BlockColorsMixin from sodium-common.mixins.json into net.minecraft.client.color.block.BlockColors
[08:47:59] [Render thread/DEBUG] [mixin/]: sodium-common.mixins.json:core.model.colors.BlockColorsMixin from mod sodium: Class version 65 required is higher than the class version supported by the current version of Mixin (JAVA_17 supports class version 61)
[08:47:59] [Render thread/DEBUG] [mixin/]: sodium-common.mixins.json:core.model.colors.BlockColorsMixin from mod sodium->@Inject::preRegisterColorProvider(Lnet/minecraft/client/color/block/BlockColor;[Lnet/minecraft/world/level/block/Block;Lorg/spongepowered/asm/mixin/injection/callback/CallbackInfo;)V doesn't use it's CallbackInfo
[08:47:59] [Render thread/DEBUG] [mixin/]: sodium-common.mixins.json:core.model.colors.BlockColorsMixin from mod sodium->@Inject::preRegisterColorProvider(Lnet/minecraft/client/color/block/BlockColor;[Lnet/minecraft/world/level/block/Block;Lorg/spongepowered/asm/mixin/injection/callback/CallbackInfo;)V has 0 override(s) in child classes
[08:47:59] [Render thread/DEBUG] [mixin/]: sodium-common.mixins.json:core.model.colors.BlockColorsMixin from mod sodium->@Inject::preRegisterColorProvider(Lnet/minecraft/client/color/block/BlockColor;[Lnet/minecraft/world/level/block/Block;Lorg/spongepowered/asm/mixin/injection/callback/CallbackInfo;)V won't be passed a CallbackInfo as a result
[08:47:59] [Render thread/DEBUG] [mixin/]: Mixing platform.neoforge.ClientHooksMixin from sodium-neoforge.mixins.json into net.neoforged.neoforge.client.ClientHooks
[08:47:59] [Render thread/DEBUG] [mixin/]: sodium-neoforge.mixins.json:platform.neoforge.ClientHooksMixin from mod sodium: Class version 65 required is higher than the class version supported by the current version of Mixin (JAVA_17 supports class version 61)
[08:47:59] [Render thread/DEBUG] [mixin/]: Mixing core.model.colors.ItemColorsMixin from sodium-common.mixins.json into net.minecraft.client.color.item.ItemColors
[08:47:59] [Render thread/DEBUG] [mixin/]: sodium-common.mixins.json:core.model.colors.ItemColorsMixin from mod sodium: Class version 65 required is higher than the class version supported by the current version of Mixin (JAVA_17 supports class version 61)
[08:47:59] [Render thread/DEBUG] [mixin/]: sodium-common.mixins.json:core.model.colors.ItemColorsMixin from mod sodium->@Inject::preRegisterColor(Lnet/minecraft/client/color/item/ItemColor;[Lnet/minecraft/world/level/ItemLike;Lorg/spongepowered/asm/mixin/injection/callback/CallbackInfo;)V doesn't use it's CallbackInfo
[08:47:59] [Render thread/DEBUG] [mixin/]: sodium-common.mixins.json:core.model.colors.ItemColorsMixin from mod sodium->@Inject::preRegisterColor(Lnet/minecraft/client/color/item/ItemColor;[Lnet/minecraft/world/level/ItemLike;Lorg/spongepowered/asm/mixin/injection/callback/CallbackInfo;)V has 0 override(s) in child classes
[08:47:59] [Render thread/DEBUG] [mixin/]: sodium-common.mixins.json:core.model.colors.ItemColorsMixin from mod sodium->@Inject::preRegisterColor(Lnet/minecraft/client/color/item/ItemColor;[Lnet/minecraft/world/level/ItemLike;Lorg/spongepowered/asm/mixin/injection/callback/CallbackInfo;)V won't be passed a CallbackInfo as a result
[08:47:59] [Render thread/DEBUG] [mixin/]: Mixing MixinSheets from iris-batched-entity-rendering.mixins.json into net.minecraft.client.renderer.Sheets
[08:47:59] [Render thread/DEBUG] [mixin/]: iris-batched-entity-rendering.mixins.json:MixinSheets from mod iris: Class version 65 required is higher than the class version supported by the current version of Mixin (JAVA_8 supports class version 52)
[08:47:59] [Render thread/DEBUG] [mixin/]: iris-batched-entity-rendering.mixins.json:MixinSheets from mod iris->@Inject::setSheet(Lorg/spongepowered/asm/mixin/injection/callback/CallbackInfo;)V doesn't use it's CallbackInfo
[08:47:59] [Render thread/DEBUG] [mixin/]: Mixing entity_render_context.MixinBlockEntityRenderDispatcher from mixins.iris.json into net.minecraft.client.renderer.blockentity.BlockEntityRenderDispatcher
[08:47:59] [Render thread/DEBUG] [mixin/]: mixins.iris.json:entity_render_context.MixinBlockEntityRenderDispatcher from mod iris: Class version 65 required is higher than the class version supported by the current version of Mixin (JAVA_8 supports class version 52)
[08:47:59] [Render thread/DEBUG] [mixin/]: Renaming synthetic method lambda$iris$wrapBufferSource$0(Lnet/minecraft/client/renderer/RenderType;)Lnet/minecraft/client/renderer/RenderType; to md7ea5ce$iris$lambda$iris$wrapBufferSource$0$0 in mixins.iris.json:entity_render_context.MixinBlockEntityRenderDispatcher from mod iris
[08:47:59] [Render thread/DEBUG] [mixin/]: mixins.iris.json:entity_render_context.MixinBlockEntityRenderDispatcher from mod iris->@Inject::iris$afterRender(Lnet/minecraft/world/level/block/entity/BlockEntity;FLcom/mojang/blaze3d/vertex/PoseStack;Lnet/minecraft/client/renderer/MultiBufferSource;Lorg/spongepowered/asm/mixin/injection/callback/CallbackInfo;)V doesn't use it's CallbackInfo
[08:47:59] [Render thread/DEBUG] [mixin/]: mixins.iris.json:entity_render_context.MixinBlockEntityRenderDispatcher from mod iris->@Inject::iris$afterRender(Lnet/minecraft/world/level/block/entity/BlockEntity;FLcom/mojang/blaze3d/vertex/PoseStack;Lnet/minecraft/client/renderer/MultiBufferSource;Lorg/spongepowered/asm/mixin/injection/callback/CallbackInfo;)V has 0 override(s) in child classes
[08:47:59] [Render thread/DEBUG] [mixin/]: mixins.iris.json:entity_render_context.MixinBlockEntityRenderDispatcher from mod iris->@Inject::iris$afterRender(Lnet/minecraft/world/level/block/entity/BlockEntity;FLcom/mojang/blaze3d/vertex/PoseStack;Lnet/minecraft/client/renderer/MultiBufferSource;Lorg/spongepowered/asm/mixin/injection/callback/CallbackInfo;)V won't be passed a CallbackInfo as a result
[08:47:59] [Render thread/DEBUG] [mixin/]: Mixing features.render.entity.shadows.EntityRenderDispatcherMixin from sodium-common.mixins.json into net.minecraft.client.renderer.entity.EntityRenderDispatcher
[08:47:59] [Render thread/DEBUG] [mixin/]: sodium-common.mixins.json:features.render.entity.shadows.EntityRenderDispatcherMixin from mod sodium: Class version 65 required is higher than the class version supported by the current version of Mixin (JAVA_17 supports class version 61)
[08:47:59] [Render thread/DEBUG] [mixin/]: Mixing MixinEntityRenderDispatcher from mixins.iris.json into net.minecraft.client.renderer.entity.EntityRenderDispatcher
[08:47:59] [Render thread/DEBUG] [mixin/]: mixins.iris.json:MixinEntityRenderDispatcher from mod iris: Class version 65 required is higher than the class version supported by the current version of Mixin (JAVA_8 supports class version 52)
[08:47:59] [Render thread/DEBUG] [mixin/]: Mixing entity_render_context.MixinEntityRenderDispatcher from mixins.iris.json into net.minecraft.client.renderer.entity.EntityRenderDispatcher
[08:47:59] [Render thread/DEBUG] [mixin/]: mixins.iris.json:entity_render_context.MixinEntityRenderDispatcher from mod iris: Class version 65 required is higher than the class version supported by the current version of Mixin (JAVA_8 supports class version 52)
[08:47:59] [Render thread/DEBUG] [mixin/]: Renaming synthetic method lambda$iris$beginEntityRender$2(Lnet/minecraft/client/renderer/RenderType;)Lnet/minecraft/client/renderer/RenderType; to md7ea5ce$iris$lambda$iris$beginEntityRender$2$0 in mixins.iris.json:entity_render_context.MixinEntityRenderDispatcher from mod iris
[08:47:59] [Render thread/DEBUG] [mixin/]: Renaming synthetic method lambda$iris$beginEntityRender$1(Lnet/minecraft/world/entity/Entity;Ljava/lang/Object;)Lnet/irisshaders/iris/shaderpack/materialmap/NamespacedId; to md7ea5ce$iris$lambda$iris$beginEntityRender$1$1 in mixins.iris.json:entity_render_context.MixinEntityRenderDispatcher from mod iris
[08:47:59] [Render thread/DEBUG] [mixin/]: Renaming synthetic method lambda$iris$beginEntityRender$0(Lnet/minecraft/world/entity/Entity;Ljava/lang/Object;)Lnet/irisshaders/iris/shaderpack/materialmap/NamespacedId; to md7ea5ce$iris$lambda$iris$beginEntityRender$0$2 in mixins.iris.json:entity_render_context.MixinEntityRenderDispatcher from mod iris
[08:47:59] [Render thread/DEBUG] [mixin/]: sodium-common.mixins.json:features.render.entity.shadows.EntityRenderDispatcherMixin from mod sodium->@Inject::renderShadowPartFast(Lcom/mojang/blaze3d/vertex/PoseStack$Pose;Lcom/mojang/blaze3d/vertex/VertexConsumer;Lnet/minecraft/world/level/chunk/ChunkAccess;Lnet/minecraft/world/level/LevelReader;Lnet/minecraft/core/BlockPos;DDDFFLorg/spongepowered/asm/mixin/injection/callback/CallbackInfo;)V does use it's CallbackInfo
[08:47:59] [Render thread/DEBUG] [mixin/]: mixins.iris.json:MixinEntityRenderDispatcher from mod iris->@Inject::iris$maybeSuppressEntityShadow(Lcom/mojang/blaze3d/vertex/PoseStack;Lnet/minecraft/client/renderer/MultiBufferSource;Lnet/minecraft/world/entity/Entity;FFLnet/minecraft/world/level/LevelReader;FLorg/spongepowered/asm/mixin/injection/callback/CallbackInfo;)V does use it's CallbackInfo
[08:47:59] [Render thread/DEBUG] [mixin/]: mixins.iris.json:MixinEntityRenderDispatcher from mod iris->@Inject::restoreShadow(Lcom/mojang/blaze3d/vertex/PoseStack;Lnet/minecraft/client/renderer/MultiBufferSource;Lnet/minecraft/world/entity/Entity;FFLnet/minecraft/world/level/LevelReader;FLorg/spongepowered/asm/mixin/injection/callback/CallbackInfo;)V doesn't use it's CallbackInfo
[08:47:59] [Render thread/DEBUG] [mixin/]: mixins.iris.json:MixinEntityRenderDispatcher from mod iris->@Inject::renderBlockShadow(Lcom/mojang/blaze3d/vertex/PoseStack$Pose;Lcom/mojang/blaze3d/vertex/VertexConsumer;Lnet/minecraft/world/level/chunk/ChunkAccess;Lnet/minecraft/world/level/LevelReader;Lnet/minecraft/core/BlockPos;DDDFFLorg/spongepowered/asm/mixin/injection/callback/CallbackInfo;)V does use it's CallbackInfo
[08:47:59] [Render thread/DEBUG] [mixin/]: mixins.iris.json:MixinEntityRenderDispatcher from mod iris->@Inject::iris$setFlameId(Lcom/mojang/blaze3d/vertex/PoseStack;Lnet/minecraft/client/renderer/MultiBufferSource;Lnet/minecraft/world/entity/Entity;Lorg/joml/Quaternionf;Lorg/spongepowered/asm/mixin/injection/callback/CallbackInfo;)V doesn't use it's CallbackInfo
[08:47:59] [Render thread/DEBUG] [mixin/]: mixins.iris.json:MixinEntityRenderDispatcher from mod iris->@Inject::iris$setFlameId(Lcom/mojang/blaze3d/vertex/PoseStack;Lnet/minecraft/client/renderer/MultiBufferSource;Lnet/minecraft/world/entity/Entity;Lorg/joml/Quaternionf;Lorg/spongepowered/asm/mixin/injection/callback/CallbackInfo;)V has 0 override(s) in child classes
[08:47:59] [Render thread/DEBUG] [mixin/]: mixins.iris.json:MixinEntityRenderDispatcher from mod iris->@Inject::iris$setFlameId(Lcom/mojang/blaze3d/vertex/PoseStack;Lnet/minecraft/client/renderer/MultiBufferSource;Lnet/minecraft/world/entity/Entity;Lorg/joml/Quaternionf;Lorg/spongepowered/asm/mixin/injection/callback/CallbackInfo;)V won't be passed a CallbackInfo as a result
[08:47:59] [Render thread/DEBUG] [mixin/]: mixins.iris.json:MixinEntityRenderDispatcher from mod iris->@Inject::restoreFlameId(Lcom/mojang/blaze3d/vertex/PoseStack;Lnet/minecraft/client/renderer/MultiBufferSource;Lnet/minecraft/world/entity/Entity;Lorg/joml/Quaternionf;Lorg/spongepowered/asm/mixin/injection/callback/CallbackInfo;)V doesn't use it's CallbackInfo
[08:47:59] [Render thread/DEBUG] [mixin/]: mixins.iris.json:MixinEntityRenderDispatcher from mod iris->@Inject::restoreFlameId(Lcom/mojang/blaze3d/vertex/PoseStack;Lnet/minecraft/client/renderer/MultiBufferSource;Lnet/minecraft/world/entity/Entity;Lorg/joml/Quaternionf;Lorg/spongepowered/asm/mixin/injection/callback/CallbackInfo;)V has 0 override(s) in child classes
[08:47:59] [Render thread/DEBUG] [mixin/]: mixins.iris.json:MixinEntityRenderDispatcher from mod iris->@Inject::restoreFlameId(Lcom/mojang/blaze3d/vertex/PoseStack;Lnet/minecraft/client/renderer/MultiBufferSource;Lnet/minecraft/world/entity/Entity;Lorg/joml/Quaternionf;Lorg/spongepowered/asm/mixin/injection/callback/CallbackInfo;)V won't be passed a CallbackInfo as a result
[08:47:59] [Render thread/DEBUG] [mixin/]: mixins.iris.json:entity_render_context.MixinEntityRenderDispatcher from mod iris->@Inject::iris$endEntityRender(Lnet/minecraft/world/entity/Entity;DDDFFLcom/mojang/blaze3d/vertex/PoseStack;Lnet/minecraft/client/renderer/MultiBufferSource;ILorg/spongepowered/asm/mixin/injection/callback/CallbackInfo;)V doesn't use it's CallbackInfo
[08:47:59] [Render thread/DEBUG] [mixin/]: mixins.iris.json:entity_render_context.MixinEntityRenderDispatcher from mod iris->@Inject::iris$endEntityRender(Lnet/minecraft/world/entity/Entity;DDDFFLcom/mojang/blaze3d/vertex/PoseStack;Lnet/minecraft/client/renderer/MultiBufferSource;ILorg/spongepowered/asm/mixin/injection/callback/CallbackInfo;)V has 0 override(s) in child classes
[08:47:59] [Render thread/DEBUG] [mixin/]: mixins.iris.json:entity_render_context.MixinEntityRenderDispatcher from mod iris->@Inject::iris$endEntityRender(Lnet/minecraft/world/entity/Entity;DDDFFLcom/mojang/blaze3d/vertex/PoseStack;Lnet/minecraft/client/renderer/MultiBufferSource;ILorg/spongepowered/asm/mixin/injection/callback/CallbackInfo;)V won't be passed a CallbackInfo as a result
[08:48:00] [Render thread/DEBUG] [mixin/]: Mixing core.render.world.RenderBuffersMixin from sodium-common.mixins.json into net.minecraft.client.renderer.RenderBuffers
[08:48:00] [Render thread/DEBUG] [mixin/]: sodium-common.mixins.json:core.render.world.RenderBuffersMixin from mod sodium: Class version 65 required is higher than the class version supported by the current version of Mixin (JAVA_17 supports class version 61)
[08:48:00] [Render thread/DEBUG] [mixin/]: Mixing MixinRenderBuffers from iris-batched-entity-rendering.mixins.json into net.minecraft.client.renderer.RenderBuffers
[08:48:00] [Render thread/DEBUG] [mixin/]: iris-batched-entity-rendering.mixins.json:MixinRenderBuffers from mod iris: Class version 65 required is higher than the class version supported by the current version of Mixin (JAVA_8 supports class version 52)
[08:48:00] [Render thread/DEBUG] [mixin/]: Renaming synthetic method lambda$freeAndDeleteBuffers$1(Lnet/minecraft/client/renderer/RenderType;Lcom/mojang/blaze3d/vertex/ByteBufferBuilder;)V to md7ea5ce$iris$lambda$freeAndDeleteBuffers$1$0 in iris-batched-entity-rendering.mixins.json:MixinRenderBuffers from mod iris
[08:48:00] [Render thread/DEBUG] [mixin/]: Renaming synthetic method lambda$freeAndDeleteBuffers$0(Lcom/mojang/blaze3d/vertex/ByteBufferBuilder;)V to md7ea5ce$iris$lambda$freeAndDeleteBuffers$0$1 in iris-batched-entity-rendering.mixins.json:MixinRenderBuffers from mod iris
[08:48:00] [Render thread/DEBUG] [mixin/]: Renaming @Unique field outlineBufferSourceLnet/minecraft/client/renderer/OutlineBufferSource; to fd7ea5ce$iris$outlineBufferSource$0 in iris-batched-entity-rendering.mixins.json:MixinRenderBuffers from mod iris
[08:48:00] [Render thread/DEBUG] [mixin/]: iris-batched-entity-rendering.mixins.json:MixinRenderBuffers from mod iris->@Inject::batchedentityrendering$replaceBufferSource(Lorg/spongepowered/asm/mixin/injection/callback/CallbackInfoReturnable;)V does use it's CallbackInfoReturnable
[08:48:00] [Render thread/DEBUG] [mixin/]: iris-batched-entity-rendering.mixins.json:MixinRenderBuffers from mod iris->@Inject::batchedentityrendering$replaceCrumblingBufferSource(Lorg/spongepowered/asm/mixin/injection/callback/CallbackInfoReturnable;)V does use it's CallbackInfoReturnable
[08:48:00] [Render thread/DEBUG] [mixin/]: iris-batched-entity-rendering.mixins.json:MixinRenderBuffers from mod iris->@Inject::batchedentityrendering$replaceOutlineBufferSource(Lorg/spongepowered/asm/mixin/injection/callback/CallbackInfoReturnable;)V does use it's CallbackInfoReturnable
[08:48:00] [Render thread/DEBUG] [mixin/]: Mixing immediate.MixinBufferSource from mixins.iris.vertexformat.json into net.minecraft.client.renderer.MultiBufferSource$BufferSource
[08:48:00] [Render thread/DEBUG] [mixin/]: mixins.iris.vertexformat.json:immediate.MixinBufferSource from mod iris: Class version 65 required is higher than the class version supported by the current version of Mixin (JAVA_8 supports class version 52)
[08:48:00] [Render thread/DEBUG] [mixin/]: Mixing BufferSourceAccessor from iris-batched-entity-rendering.mixins.json into net.minecraft.client.renderer.MultiBufferSource$BufferSource
[08:48:00] [Render thread/DEBUG] [mixin/]: iris-batched-entity-rendering.mixins.json:BufferSourceAccessor from mod iris: Class version 65 required is higher than the class version supported by the current version of Mixin (JAVA_8 supports class version 52)
[08:48:00] [Render thread/DEBUG] [mixin/]: Mixing MixinBufferSource from iris-batched-entity-rendering.mixins.json into net.minecraft.client.renderer.MultiBufferSource$BufferSource
[08:48:00] [Render thread/DEBUG] [mixin/]: iris-batched-entity-rendering.mixins.json:MixinBufferSource from mod iris: Class version 65 required is higher than the class version supported by the current version of Mixin (JAVA_8 supports class version 52)
[08:48:00] [Render thread/DEBUG] [mixin/]: mixins.iris.vertexformat.json:immediate.MixinBufferSource from mod iris->@Inject::iris$beforeFlushBuffer(Lnet/minecraft/client/renderer/RenderType;Lcom/mojang/blaze3d/vertex/BufferBuilder;Lorg/spongepowered/asm/mixin/injection/callback/CallbackInfo;)V doesn't use it's CallbackInfo
[08:48:00] [Render thread/DEBUG] [mixin/]: mixins.iris.vertexformat.json:immediate.MixinBufferSource from mod iris->@Inject::iris$beforeFlushBuffer(Lnet/minecraft/client/renderer/RenderType;Lcom/mojang/blaze3d/vertex/BufferBuilder;Lorg/spongepowered/asm/mixin/injection/callback/CallbackInfo;)V has 0 override(s) in child classes
[08:48:00] [Render thread/DEBUG] [mixin/]: mixins.iris.vertexformat.json:immediate.MixinBufferSource from mod iris->@Inject::iris$beforeFlushBuffer(Lnet/minecraft/client/renderer/RenderType;Lcom/mojang/blaze3d/vertex/BufferBuilder;Lorg/spongepowered/asm/mixin/injection/callback/CallbackInfo;)V won't be passed a CallbackInfo as a result
[08:48:00] [Render thread/DEBUG] [mixin/]: mixins.iris.vertexformat.json:immediate.MixinBufferSource from mod iris->@Inject::iris$afterFlushBuffer(Lnet/minecraft/client/renderer/RenderType;Lcom/mojang/blaze3d/vertex/BufferBuilder;Lorg/spongepowered/asm/mixin/injection/callback/CallbackInfo;)V doesn't use it's CallbackInfo
[08:48:00] [Render thread/DEBUG] [mixin/]: mixins.iris.vertexformat.json:immediate.MixinBufferSource from mod iris->@Inject::iris$afterFlushBuffer(Lnet/minecraft/client/renderer/RenderType;Lcom/mojang/blaze3d/vertex/BufferBuilder;Lorg/spongepowered/asm/mixin/injection/callback/CallbackInfo;)V has 0 override(s) in child classes
[08:48:00] [Render thread/DEBUG] [mixin/]: mixins.iris.vertexformat.json:immediate.MixinBufferSource from mod iris->@Inject::iris$afterFlushBuffer(Lnet/minecraft/client/renderer/RenderType;Lcom/mojang/blaze3d/vertex/BufferBuilder;Lorg/spongepowered/asm/mixin/injection/callback/CallbackInfo;)V won't be passed a CallbackInfo as a result
[08:48:00] [Render thread/DEBUG] [mixin/]: Mixing SectionBufferBuilderPackAccessor from iris-batched-entity-rendering.mixins.json into net.minecraft.client.renderer.SectionBufferBuilderPack
[08:48:00] [Render thread/DEBUG] [mixin/]: iris-batched-entity-rendering.mixins.json:SectionBufferBuilderPackAccessor from mod iris: Class version 65 required is higher than the class version supported by the current version of Mixin (JAVA_8 supports class version 52)
[08:48:00] [Render thread/DEBUG] [mixin/]: Mixing texture.AnimationMetadataSectionAccessor from mixins.iris.json into net.minecraft.client.resources.metadata.animation.AnimationMetadataSection
[08:48:00] [Render thread/DEBUG] [mixin/]: mixins.iris.json:texture.AnimationMetadataSectionAccessor from mod iris: Class version 65 required is higher than the class version supported by the current version of Mixin (JAVA_8 supports class version 52)
[08:48:00] [Render thread/DEBUG] [mixin/]: Mixing features.render.frapi.BakedModelMixin from sodium-common.mixins.json into net.minecraft.client.resources.model.BakedModel
[08:48:00] [Render thread/DEBUG] [mixin/]: sodium-common.mixins.json:features.render.frapi.BakedModelMixin from mod sodium: Class version 65 required is higher than the class version supported by the current version of Mixin (JAVA_17 supports class version 61)
[08:48:00] [Render thread/DEBUG] [mixin/]: Mixing client.BakedModelMixin from fabric-renderer-api-v1.mixins.json into net.minecraft.client.resources.model.BakedModel
[08:48:00] [Render thread/DEBUG] [mixin/]: Mixing OutlineBufferSourceAccessor from iris-batched-entity-rendering.mixins.json into net.minecraft.client.renderer.OutlineBufferSource
[08:48:00] [Render thread/DEBUG] [mixin/]: iris-batched-entity-rendering.mixins.json:OutlineBufferSourceAccessor from mod iris: Class version 65 required is higher than the class version supported by the current version of Mixin (JAVA_8 supports class version 52)
[08:48:00] [Render thread/DEBUG] [mixin/]: Mixing features.render.frapi.ModelBlockRendererMixin from sodium-common.mixins.json into net.minecraft.client.renderer.block.ModelBlockRenderer
[08:48:00] [Render thread/DEBUG] [mixin/]: sodium-common.mixins.json:features.render.frapi.ModelBlockRendererMixin from mod sodium: Class version 65 required is higher than the class version supported by the current version of Mixin (JAVA_17 supports class version 61)
[08:48:00] [Render thread/DEBUG] [mixin/]: Renaming synthetic method lambda$new$0()Lnet/caffeinemc/mods/sodium/client/render/frapi/render/NonTerrainBlockRenderContext; to md7ea5ce$sodium$lambda$new$0$0 in sodium-common.mixins.json:features.render.frapi.ModelBlockRendererMixin from mod sodium
[08:48:00] [Render thread/DEBUG] [mixin/]: Mixing features.textures.animations.tracking.ModelBlockRendererMixin from sodium-common.mixins.json into net.minecraft.client.renderer.block.ModelBlockRenderer
[08:48:00] [Render thread/DEBUG] [mixin/]: sodium-common.mixins.json:features.textures.animations.tracking.ModelBlockRendererMixin from mod sodium: Class version 65 required is higher than the class version supported by the current version of Mixin (JAVA_17 supports class version 61)
[08:48:00] [Render thread/DEBUG] [mixin/]: Mixing features.render.model.block.ModelBlockRendererMixin from sodium-neoforge.mixins.json into net.minecraft.client.renderer.block.ModelBlockRenderer
[08:48:00] [Render thread/DEBUG] [mixin/]: sodium-neoforge.mixins.json:features.render.model.block.ModelBlockRendererMixin from mod sodium: Class version 65 required is higher than the class version supported by the current version of Mixin (JAVA_17 supports class version 61)
[08:48:00] [Render thread/DEBUG] [mixin/]: sodium-common.mixins.json:features.render.frapi.ModelBlockRendererMixin from mod sodium->@Inject::onRender(Lnet/minecraft/world/level/BlockAndTintGetter;Lnet/minecraft/client/resources/model/BakedModel;Lnet/minecraft/world/level/block/state/BlockState;Lnet/minecraft/core/BlockPos;Lcom/mojang/blaze3d/vertex/PoseStack;Lcom/mojang/blaze3d/vertex/VertexConsumer;ZLnet/minecraft/util/RandomSource;JILorg/spongepowered/asm/mixin/injection/callback/CallbackInfo;)V does use it's CallbackInfo
[08:48:00] [Render thread/DEBUG] [mixin/]: sodium-common.mixins.json:features.textures.animations.tracking.ModelBlockRendererMixin from mod sodium->@Inject::preRenderQuad(Lnet/minecraft/world/level/BlockAndTintGetter;Lnet/minecraft/world/level/block/state/BlockState;Lnet/minecraft/core/BlockPos;Lcom/mojang/blaze3d/vertex/VertexConsumer;Lcom/mojang/blaze3d/vertex/PoseStack$Pose;Lnet/minecraft/client/renderer/block/model/BakedQuad;FFFFIIIIILorg/spongepowered/asm/mixin/injection/callback/CallbackInfo;)V doesn't use it's CallbackInfo
[08:48:00] [Render thread/DEBUG] [mixin/]: sodium-common.mixins.json:features.textures.animations.tracking.ModelBlockRendererMixin from mod sodium->@Inject::preRenderQuad(Lnet/minecraft/world/level/BlockAndTintGetter;Lnet/minecraft/world/level/block/state/BlockState;Lnet/minecraft/core/BlockPos;Lcom/mojang/blaze3d/vertex/VertexConsumer;Lcom/mojang/blaze3d/vertex/PoseStack$Pose;Lnet/minecraft/client/renderer/block/model/BakedQuad;FFFFIIIIILorg/spongepowered/asm/mixin/injection/callback/CallbackInfo;)V has 0 override(s) in child classes
[08:48:00] [Render thread/DEBUG] [mixin/]: sodium-common.mixins.json:features.textures.animations.tracking.ModelBlockRendererMixin from mod sodium->@Inject::preRenderQuad(Lnet/minecraft/world/level/BlockAndTintGetter;Lnet/minecraft/world/level/block/state/BlockState;Lnet/minecraft/core/BlockPos;Lcom/mojang/blaze3d/vertex/VertexConsumer;Lcom/mojang/blaze3d/vertex/PoseStack$Pose;Lnet/minecraft/client/renderer/block/model/BakedQuad;FFFFIIIIILorg/spongepowered/asm/mixin/injection/callback/CallbackInfo;)V won't be passed a CallbackInfo as a result
[08:48:00] [Render thread/DEBUG] [mixin/]: sodium-neoforge.mixins.json:features.render.model.block.ModelBlockRendererMixin from mod sodium->@Inject::renderFast(Lcom/mojang/blaze3d/vertex/PoseStack$Pose;Lcom/mojang/blaze3d/vertex/VertexConsumer;Lnet/minecraft/world/level/block/state/BlockState;Lnet/minecraft/client/resources/model/BakedModel;FFFIILnet/neoforged/neoforge/client/model/data/ModelData;Lnet/minecraft/client/renderer/RenderType;Lorg/spongepowered/asm/mixin/injection/callback/CallbackInfo;)V does use it's CallbackInfo
[08:48:00] [Render thread/DEBUG] [mixin/]: Mixing platform.neoforge.AbstractBlockRenderContextMixin from sodium-neoforge.mixins.json into net.caffeinemc.mods.sodium.client.render.frapi.render.AbstractBlockRenderContext
[08:48:00] [Render thread/DEBUG] [mixin/]: sodium-neoforge.mixins.json:platform.neoforge.AbstractBlockRenderContextMixin from mod sodium: Class version 65 required is higher than the class version supported by the current version of Mixin (JAVA_17 supports class version 61)
[08:48:00] [Render thread/DEBUG] [mixin/]: Mixing MixinAbstractBlockRenderContext from mixins.iris.compat.sodium.json into net.caffeinemc.mods.sodium.client.render.frapi.render.AbstractBlockRenderContext
[08:48:00] [Render thread/DEBUG] [mixin/]: mixins.iris.compat.sodium.json:MixinAbstractBlockRenderContext from mod iris: Class version 65 required is higher than the class version supported by the current version of Mixin (JAVA_8 supports class version 52)
[08:48:00] [Render thread/DEBUG] [mixin/]: mixins.iris.compat.sodium.json:MixinAbstractBlockRenderContext from mod iris->@Inject::checkDirectionNeo(Lnet/minecraft/client/resources/model/BakedModel;Lnet/minecraft/world/level/block/state/BlockState;Lorg/spongepowered/asm/mixin/injection/callback/CallbackInfo;)V doesn't use it's CallbackInfo
[08:48:00] [Render thread/DEBUG] [mixin/]: mixins.iris.compat.sodium.json:MixinAbstractBlockRenderContext from mod iris->@Inject::checkDirectionNeo(Lnet/minecraft/client/resources/model/BakedModel;Lnet/minecraft/world/level/block/state/BlockState;Lorg/spongepowered/asm/mixin/injection/callback/CallbackInfo;)V has 0 override(s) in child classes
[08:48:00] [Render thread/DEBUG] [mixin/]: mixins.iris.compat.sodium.json:MixinAbstractBlockRenderContext from mod iris->@Inject::checkDirectionNeo(Lnet/minecraft/client/resources/model/BakedModel;Lnet/minecraft/world/level/block/state/BlockState;Lorg/spongepowered/asm/mixin/injection/callback/CallbackInfo;)V won't be passed a CallbackInfo as a result
[08:48:00] [Render thread/DEBUG] [mixin/]: mixins.iris.compat.sodium.json:MixinAbstractBlockRenderContext from mod iris->@Inject::checkDirectionNeo(Lnet/minecraft/client/resources/model/BakedModel;Lnet/minecraft/world/level/block/state/BlockState;Lorg/spongepowered/asm/mixin/injection/callback/CallbackInfo;)V doesn't use it's CallbackInfo
[08:48:00] [Render thread/DEBUG] [mixin/]: mixins.iris.compat.sodium.json:MixinAbstractBlockRenderContext from mod iris->@Inject::checkDirectionNeo(Lnet/minecraft/client/resources/model/BakedModel;Lnet/minecraft/world/level/block/state/BlockState;Lorg/spongepowered/asm/mixin/injection/callback/CallbackInfo;)V has 0 override(s) in child classes
[08:48:00] [Render thread/DEBUG] [mixin/]: mixins.iris.compat.sodium.json:MixinAbstractBlockRenderContext from mod iris->@Inject::checkDirectionNeo(Lnet/minecraft/client/resources/model/BakedModel;Lnet/minecraft/world/level/block/state/BlockState;Lorg/spongepowered/asm/mixin/injection/callback/CallbackInfo;)V won't be passed a CallbackInfo as a result
[08:48:00] [Render thread/DEBUG] [mixin/]: mixins.iris.compat.sodium.json:MixinAbstractBlockRenderContext from mod iris->@Inject::checkDirectionNeo(Lnet/minecraft/client/resources/model/BakedModel;Lnet/minecraft/world/level/block/state/BlockState;Lorg/spongepowered/asm/mixin/injection/callback/CallbackInfo;)V doesn't use it's CallbackInfo
[08:48:00] [Render thread/DEBUG] [mixin/]: mixins.iris.compat.sodium.json:MixinAbstractBlockRenderContext from mod iris->@Inject::checkDirectionNeo(Lnet/minecraft/client/resources/model/BakedModel;Lnet/minecraft/world/level/block/state/BlockState;Lorg/spongepowered/asm/mixin/injection/callback/CallbackInfo;)V has 0 override(s) in child classes
[08:48:00] [Render thread/DEBUG] [mixin/]: mixins.iris.compat.sodium.json:MixinAbstractBlockRenderContext from mod iris->@Inject::checkDirectionNeo(Lnet/minecraft/client/resources/model/BakedModel;Lnet/minecraft/world/level/block/state/BlockState;Lorg/spongepowered/asm/mixin/injection/callback/CallbackInfo;)V won't be passed a CallbackInfo as a result
[08:48:00] [Render thread/DEBUG] [mixin/]: Mixing core.model.TextureAtlasSpriteMixin from sodium-common.mixins.json into net.minecraft.client.renderer.texture.TextureAtlasSprite
[08:48:00] [Render thread/DEBUG] [mixin/]: sodium-common.mixins.json:core.model.TextureAtlasSpriteMixin from mod sodium: Class version 65 required is higher than the class version supported by the current version of Mixin (JAVA_17 supports class version 61)
[08:48:00] [Render thread/DEBUG] [mixin/]: Mixing features.textures.scan.TextureAtlasSpriteMixin from sodium-common.mixins.json into net.minecraft.client.renderer.texture.TextureAtlasSprite
[08:48:00] [Render thread/DEBUG] [mixin/]: sodium-common.mixins.json:features.textures.scan.TextureAtlasSpriteMixin from mod sodium: Class version 65 required is higher than the class version supported by the current version of Mixin (JAVA_17 supports class version 61)
[08:48:00] [Render thread/DEBUG] [mixin/]: Mixing MixinItemInHandRenderer from mixins.iris.json into net.minecraft.client.renderer.ItemInHandRenderer
[08:48:00] [Render thread/DEBUG] [mixin/]: mixins.iris.json:MixinItemInHandRenderer from mod iris: Class version 65 required is higher than the class version supported by the current version of Mixin (JAVA_8 supports class version 52)
[08:48:00] [Render thread/DEBUG] [mixin/]: mixins.iris.json:MixinItemInHandRenderer from mod iris->@Inject::iris$skipTranslucentHands(Lnet/minecraft/client/player/AbstractClientPlayer;FFLnet/minecraft/world/InteractionHand;FLnet/minecraft/world/item/ItemStack;FLcom/mojang/blaze3d/vertex/PoseStack;Lnet/minecraft/client/renderer/MultiBufferSource;ILorg/spongepowered/asm/mixin/injection/callback/CallbackInfo;)V does use it's CallbackInfo
[08:48:00] [Render thread/DEBUG] [mixin/]: Mixing MixinParticleEngine from mixins.iris.json into net.minecraft.client.particle.ParticleEngine
[08:48:00] [Render thread/DEBUG] [mixin/]: mixins.iris.json:MixinParticleEngine from mod iris: Class version 65 required is higher than the class version supported by the current version of Mixin (JAVA_8 supports class version 52)
[08:48:00] [Render thread/DEBUG] [mixin/]: Renaming synthetic method lambda$iris$finishDrawingParticles$1(Lnet/irisshaders/iris/pipeline/WorldRenderingPipeline;)V to md7ea5ce$iris$lambda$iris$finishDrawingParticles$1$0 in mixins.iris.json:MixinParticleEngine from mod iris
[08:48:00] [Render thread/DEBUG] [mixin/]: Renaming synthetic method lambda$iris$beginDrawingParticles$0(Lnet/irisshaders/iris/pipeline/WorldRenderingPipeline;)V to md7ea5ce$iris$lambda$iris$beginDrawingParticles$0$1 in mixins.iris.json:MixinParticleEngine from mod iris
[08:48:00] [Render thread/DEBUG] [mixin/]: mixins.iris.json:MixinParticleEngine from mod iris->@Inject::iris$beginDrawingParticles(Lnet/minecraft/client/renderer/LightTexture;Lnet/minecraft/client/Camera;FLorg/spongepowered/asm/mixin/injection/callback/CallbackInfo;)V doesn't use it's CallbackInfo
[08:48:00] [Render thread/DEBUG] [mixin/]: mixins.iris.json:MixinParticleEngine from mod iris->@Inject::iris$beginDrawingParticles(Lnet/minecraft/client/renderer/LightTexture;Lnet/minecraft/client/Camera;FLorg/spongepowered/asm/mixin/injection/callback/CallbackInfo;)V has 0 override(s) in child classes
[08:48:00] [Render thread/DEBUG] [mixin/]: mixins.iris.json:MixinParticleEngine from mod iris->@Inject::iris$beginDrawingParticles(Lnet/minecraft/client/renderer/LightTexture;Lnet/minecraft/client/Camera;FLorg/spongepowered/asm/mixin/injection/callback/CallbackInfo;)V won't be passed a CallbackInfo as a result
[08:48:00] [Render thread/DEBUG] [mixin/]: mixins.iris.json:MixinParticleEngine from mod iris->@Inject::iris$finishDrawingParticles(Lnet/minecraft/client/renderer/LightTexture;Lnet/minecraft/client/Camera;FLorg/spongepowered/asm/mixin/injection/callback/CallbackInfo;)V doesn't use it's CallbackInfo
[08:48:00] [Render thread/DEBUG] [mixin/]: mixins.iris.json:MixinParticleEngine from mod iris->@Inject::iris$finishDrawingParticles(Lnet/minecraft/client/renderer/LightTexture;Lnet/minecraft/client/Camera;FLorg/spongepowered/asm/mixin/injection/callback/CallbackInfo;)V has 0 override(s) in child classes
[08:48:00] [Render thread/DEBUG] [mixin/]: mixins.iris.json:MixinParticleEngine from mod iris->@Inject::iris$finishDrawingParticles(Lnet/minecraft/client/renderer/LightTexture;Lnet/minecraft/client/Camera;FLorg/spongepowered/asm/mixin/injection/callback/CallbackInfo;)V won't be passed a CallbackInfo as a result
[08:48:00] [Render thread/DEBUG] [mixin/]: Mixing features.textures.animations.tracking.TextureSheetParticleMixin from sodium-common.mixins.json into net.minecraft.client.particle.TextureSheetParticle
[08:48:00] [Render thread/DEBUG] [mixin/]: sodium-common.mixins.json:features.textures.animations.tracking.TextureSheetParticleMixin from mod sodium: Class version 65 required is higher than the class version supported by the current version of Mixin (JAVA_17 supports class version 61)
[08:48:00] [Render thread/DEBUG] [mixin/]: sodium-common.mixins.json:features.textures.animations.tracking.TextureSheetParticleMixin from mod sodium->@Inject::afterSetSprite(Lnet/minecraft/client/renderer/texture/TextureAtlasSprite;Lorg/spongepowered/asm/mixin/injection/callback/CallbackInfo;)V doesn't use it's CallbackInfo
[08:48:00] [Render thread/DEBUG] [mixin/]: sodium-common.mixins.json:features.textures.animations.tracking.TextureSheetParticleMixin from mod sodium->@Inject::afterSetSprite(Lnet/minecraft/client/renderer/texture/TextureAtlasSprite;Lorg/spongepowered/asm/mixin/injection/callback/CallbackInfo;)V has 0 override(s) in child classes
[08:48:00] [Render thread/DEBUG] [mixin/]: sodium-common.mixins.json:features.textures.animations.tracking.TextureSheetParticleMixin from mod sodium->@Inject::afterSetSprite(Lnet/minecraft/client/renderer/texture/TextureAtlasSprite;Lorg/spongepowered/asm/mixin/injection/callback/CallbackInfo;)V won't be passed a CallbackInfo as a result
[08:48:00] [Render thread/DEBUG] [mixin/]: Mixing features.render.particle.SingleQuadParticleMixin from sodium-common.mixins.json into net.minecraft.client.particle.SingleQuadParticle
[08:48:00] [Render thread/DEBUG] [mixin/]: sodium-common.mixins.json:features.render.particle.SingleQuadParticleMixin from mod sodium: Class version 65 required is higher than the class version supported by the current version of Mixin (JAVA_17 supports class version 61)
[08:48:00] [Render thread/DEBUG] [mixin/]: sodium-common.mixins.json:features.render.particle.SingleQuadParticleMixin from mod sodium->@Inject::renderRotatedQuad(Lcom/mojang/blaze3d/vertex/VertexConsumer;Lorg/joml/Quaternionf;FFFFLorg/spongepowered/asm/mixin/injection/callback/CallbackInfo;)V does use it's CallbackInfo
[08:48:00] [Render thread/DEBUG] [mixin/]: Mixing MixinTerrainParticle from mixins.iris.fantastic.json into net.minecraft.client.particle.TerrainParticle
[08:48:00] [Render thread/DEBUG] [mixin/]: mixins.iris.fantastic.json:MixinTerrainParticle from mod iris: Class version 65 required is higher than the class version supported by the current version of Mixin (JAVA_8 supports class version 52)
[08:48:00] [Render thread/DEBUG] [mixin/]: mixins.iris.fantastic.json:MixinTerrainParticle from mod iris->@Inject::iris$resolveTranslucency(Lnet/minecraft/client/multiplayer/ClientLevel;DDDDDDLnet/minecraft/world/level/block/state/BlockState;Lnet/minecraft/core/BlockPos;Lorg/spongepowered/asm/mixin/injection/callback/CallbackInfo;)V doesn't use it's CallbackInfo
[08:48:00] [Render thread/DEBUG] [mixin/]: mixins.iris.fantastic.json:MixinTerrainParticle from mod iris->@Inject::iris$resolveTranslucency(Lnet/minecraft/client/multiplayer/ClientLevel;DDDDDDLnet/minecraft/world/level/block/state/BlockState;Lnet/minecraft/core/BlockPos;Lorg/spongepowered/asm/mixin/injection/callback/CallbackInfo;)V has 0 override(s) in child classes
[08:48:00] [Render thread/DEBUG] [mixin/]: mixins.iris.fantastic.json:MixinTerrainParticle from mod iris->@Inject::iris$resolveTranslucency(Lnet/minecraft/client/multiplayer/ClientLevel;DDDDDDLnet/minecraft/world/level/block/state/BlockState;Lnet/minecraft/core/BlockPos;Lorg/spongepowered/asm/mixin/injection/callback/CallbackInfo;)V won't be passed a CallbackInfo as a result
[08:48:00] [Render thread/DEBUG] [mixin/]: mixins.iris.fantastic.json:MixinTerrainParticle from mod iris->@Inject::iris$overrideParticleSheet(Lorg/spongepowered/asm/mixin/injection/callback/CallbackInfoReturnable;)V does use it's CallbackInfoReturnable
[08:48:00] [Render thread/DEBUG] [mixin/]: Mixing MixinStationaryItemParticle from mixins.iris.fantastic.json into net.minecraft.client.particle.BlockMarker
[08:48:00] [Render thread/DEBUG] [mixin/]: mixins.iris.fantastic.json:MixinStationaryItemParticle from mod iris: Class version 65 required is higher than the class version supported by the current version of Mixin (JAVA_8 supports class version 52)
[08:48:00] [Render thread/DEBUG] [mixin/]: mixins.iris.fantastic.json:MixinStationaryItemParticle from mod iris->@Inject::iris$resolveTranslucency(Lnet/minecraft/client/multiplayer/ClientLevel;DDDLnet/minecraft/world/level/block/state/BlockState;Lorg/spongepowered/asm/mixin/injection/callback/CallbackInfo;)V doesn't use it's CallbackInfo
[08:48:00] [Render thread/DEBUG] [mixin/]: mixins.iris.fantastic.json:MixinStationaryItemParticle from mod iris->@Inject::iris$resolveTranslucency(Lnet/minecraft/client/multiplayer/ClientLevel;DDDLnet/minecraft/world/level/block/state/BlockState;Lorg/spongepowered/asm/mixin/injection/callback/CallbackInfo;)V has 0 override(s) in child classes
[08:48:00] [Render thread/DEBUG] [mixin/]: mixins.iris.fantastic.json:MixinStationaryItemParticle from mod iris->@Inject::iris$resolveTranslucency(Lnet/minecraft/client/multiplayer/ClientLevel;DDDLnet/minecraft/world/level/block/state/BlockState;Lorg/spongepowered/asm/mixin/injection/callback/CallbackInfo;)V won't be passed a CallbackInfo as a result
[08:48:00] [Render thread/DEBUG] [mixin/]: mixins.iris.fantastic.json:MixinStationaryItemParticle from mod iris->@Inject::iris$overrideParticleRenderType(Lorg/spongepowered/asm/mixin/injection/callback/CallbackInfoReturnable;)V does use it's CallbackInfoReturnable
[08:48:00] [Render thread/DEBUG] [mixin/]: Mixing MixinFireworkSparkParticle from mixins.iris.fantastic.json into net.minecraft.client.particle.FireworkParticles$SparkParticle
[08:48:00] [Render thread/DEBUG] [mixin/]: mixins.iris.fantastic.json:MixinFireworkSparkParticle from mod iris: Class version 65 required is higher than the class version supported by the current version of Mixin (JAVA_8 supports class version 52)
[08:48:00] [Render thread/DEBUG] [mixin/]: Mixing LightTextureAccessor from mixins.iris.json into net.minecraft.client.renderer.LightTexture
[08:48:00] [Render thread/DEBUG] [mixin/]: mixins.iris.json:LightTextureAccessor from mod iris: Class version 65 required is higher than the class version supported by the current version of Mixin (JAVA_8 supports class version 52)
[08:48:00] [Render thread/DEBUG] [mixin/]: Mixing MixinLightTexture from mixins.iris.json into net.minecraft.client.renderer.LightTexture
[08:48:00] [Render thread/DEBUG] [mixin/]: mixins.iris.json:MixinLightTexture from mod iris: Class version 65 required is higher than the class version supported by the current version of Mixin (JAVA_8 supports class version 52)
[08:48:00] [Render thread/DEBUG] [mixin/]: mixins.iris.json:MixinLightTexture from mod iris->@Inject::resetDarknessValue(FLorg/spongepowered/asm/mixin/injection/callback/CallbackInfo;)V doesn't use it's CallbackInfo
[08:48:00] [Render thread/DEBUG] [mixin/]: mixins.iris.json:MixinLightTexture from mod iris->@Inject::resetDarknessValue(FLorg/spongepowered/asm/mixin/injection/callback/CallbackInfo;)V has 0 override(s) in child classes
[08:48:00] [Render thread/DEBUG] [mixin/]: mixins.iris.json:MixinLightTexture from mod iris->@Inject::resetDarknessValue(FLorg/spongepowered/asm/mixin/injection/callback/CallbackInfo;)V won't be passed a CallbackInfo as a result
[08:48:00] [Render thread/DEBUG] [mixin/]: mixins.iris.json:MixinLightTexture from mod iris->@Inject::storeDarknessValue(Lnet/minecraft/world/entity/LivingEntity;FFLorg/spongepowered/asm/mixin/injection/callback/CallbackInfoReturnable;)V does use it's CallbackInfoReturnable
[08:48:00] [Render thread/INFO] [Iris/]: Hardware information:
[08:48:00] [Render thread/INFO] [Iris/]: CPU: 16x 13th Gen Intel(R) Core(TM) i5-13400F
[08:48:00] [Render thread/INFO] [Iris/]: GPU: NVIDIA GeForce RTX 4060/PCIe/SSE2 (Supports OpenGL 4.6.0 NVIDIA 595.97)
[08:48:00] [Render thread/INFO] [Iris/]: OS: Windows 11 (10.0)
[08:48:00] [Render thread/DEBUG] [mixin/]: Mixing MixinVertexBuffer from mixins.iris.json into com.mojang.blaze3d.vertex.VertexBuffer
[08:48:00] [Render thread/DEBUG] [mixin/]: mixins.iris.json:MixinVertexBuffer from mod iris: Class version 65 required is higher than the class version supported by the current version of Mixin (JAVA_8 supports class version 52)
[08:48:00] [Render thread/DEBUG] [mixin/]: mixins.iris.json:MixinVertexBuffer from mod iris->@Inject::unbindHelper(Lorg/spongepowered/asm/mixin/injection/callback/CallbackInfo;)V doesn't use it's CallbackInfo
[08:48:00] [Render thread/DEBUG] [mixin/]: mixins.iris.json:MixinVertexBuffer from mod iris->@Inject::bindHelper(Lorg/spongepowered/asm/mixin/injection/callback/CallbackInfo;)V doesn't use it's CallbackInfo
[08:48:00] [Render thread/DEBUG] [mixin/]: mixins.iris.json:MixinVertexBuffer from mod iris->@Inject::bindHelper(Lorg/spongepowered/asm/mixin/injection/callback/CallbackInfo;)V has 0 override(s) in child classes
[08:48:00] [Render thread/DEBUG] [mixin/]: mixins.iris.json:MixinVertexBuffer from mod iris->@Inject::bindHelper(Lorg/spongepowered/asm/mixin/injection/callback/CallbackInfo;)V won't be passed a CallbackInfo as a result
[08:48:00] [Render thread/DEBUG] [mixin/]: Mixing block_rendering.MixinBufferBuilder_SeparateAo from mixins.iris.vertexformat.json into com.mojang.blaze3d.vertex.BufferBuilder
[08:48:00] [Render thread/DEBUG] [mixin/]: mixins.iris.vertexformat.json:block_rendering.MixinBufferBuilder_SeparateAo from mod iris: Class version 65 required is higher than the class version supported by the current version of Mixin (JAVA_8 supports class version 52)
[08:48:00] [Render thread/DEBUG] [mixin/]: Mixing core.render.immediate.consumer.BufferBuilderMixin from sodium-common.mixins.json into com.mojang.blaze3d.vertex.BufferBuilder
[08:48:00] [Render thread/DEBUG] [mixin/]: sodium-common.mixins.json:core.render.immediate.consumer.BufferBuilderMixin from mod sodium: Class version 65 required is higher than the class version supported by the current version of Mixin (JAVA_17 supports class version 61)
[08:48:00] [Render thread/DEBUG] [mixin/]: Mixing features.render.immediate.buffer_builder.intrinsics.BufferBuilderMixin from sodium-common.mixins.json into com.mojang.blaze3d.vertex.BufferBuilder
[08:48:00] [Render thread/DEBUG] [mixin/]: sodium-common.mixins.json:features.render.immediate.buffer_builder.intrinsics.BufferBuilderMixin from mod sodium: Class version 65 required is higher than the class version supported by the current version of Mixin (JAVA_17 supports class version 61)
[08:48:00] [Render thread/DEBUG] [mixin/]: Mixing MixinBufferBuilder from mixins.iris.vertexformat.json into com.mojang.blaze3d.vertex.BufferBuilder
[08:48:00] [Render thread/DEBUG] [mixin/]: mixins.iris.vertexformat.json:MixinBufferBuilder from mod iris: Class version 65 required is higher than the class version supported by the current version of Mixin (JAVA_8 supports class version 52)
[08:48:00] [Render thread/DEBUG] [mixin/]: Mixing MixinBufferBuilder_SegmentRendering from iris-batched-entity-rendering.mixins.json into com.mojang.blaze3d.vertex.BufferBuilder
[08:48:00] [Render thread/DEBUG] [mixin/]: iris-batched-entity-rendering.mixins.json:MixinBufferBuilder_SegmentRendering from mod iris: Class version 65 required is higher than the class version supported by the current version of Mixin (JAVA_8 supports class version 52)
[08:48:00] [Render thread/DEBUG] [mixin/]: mixins.iris.vertexformat.json:MixinBufferBuilder from mod iris->@Inject::injectMidBlock(FFFLorg/spongepowered/asm/mixin/injection/callback/CallbackInfoReturnable;)V doesn't use it's CallbackInfoReturnable
[08:48:00] [Render thread/DEBUG] [mixin/]: mixins.iris.vertexformat.json:MixinBufferBuilder from mod iris->@Inject::injectMidBlock(FFFLorg/spongepowered/asm/mixin/injection/callback/CallbackInfoReturnable;)V has 0 override(s) in child classes
[08:48:00] [Render thread/DEBUG] [mixin/]: mixins.iris.vertexformat.json:MixinBufferBuilder from mod iris->@Inject::injectMidBlock(FFFLorg/spongepowered/asm/mixin/injection/callback/CallbackInfoReturnable;)V won't be passed a CallbackInfoReturnable as a result
[08:48:00] [Render thread/DEBUG] [mixin/]: mixins.iris.vertexformat.json:MixinBufferBuilder from mod iris->@Inject::iris$skipSodiumChange(Lorg/spongepowered/asm/mixin/injection/callback/CallbackInfo;)V doesn't use it's CallbackInfo
[08:48:00] [Render thread/DEBUG] [mixin/]: mixins.iris.vertexformat.json:MixinBufferBuilder from mod iris->@Inject::iris$skipSodiumChange(Lorg/spongepowered/asm/mixin/injection/callback/CallbackInfo;)V has 0 override(s) in child classes
[08:48:00] [Render thread/DEBUG] [mixin/]: mixins.iris.vertexformat.json:MixinBufferBuilder from mod iris->@Inject::iris$skipSodiumChange(Lorg/spongepowered/asm/mixin/injection/callback/CallbackInfo;)V won't be passed a CallbackInfo as a result
[08:48:00] [Render thread/DEBUG] [mixin/]: mixins.iris.vertexformat.json:MixinBufferBuilder from mod iris->@Inject::iris$beforeNext(Lorg/spongepowered/asm/mixin/injection/callback/CallbackInfo;)V doesn't use it's CallbackInfo
[08:48:00] [Render thread/DEBUG] [mixin/]: mixins.iris.vertexformat.json:MixinBufferBuilder from mod iris->@Inject::iris$beforeNext(Lorg/spongepowered/asm/mixin/injection/callback/CallbackInfo;)V has 0 override(s) in child classes
[08:48:00] [Render thread/DEBUG] [mixin/]: mixins.iris.vertexformat.json:MixinBufferBuilder from mod iris->@Inject::iris$beforeNext(Lorg/spongepowered/asm/mixin/injection/callback/CallbackInfo;)V won't be passed a CallbackInfo as a result
[08:48:00] [Render thread/DEBUG] [mixin/]: iris-batched-entity-rendering.mixins.json:MixinBufferBuilder_SegmentRendering from mod iris->@Inject::batchedentityrendering$onNext(Lorg/spongepowered/asm/mixin/injection/callback/CallbackInfo;)V doesn't use it's CallbackInfo
[08:48:00] [Render thread/DEBUG] [mixin/]: iris-batched-entity-rendering.mixins.json:MixinBufferBuilder_SegmentRendering from mod iris->@Inject::batchedentityrendering$onNext(Lorg/spongepowered/asm/mixin/injection/callback/CallbackInfo;)V has 0 override(s) in child classes
[08:48:00] [Render thread/DEBUG] [mixin/]: iris-batched-entity-rendering.mixins.json:MixinBufferBuilder_SegmentRendering from mod iris->@Inject::batchedentityrendering$onNext(Lorg/spongepowered/asm/mixin/injection/callback/CallbackInfo;)V won't be passed a CallbackInfo as a result
[08:48:00] [Render thread/DEBUG] [mixin/]: Mixing iris.IrisRenderingPipelineAccessor from client.voxy.mixins.json into net.irisshaders.iris.pipeline.IrisRenderingPipeline
[08:48:00] [Render thread/DEBUG] [mixin/]: client.voxy.mixins.json:iris.IrisRenderingPipelineAccessor from mod voxy: Class version 65 required is higher than the class version supported by the current version of Mixin (JAVA_17 supports class version 61)
[08:48:00] [Render thread/DEBUG] [mixin/]: Mixing iris.MixinIrisRenderingPipeline from client.voxy.mixins.json into net.irisshaders.iris.pipeline.IrisRenderingPipeline
[08:48:00] [Render thread/DEBUG] [mixin/]: client.voxy.mixins.json:iris.MixinIrisRenderingPipeline from mod voxy: Class version 65 required is higher than the class version supported by the current version of Mixin (JAVA_17 supports class version 61)
[08:48:00] [Render thread/DEBUG] [mixin/]: client.voxy.mixins.json:iris.MixinIrisRenderingPipeline from mod voxy->@Inject::voxy$injectPatchDataStore(Lnet/irisshaders/iris/shaderpack/programs/ProgramSet;Lorg/spongepowered/asm/mixin/injection/callback/CallbackInfo;)V doesn't use it's CallbackInfo
[08:48:00] [Render thread/DEBUG] [mixin/]: client.voxy.mixins.json:iris.MixinIrisRenderingPipeline from mod voxy->@Inject::voxy$injectPatchDataStore(Lnet/irisshaders/iris/shaderpack/programs/ProgramSet;Lorg/spongepowered/asm/mixin/injection/callback/CallbackInfo;)V has 0 override(s) in child classes
[08:48:00] [Render thread/DEBUG] [mixin/]: client.voxy.mixins.json:iris.MixinIrisRenderingPipeline from mod voxy->@Inject::voxy$injectPatchDataStore(Lnet/irisshaders/iris/shaderpack/programs/ProgramSet;Lorg/spongepowered/asm/mixin/injection/callback/CallbackInfo;)V won't be passed a CallbackInfo as a result
[08:48:00] [Render thread/DEBUG] [mixin/]: client.voxy.mixins.json:iris.MixinIrisRenderingPipeline from mod voxy->@Inject::voxy$injectPipeline(Lnet/irisshaders/iris/shaderpack/programs/ProgramSet;Lorg/spongepowered/asm/mixin/injection/callback/CallbackInfo;)V doesn't use it's CallbackInfo
[08:48:00] [Render thread/DEBUG] [mixin/]: client.voxy.mixins.json:iris.MixinIrisRenderingPipeline from mod voxy->@Inject::voxy$injectPipeline(Lnet/irisshaders/iris/shaderpack/programs/ProgramSet;Lorg/spongepowered/asm/mixin/injection/callback/CallbackInfo;)V has 0 override(s) in child classes
[08:48:00] [Render thread/DEBUG] [mixin/]: client.voxy.mixins.json:iris.MixinIrisRenderingPipeline from mod voxy->@Inject::voxy$injectPipeline(Lnet/irisshaders/iris/shaderpack/programs/ProgramSet;Lorg/spongepowered/asm/mixin/injection/callback/CallbackInfo;)V won't be passed a CallbackInfo as a result
[08:48:00] [Render thread/DEBUG] [mixin/]: client.voxy.mixins.json:iris.MixinIrisRenderingPipeline from mod voxy->@Inject::voxy$injectViewportSetup(Lorg/spongepowered/asm/mixin/injection/callback/CallbackInfo;)V doesn't use it's CallbackInfo
[08:48:00] [Render thread/DEBUG] [mixin/]: client.voxy.mixins.json:iris.MixinIrisRenderingPipeline from mod voxy->@Inject::voxy$injectViewportSetup(Lorg/spongepowered/asm/mixin/injection/callback/CallbackInfo;)V has 0 override(s) in child classes
[08:48:00] [Render thread/DEBUG] [mixin/]: client.voxy.mixins.json:iris.MixinIrisRenderingPipeline from mod voxy->@Inject::voxy$injectViewportSetup(Lorg/spongepowered/asm/mixin/injection/callback/CallbackInfo;)V won't be passed a CallbackInfo as a result
[08:48:00] [Render thread/DEBUG] [mixin/]: Mixing features.render.immediate.buffer_builder.sorting.MeshDataMixin from sodium-common.mixins.json into com.mojang.blaze3d.vertex.MeshData
[08:48:00] [Render thread/DEBUG] [mixin/]: sodium-common.mixins.json:features.render.immediate.buffer_builder.sorting.MeshDataMixin from mod sodium: Class version 65 required is higher than the class version supported by the current version of Mixin (JAVA_17 supports class version 61)
[08:48:00] [Render thread/DEBUG] [mixin/]: Mixing MixinSodiumWorldRenderer from mixins.iris.compat.sodium.json into net.caffeinemc.mods.sodium.client.render.SodiumWorldRenderer
[08:48:00] [Render thread/DEBUG] [mixin/]: mixins.iris.compat.sodium.json:MixinSodiumWorldRenderer from mod iris: Class version 65 required is higher than the class version supported by the current version of Mixin (JAVA_8 supports class version 52)
[08:48:00] [Render thread/DEBUG] [mixin/]: Renaming synthetic method lambda$static$0(Lnet/irisshaders/iris/shadows/ShadowRenderer;Lnet/minecraft/client/renderer/RenderBuffers;Lcom/mojang/blaze3d/vertex/PoseStack;Lnet/minecraft/client/Camera;DDDFZZ)I to md7ea5ce$iris$lambda$static$0$0 in mixins.iris.compat.sodium.json:MixinSodiumWorldRenderer from mod iris
[08:48:00] [Render thread/DEBUG] [mixin/]: mixins.iris.compat.sodium.json:MixinSodiumWorldRenderer from mod iris->@Inject::checkRenderShadow(Lcom/mojang/blaze3d/vertex/PoseStack;Lnet/minecraft/client/renderer/RenderBuffers;Lit/unimi/dsi/fastutil/longs/Long2ObjectMap;FLnet/minecraft/client/renderer/MultiBufferSource$BufferSource;DDDLnet/minecraft/client/renderer/blockentity/BlockEntityRenderDispatcher;Lnet/minecraft/world/level/block/entity/BlockEntity;Lnet/minecraft/client/player/LocalPlayer;Lcom/llamalad7/mixinextras/sugar/ref/LocalBooleanRef;Lorg/spongepowered/asm/mixin/injection/callback/CallbackInfo;)V does use it's CallbackInfo
[08:48:00] [Render thread/DEBUG] [mixin/]: Mixing MixinShadowRenderer from mixins.iris.forge.json into net.irisshaders.iris.shadows.ShadowRenderer
[08:48:00] [Render thread/DEBUG] [mixin/]: mixins.iris.forge.json:MixinShadowRenderer from mod iris: Class version 65 required is higher than the class version supported by the current version of Mixin (JAVA_8 supports class version 52)
[08:48:00] [Render thread/DEBUG] [mixin/]: mixins.iris.forge.json:MixinShadowRenderer from mod iris->@Inject::init(Lorg/spongepowered/asm/mixin/injection/callback/CallbackInfo;)V doesn't use it's CallbackInfo
[08:48:00] [Render thread/DEBUG] [mixin/]: mixins.iris.forge.json:MixinShadowRenderer from mod iris->@Inject::render(Lnet/irisshaders/iris/mixin/LevelRendererAccessor;Lnet/minecraft/client/Camera;Lorg/spongepowered/asm/mixin/injection/callback/CallbackInfo;)V doesn't use it's CallbackInfo
[08:48:00] [Render thread/DEBUG] [mixin/]: mixins.iris.forge.json:MixinShadowRenderer from mod iris->@Inject::render(Lnet/irisshaders/iris/mixin/LevelRendererAccessor;Lnet/minecraft/client/Camera;Lorg/spongepowered/asm/mixin/injection/callback/CallbackInfo;)V has 0 override(s) in child classes
[08:48:00] [Render thread/DEBUG] [mixin/]: mixins.iris.forge.json:MixinShadowRenderer from mod iris->@Inject::render(Lnet/irisshaders/iris/mixin/LevelRendererAccessor;Lnet/minecraft/client/Camera;Lorg/spongepowered/asm/mixin/injection/callback/CallbackInfo;)V won't be passed a CallbackInfo as a result
[08:48:00] [Render thread/DEBUG] [mixin/]: Mixing features.options.overlays.GuiMixin from sodium-common.mixins.json into net.minecraft.client.gui.Gui
[08:48:00] [Render thread/DEBUG] [mixin/]: sodium-common.mixins.json:features.options.overlays.GuiMixin from mod sodium: Class version 65 required is higher than the class version supported by the current version of Mixin (JAVA_17 supports class version 61)
[08:48:00] [Render thread/DEBUG] [mixin/]: Mixing gui.MixinGui from mixins.iris.json into net.minecraft.client.gui.Gui
[08:48:00] [Render thread/DEBUG] [mixin/]: mixins.iris.json:gui.MixinGui from mod iris: Class version 65 required is higher than the class version supported by the current version of Mixin (JAVA_8 supports class version 52)
[08:48:00] [Render thread/DEBUG] [mixin/]: mixins.iris.json:gui.MixinGui from mod iris->@Inject::iris$disableVignetteRendering(Lnet/minecraft/client/gui/GuiGraphics;Lnet/minecraft/world/entity/Entity;Lorg/spongepowered/asm/mixin/injection/callback/CallbackInfo;)V does use it's CallbackInfo
[08:48:00] [Render thread/DEBUG] [mixin/]: Mixing features.gui.hooks.debug.DebugScreenOverlayMixin from sodium-common.mixins.json into net.minecraft.client.gui.components.DebugScreenOverlay
[08:48:00] [Render thread/DEBUG] [mixin/]: sodium-common.mixins.json:features.gui.hooks.debug.DebugScreenOverlayMixin from mod sodium: Class version 65 required is higher than the class version supported by the current version of Mixin (JAVA_17 supports class version 61)
[08:48:00] [Render thread/DEBUG] [mixin/]: Mixing MixinDebugScreenOverlay from mixins.iris.json into net.minecraft.client.gui.components.DebugScreenOverlay
[08:48:00] [Render thread/DEBUG] [mixin/]: mixins.iris.json:MixinDebugScreenOverlay from mod iris: Class version 65 required is higher than the class version supported by the current version of Mixin (JAVA_8 supports class version 52)
[08:48:00] [Render thread/DEBUG] [mixin/]: Renaming synthetic method lambda$iris$appendShadowDebugText$1(Ljava/util/List;Lnet/irisshaders/iris/pipeline/WorldRenderingPipeline;)V to md7ea5ce$iris$lambda$iris$appendShadowDebugText$1$0 in mixins.iris.json:MixinDebugScreenOverlay from mod iris
[08:48:00] [Render thread/DEBUG] [mixin/]: Renaming synthetic method lambda$iris$appendShaderPackText$0(Ljava/util/List;Lnet/irisshaders/iris/shaderpack/ShaderPack;)V to md7ea5ce$iris$lambda$iris$appendShaderPackText$0$1 in mixins.iris.json:MixinDebugScreenOverlay from mod iris
[08:48:00] [Render thread/DEBUG] [mixin/]: Mixing DebugHudMixin from fabric-renderer-api-v1.debughud.mixins.json into net.minecraft.client.gui.components.DebugScreenOverlay
[08:48:00] [Render thread/DEBUG] [mixin/]: fabric-renderer-api-v1.debughud.mixins.json:DebugHudMixin from mod fabric_renderer_api_v1: Class version 65 required is higher than the class version supported by the current version of Mixin (JAVA_17 supports class version 61)
[08:48:00] [Render thread/DEBUG] [mixin/]: Mixing minecraft.MixinDebugHud from client.voxy.mixins.json into net.minecraft.client.gui.components.DebugScreenOverlay
[08:48:00] [Render thread/DEBUG] [mixin/]: client.voxy.mixins.json:minecraft.MixinDebugHud from mod voxy: Class version 65 required is higher than the class version supported by the current version of Mixin (JAVA_17 supports class version 61)
[08:48:00] [Render thread/DEBUG] [mixin/]: Mixing MixinDebugScreenOverlay from iris-batched-entity-rendering.mixins.json into net.minecraft.client.gui.components.DebugScreenOverlay
[08:48:00] [Render thread/DEBUG] [mixin/]: iris-batched-entity-rendering.mixins.json:MixinDebugScreenOverlay from mod iris: Class version 65 required is higher than the class version supported by the current version of Mixin (JAVA_8 supports class version 52)
[08:48:00] [Render thread/DEBUG] [mixin/]: mixins.iris.json:MixinDebugScreenOverlay from mod iris->@Inject::iris$appendShaderPackText(Lorg/spongepowered/asm/mixin/injection/callback/CallbackInfoReturnable;)V does use it's CallbackInfoReturnable
[08:48:00] [Render thread/DEBUG] [mixin/]: mixins.iris.json:MixinDebugScreenOverlay from mod iris->@Inject::iris$appendShaderPackText(Lorg/spongepowered/asm/mixin/injection/callback/CallbackInfoReturnable;)V does use it's CallbackInfoReturnable
[08:48:00] [Render thread/DEBUG] [mixin/]: mixins.iris.json:MixinDebugScreenOverlay from mod iris->@Inject::iris$appendShadowDebugText(Lorg/spongepowered/asm/mixin/injection/callback/CallbackInfoReturnable;)V does use it's CallbackInfoReturnable
[08:48:00] [Render thread/DEBUG] [mixin/]: mixins.iris.json:MixinDebugScreenOverlay from mod iris->@Inject::iris$appendShadowDebugText(Lorg/spongepowered/asm/mixin/injection/callback/CallbackInfoReturnable;)V does use it's CallbackInfoReturnable
[08:48:00] [Render thread/DEBUG] [mixin/]: fabric-renderer-api-v1.debughud.mixins.json:DebugHudMixin from mod fabric_renderer_api_v1->@Inject::getLeftText(Lorg/spongepowered/asm/mixin/injection/callback/CallbackInfoReturnable;)V does use it's CallbackInfoReturnable
[08:48:00] [Render thread/DEBUG] [mixin/]: fabric-renderer-api-v1.debughud.mixins.json:DebugHudMixin from mod fabric_renderer_api_v1->@Inject::getLeftText(Lorg/spongepowered/asm/mixin/injection/callback/CallbackInfoReturnable;)V does use it's CallbackInfoReturnable
[08:48:00] [Render thread/DEBUG] [mixin/]: client.voxy.mixins.json:minecraft.MixinDebugHud from mod voxy->@Inject::injectDebug(Lorg/spongepowered/asm/mixin/injection/callback/CallbackInfoReturnable;)V does use it's CallbackInfoReturnable
[08:48:00] [Render thread/DEBUG] [mixin/]: client.voxy.mixins.json:minecraft.MixinDebugHud from mod voxy->@Inject::injectDebug(Lorg/spongepowered/asm/mixin/injection/callback/CallbackInfoReturnable;)V does use it's CallbackInfoReturnable
[08:48:00] [Render thread/DEBUG] [mixin/]: iris-batched-entity-rendering.mixins.json:MixinDebugScreenOverlay from mod iris->@Inject::batchedentityrendering$appendStats(Lorg/spongepowered/asm/mixin/injection/callback/CallbackInfoReturnable;)V does use it's CallbackInfoReturnable
[08:48:00] [Render thread/DEBUG] [mixin/]: iris-batched-entity-rendering.mixins.json:MixinDebugScreenOverlay from mod iris->@Inject::batchedentityrendering$appendStats(Lorg/spongepowered/asm/mixin/injection/callback/CallbackInfoReturnable;)V does use it's CallbackInfoReturnable
[08:48:00] [Render thread/DEBUG] [mixin/]: Mixing MixinChunkBorderRenderer from mixins.iris.json into net.minecraft.client.renderer.debug.ChunkBorderRenderer
[08:48:00] [Render thread/DEBUG] [mixin/]: mixins.iris.json:MixinChunkBorderRenderer from mod iris: Class version 65 required is higher than the class version supported by the current version of Mixin (JAVA_8 supports class version 52)
[08:48:00] [Render thread/DEBUG] [mixin/]: Generating mapped inner class net/minecraft/client/renderer/debug/ChunkBorderRenderer$Anonymous$6ba7a5b7d58e4545b1fa68fa7cf093b7 (originally net/irisshaders/iris/mixin/MixinChunkBorderRenderer$1)
[08:48:00] [Render thread/INFO] [ne.ne.ne.ga.GameTestHooks/]: Enabled Gametest Namespaces: []
[08:48:00] [Render thread/DEBUG] [mixin/]: Mixing sky.MixinDimensionSpecialEffects from mixins.iris.json into net.minecraft.client.renderer.DimensionSpecialEffects
[08:48:00] [Render thread/DEBUG] [mixin/]: mixins.iris.json:sky.MixinDimensionSpecialEffects from mod iris: Class version 65 required is higher than the class version supported by the current version of Mixin (JAVA_8 supports class version 52)
[08:48:00] [Render thread/DEBUG] [mixin/]: mixins.iris.json:sky.MixinDimensionSpecialEffects from mod iris->@Inject::iris$getSunriseColor(FFLorg/spongepowered/asm/mixin/injection/callback/CallbackInfoReturnable;)V does use it's CallbackInfoReturnable
[08:48:00] [Render thread/DEBUG] [mixin/]: Mixing features.render.entity.ModelPartMixin from sodium-common.mixins.json into net.minecraft.client.model.geom.ModelPart
[08:48:00] [Render thread/DEBUG] [mixin/]: sodium-common.mixins.json:features.render.entity.ModelPartMixin from mod sodium: Class version 65 required is higher than the class version supported by the current version of Mixin (JAVA_17 supports class version 61)
[08:48:00] [Render thread/DEBUG] [mixin/]: Mixing MixinChainedJsonException from mixins.iris.json into net.minecraft.server.ChainedJsonException
[08:48:00] [Render thread/DEBUG] [mixin/]: mixins.iris.json:MixinChainedJsonException from mod iris: Class version 65 required is higher than the class version supported by the current version of Mixin (JAVA_8 supports class version 52)
[08:48:00] [Render thread/DEBUG] [mixin/]: mixins.iris.json:MixinChainedJsonException from mod iris->@Inject::iris$changeShaderParseException(Ljava/lang/Exception;Lorg/spongepowered/asm/mixin/injection/callback/CallbackInfoReturnable;)V does use it's CallbackInfoReturnable
[08:48:00] [Render thread/DEBUG] [mixin/]: Mixing MixinUniform from mixins.iris.json into com.mojang.blaze3d.shaders.Uniform
[08:48:00] [Render thread/DEBUG] [mixin/]: mixins.iris.json:MixinUniform from mod iris: Class version 65 required is higher than the class version supported by the current version of Mixin (JAVA_8 supports class version 52)
[08:48:00] [Render thread/DEBUG] [mixin/]: mixins.iris.json:MixinUniform from mod iris->@Inject::iris$glGetUniformLocation(ILjava/lang/CharSequence;Lorg/spongepowered/asm/mixin/injection/callback/CallbackInfoReturnable;)V does use it's CallbackInfoReturnable
[08:48:00] [Render thread/DEBUG] [mixin/]: Mixing MixinProgramType from mixins.iris.json into com.mojang.blaze3d.shaders.Program$Type
[08:48:00] [Render thread/DEBUG] [mixin/]: mixins.iris.json:MixinProgramType from mod iris: Class version 65 required is higher than the class version supported by the current version of Mixin (JAVA_8 supports class version 52)
[08:48:00] [Render thread/DEBUG] [mixin/]: Mixing ProgramTypeAccessor from mixins.iris.json into com.mojang.blaze3d.shaders.Program$Type
[08:48:00] [Render thread/DEBUG] [mixin/]: mixins.iris.json:ProgramTypeAccessor from mod iris: Class version 65 required is higher than the class version supported by the current version of Mixin (JAVA_8 supports class version 52)
[08:48:00] [Render thread/DEBUG] [mixin/]: Renaming @Invoker method createProgramType(Ljava/lang/String;ILjava/lang/String;Ljava/lang/String;I)Lcom/mojang/blaze3d/shaders/Program$Type; to createProgramType$iris_$md$7ea5ce$0 in mixins.iris.json:ProgramTypeAccessor from mod iris
[08:48:00] [Render thread/DEBUG] [mixin/]: Mixing MixinProgram from mixins.iris.json into com.mojang.blaze3d.shaders.Program
[08:48:00] [Render thread/DEBUG] [mixin/]: mixins.iris.json:MixinProgram from mod iris: Class version 65 required is higher than the class version supported by the current version of Mixin (JAVA_8 supports class version 52)
[08:48:00] [Render thread/DEBUG] [mixin/]: mixins.iris.json:MixinProgram from mod iris->@Inject::iris$causeException(Lcom/mojang/blaze3d/shaders/Program$Type;Ljava/lang/String;Ljava/io/InputStream;Ljava/lang/String;Lcom/mojang/blaze3d/preprocessor/GlslPreprocessor;Lorg/spongepowered/asm/mixin/injection/callback/CallbackInfoReturnable;)V does use it's CallbackInfoReturnable
[08:48:00] [Render thread/DEBUG] [mixin/]: Mixing MixinProgramManager from mixins.iris.json into com.mojang.blaze3d.shaders.ProgramManager
[08:48:00] [Render thread/DEBUG] [mixin/]: mixins.iris.json:MixinProgramManager from mod iris: Class version 65 required is higher than the class version supported by the current version of Mixin (JAVA_8 supports class version 52)
[08:48:00] [Render thread/DEBUG] [mixin/]: mixins.iris.json:MixinProgramManager from mod iris->@Inject::iris$releaseGeometry(Lcom/mojang/blaze3d/shaders/Shader;Lorg/spongepowered/asm/mixin/injection/callback/CallbackInfo;)V doesn't use it's CallbackInfo
[08:48:00] [Render thread/INFO] [minecraft/ReloadableResourceManager]: Reloading ResourceManager: vanilla, mod_resources, mod/sodium, mod/fabric_rendering_data_attachment_v1, mod/lithium, mod/iris, mod/fabric_renderer_api_v1, mod/fabric_api_base, mod/spark, mod/chunky, mod/neoforge, mod/voxy, mod/fabric_block_view_api_v2
[08:48:00] [Render thread/DEBUG] [mixin/]: Mixing features.gui.hooks.settings.OptionsScreenMixin from sodium-common.mixins.json into net.minecraft.client.gui.screens.options.OptionsScreen
[08:48:00] [Render thread/DEBUG] [mixin/]: sodium-common.mixins.json:features.gui.hooks.settings.OptionsScreenMixin from mod sodium: Class version 65 required is higher than the class version supported by the current version of Mixin (JAVA_17 supports class version 61)
[08:48:00] [Render thread/DEBUG] [mixin/]: sodium-common.mixins.json:features.gui.hooks.settings.OptionsScreenMixin from mod sodium->@Inject::open(Lorg/spongepowered/asm/mixin/injection/callback/CallbackInfoReturnable;)V does use it's CallbackInfoReturnable
[08:48:00] [Render thread/DEBUG] [mixin/]: Mixing platform.neoforge.SimpleBakedModelAccessor from sodium-neoforge.mixins.json into net.minecraft.client.resources.model.SimpleBakedModel
[08:48:00] [Render thread/DEBUG] [mixin/]: sodium-neoforge.mixins.json:platform.neoforge.SimpleBakedModelAccessor from mod sodium: Class version 65 required is higher than the class version supported by the current version of Mixin (JAVA_17 supports class version 61)
[08:48:00] [Render thread/DEBUG] [mixin/]: Mixing features.textures.SpriteContentsInvoker from sodium-common.mixins.json into net.minecraft.client.renderer.texture.SpriteContents
[08:48:00] [Render thread/DEBUG] [mixin/]: sodium-common.mixins.json:features.textures.SpriteContentsInvoker from mod sodium: Class version 65 required is higher than the class version supported by the current version of Mixin (JAVA_17 supports class version 61)
[08:48:00] [Render thread/DEBUG] [mixin/]: Mixing features.textures.animations.tracking.SpriteContentsMixin from sodium-common.mixins.json into net.minecraft.client.renderer.texture.SpriteContents
[08:48:00] [Render thread/DEBUG] [mixin/]: sodium-common.mixins.json:features.textures.animations.tracking.SpriteContentsMixin from mod sodium: Class version 65 required is higher than the class version supported by the current version of Mixin (JAVA_17 supports class version 61)
[08:48:00] [Render thread/DEBUG] [mixin/]: Mixing features.textures.animations.upload.SpriteContentsAccessor from sodium-common.mixins.json into net.minecraft.client.renderer.texture.SpriteContents
[08:48:00] [Render thread/DEBUG] [mixin/]: sodium-common.mixins.json:features.textures.animations.upload.SpriteContentsAccessor from mod sodium: Class version 65 required is higher than the class version supported by the current version of Mixin (JAVA_17 supports class version 61)
[08:48:00] [Render thread/DEBUG] [mixin/]: Mixing features.textures.mipmaps.SpriteContentsMixin from sodium-common.mixins.json into net.minecraft.client.renderer.texture.SpriteContents
[08:48:00] [Render thread/DEBUG] [mixin/]: sodium-common.mixins.json:features.textures.mipmaps.SpriteContentsMixin from mod sodium: Class version 65 required is higher than the class version supported by the current version of Mixin (JAVA_17 supports class version 61)
[08:48:00] [Render thread/DEBUG] [mixin/]: Mixing features.textures.scan.SpriteContentsMixin from sodium-common.mixins.json into net.minecraft.client.renderer.texture.SpriteContents
[08:48:00] [Render thread/DEBUG] [mixin/]: sodium-common.mixins.json:features.textures.scan.SpriteContentsMixin from mod sodium: Class version 65 required is higher than the class version supported by the current version of Mixin (JAVA_17 supports class version 61)
[08:48:00] [Render thread/DEBUG] [mixin/]: Mixing texture.MixinSpriteContents from mixins.iris.json into net.minecraft.client.renderer.texture.SpriteContents
[08:48:00] [Render thread/DEBUG] [mixin/]: mixins.iris.json:texture.MixinSpriteContents from mod iris: Class version 65 required is higher than the class version supported by the current version of Mixin (JAVA_8 supports class version 52)
[08:48:00] [Render thread/DEBUG] [mixin/]: Mixing texture.SpriteContentsAccessor from mixins.iris.json into net.minecraft.client.renderer.texture.SpriteContents
[08:48:00] [Render thread/DEBUG] [mixin/]: mixins.iris.json:texture.SpriteContentsAccessor from mod iris: Class version 65 required is higher than the class version supported by the current version of Mixin (JAVA_8 supports class version 52)
[08:48:00] [Render thread/DEBUG] [mixin/]: Mixing texture.pbr.MixinSpriteContents from mixins.iris.json into net.minecraft.client.renderer.texture.SpriteContents
[08:48:00] [Render thread/DEBUG] [mixin/]: mixins.iris.json:texture.pbr.MixinSpriteContents from mod iris: Class version 65 required is higher than the class version supported by the current version of Mixin (JAVA_8 supports class version 52)
[08:48:00] [Render thread/DEBUG] [mixin/]: mixins.iris.json:texture.MixinSpriteContents from mod iris->@Inject::onReturnCreateTicker(Lorg/spongepowered/asm/mixin/injection/callback/CallbackInfoReturnable;)V does use it's CallbackInfoReturnable
[08:48:00] [Render thread/DEBUG] [mixin/]: mixins.iris.json:texture.pbr.MixinSpriteContents from mod iris->@Inject::iris$onTailClose(Lorg/spongepowered/asm/mixin/injection/callback/CallbackInfo;)V doesn't use it's CallbackInfo
[08:48:00] [Render thread/DEBUG] [mixin/]: mixins.iris.json:texture.pbr.MixinSpriteContents from mod iris->@Inject::iris$onTailClose(Lorg/spongepowered/asm/mixin/injection/callback/CallbackInfo;)V has 0 override(s) in child classes
[08:48:00] [Render thread/DEBUG] [mixin/]: mixins.iris.json:texture.pbr.MixinSpriteContents from mod iris->@Inject::iris$onTailClose(Lorg/spongepowered/asm/mixin/injection/callback/CallbackInfo;)V won't be passed a CallbackInfo as a result
[08:48:00] [Render thread/DEBUG] [mixin/]: mixins.iris.json:texture.pbr.MixinSpriteContents from mod iris->@Inject::iris$onTailMarkActive(Lorg/spongepowered/asm/mixin/injection/callback/CallbackInfo;)V doesn't use it's CallbackInfo
[08:48:00] [Render thread/DEBUG] [mixin/]: mixins.iris.json:texture.pbr.MixinSpriteContents from mod iris->@Inject::iris$onTailMarkActive(Lorg/spongepowered/asm/mixin/injection/callback/CallbackInfo;)V has 0 override(s) in child classes
[08:48:00] [Render thread/DEBUG] [mixin/]: mixins.iris.json:texture.pbr.MixinSpriteContents from mod iris->@Inject::iris$onTailMarkActive(Lorg/spongepowered/asm/mixin/injection/callback/CallbackInfo;)V won't be passed a CallbackInfo as a result
[08:48:00] [Render thread/DEBUG] [mixin/]: Mixing features.textures.animations.tracking.SpriteContentsFrameInfoAccessor from sodium-common.mixins.json into net.minecraft.client.renderer.texture.SpriteContents$FrameInfo
[08:48:00] [Render thread/DEBUG] [mixin/]: sodium-common.mixins.json:features.textures.animations.tracking.SpriteContentsFrameInfoAccessor from mod sodium: Class version 65 required is higher than the class version supported by the current version of Mixin (JAVA_17 supports class version 61)
[08:48:00] [Render thread/DEBUG] [mixin/]: Mixing features.textures.animations.upload.SpriteContentsFrameInfoAccessor from sodium-common.mixins.json into net.minecraft.client.renderer.texture.SpriteContents$FrameInfo
[08:48:00] [Render thread/DEBUG] [mixin/]: sodium-common.mixins.json:features.textures.animations.upload.SpriteContentsFrameInfoAccessor from mod sodium: Class version 65 required is higher than the class version supported by the current version of Mixin (JAVA_17 supports class version 61)
[08:48:00] [Render thread/DEBUG] [mixin/]: Mixing texture.SpriteContentsFrameInfoAccessor from mixins.iris.json into net.minecraft.client.renderer.texture.SpriteContents$FrameInfo
[08:48:00] [Render thread/DEBUG] [mixin/]: mixins.iris.json:texture.SpriteContentsFrameInfoAccessor from mod iris: Class version 65 required is higher than the class version supported by the current version of Mixin (JAVA_8 supports class version 52)
[08:48:00] [Render thread/DEBUG] [mixin/]: Unexpected: Registered method getIndex()I in net.minecraft.client.renderer.texture.SpriteContents$FrameInfo was not merged
[08:48:00] [Render thread/DEBUG] [mixin/]: Unexpected: Registered method getTime()I in net.minecraft.client.renderer.texture.SpriteContents$FrameInfo was not merged
[08:48:00] [Render thread/DEBUG] [mixin/]: Unexpected: Registered method getTime()I in net.minecraft.client.renderer.texture.SpriteContents$FrameInfo was not merged
[08:48:00] [Worker-Main-1/DEBUG] [mixin/]: Mixing texture.pbr.MixinDirectoryLister from mixins.iris.json into net.minecraft.client.renderer.texture.atlas.sources.DirectoryLister
[08:48:00] [Worker-Main-1/DEBUG] [mixin/]: mixins.iris.json:texture.pbr.MixinDirectoryLister from mod iris: Class version 65 required is higher than the class version supported by the current version of Mixin (JAVA_8 supports class version 52)
[08:48:00] [Worker-Main-1/DEBUG] [mixin/]: Renaming synthetic method lambda$iris$modifyForEachAction$0(Lnet/minecraft/server/packs/resources/ResourceManager;Ljava/util/function/BiConsumer;Lnet/minecraft/resources/ResourceLocation;Lnet/minecraft/server/packs/resources/Resource;)V to md7ea5ce$iris$lambda$iris$modifyForEachAction$0$0 in mixins.iris.json:texture.pbr.MixinDirectoryLister from mod iris
[08:48:00] [Worker-Main-1/DEBUG] [mixin/]: ArgsClassGenerator assigning org.spongepowered.asm.synthetic.args.Args$1 for descriptor (Ljava/util/function/BiConsumer;)V
[08:48:00] [Worker-Main-9/INFO] [minecraft/UnihexProvider]: Found unifont_all_no_pua-15.1.05.hex, loading
[08:48:00] [Worker-Main-15/DEBUG] [mixin/]: Mixing features.textures.mipmaps.MipmapGeneratorMixin from sodium-common.mixins.json into net.minecraft.client.renderer.texture.MipmapGenerator
[08:48:00] [Worker-Main-15/DEBUG] [mixin/]: sodium-common.mixins.json:features.textures.mipmaps.MipmapGeneratorMixin from mod sodium: Class version 65 required is higher than the class version supported by the current version of Mixin (JAVA_17 supports class version 61)
[08:48:00] [Worker-Main-15/WARN] [mixin/]: Static binding violation: PRIVATE @Overwrite method alphaBlend in sodium-common.mixins.json:features.textures.mipmaps.MipmapGeneratorMixin from mod sodium cannot reduce visibiliy of PUBLIC target method, visibility will be upgraded.
[08:48:00] [Worker-Main-1/DEBUG] [mixin/]: Mixing features.textures.animations.tracking.AnimatedTextureAccessor from sodium-common.mixins.json into net.minecraft.client.renderer.texture.SpriteContents$AnimatedTexture
[08:48:00] [Worker-Main-1/DEBUG] [mixin/]: sodium-common.mixins.json:features.textures.animations.tracking.AnimatedTextureAccessor from mod sodium: Class version 65 required is higher than the class version supported by the current version of Mixin (JAVA_17 supports class version 61)
[08:48:00] [Worker-Main-1/DEBUG] [mixin/]: Mixing features.textures.animations.upload.SpriteContentsAnimatedTextureAccessor from sodium-common.mixins.json into net.minecraft.client.renderer.texture.SpriteContents$AnimatedTexture
[08:48:00] [Worker-Main-1/DEBUG] [mixin/]: sodium-common.mixins.json:features.textures.animations.upload.SpriteContentsAnimatedTextureAccessor from mod sodium: Class version 65 required is higher than the class version supported by the current version of Mixin (JAVA_17 supports class version 61)
[08:48:00] [Worker-Main-1/DEBUG] [mixin/]: Mixing texture.SpriteContentsAnimatedTextureAccessor from mixins.iris.json into net.minecraft.client.renderer.texture.SpriteContents$AnimatedTexture
[08:48:00] [Worker-Main-1/DEBUG] [mixin/]: mixins.iris.json:texture.SpriteContentsAnimatedTextureAccessor from mod iris: Class version 65 required is higher than the class version supported by the current version of Mixin (JAVA_8 supports class version 52)
[08:48:00] [Render thread/DEBUG] [ne.ne.fm.DeferredWorkQueue/LOADING]: Dispatching synchronous work for work queue Common setup: 1 jobs
[08:48:00] [Worker-Main-1/DEBUG] [mixin/]: Unexpected: Registered method getFrames()Ljava/util/List; in net.minecraft.client.renderer.texture.SpriteContents$AnimatedTexture was not merged
[08:48:00] [Worker-Main-1/DEBUG] [mixin/]: Unexpected: Registered method getFrames()Ljava/util/List; in net.minecraft.client.renderer.texture.SpriteContents$AnimatedTexture was not merged
[08:48:00] [Render thread/DEBUG] [ne.ne.fm.DeferredWorkQueue/LOADING]: Synchronous work queue completed in 9.538 ms
[08:48:00] [Render thread/DEBUG] [mixin/]: Mixing MixinFogRenderer from mixins.iris.json into net.minecraft.client.renderer.FogRenderer
[08:48:00] [Render thread/DEBUG] [mixin/]: mixins.iris.json:MixinFogRenderer from mod iris: Class version 65 required is higher than the class version supported by the current version of Mixin (JAVA_8 supports class version 52)
[08:48:00] [Render thread/DEBUG] [mixin/]: Mixing minecraft.MixinFogRenderer from client.voxy.mixins.json into net.minecraft.client.renderer.FogRenderer
[08:48:00] [Render thread/DEBUG] [mixin/]: client.voxy.mixins.json:minecraft.MixinFogRenderer from mod voxy: Class version 65 required is higher than the class version supported by the current version of Mixin (JAVA_17 supports class version 61)
[08:48:00] [Render thread/DEBUG] [mixin/]: mixins.iris.json:MixinFogRenderer from mod iris->@Inject::iris$setupLegacyWaterFog(Lnet/minecraft/client/Camera;Lnet/minecraft/client/renderer/FogRenderer$FogMode;FZFLorg/spongepowered/asm/mixin/injection/callback/CallbackInfo;)V doesn't use it's CallbackInfo
[08:48:00] [Render thread/DEBUG] [mixin/]: mixins.iris.json:MixinFogRenderer from mod iris->@Inject::render(Lnet/minecraft/client/Camera;FLnet/minecraft/client/multiplayer/ClientLevel;IFLorg/spongepowered/asm/mixin/injection/callback/CallbackInfo;)V doesn't use it's CallbackInfo
[08:48:00] [Render thread/DEBUG] [mixin/]: client.voxy.mixins.json:minecraft.MixinFogRenderer from mod voxy->@Inject::voxy$overrideFog(Lnet/minecraft/client/Camera;Lnet/minecraft/client/renderer/FogRenderer$FogMode;FZFLorg/spongepowered/asm/mixin/injection/callback/CallbackInfo;)V doesn't use it's CallbackInfo
[08:48:00] [Worker-Main-5/INFO] [minecraft/UnihexProvider]: Found unifont_jp_patch-15.1.05.hex, loading
[08:48:01] [Worker-Main-3/DEBUG] [mixin/]: Mixing core.model.quad.BakedQuadMixin from sodium-neoforge.mixins.json into net.minecraft.client.renderer.block.model.BakedQuad
[08:48:01] [Worker-Main-3/DEBUG] [mixin/]: sodium-neoforge.mixins.json:core.model.quad.BakedQuadMixin from mod sodium: Class version 65 required is higher than the class version supported by the current version of Mixin (JAVA_17 supports class version 61)
[08:48:01] [Worker-Main-3/DEBUG] [mixin/]: sodium-neoforge.mixins.json:core.model.quad.BakedQuadMixin from mod sodium->@Inject::init([IILnet/minecraft/core/Direction;Lnet/minecraft/client/renderer/texture/TextureAtlasSprite;ZZLorg/spongepowered/asm/mixin/injection/callback/CallbackInfo;)V doesn't use it's CallbackInfo
[08:48:01] [Worker-Main-3/DEBUG] [mixin/]: sodium-neoforge.mixins.json:core.model.quad.BakedQuadMixin from mod sodium->@Inject::init([IILnet/minecraft/core/Direction;Lnet/minecraft/client/renderer/texture/TextureAtlasSprite;ZZLorg/spongepowered/asm/mixin/injection/callback/CallbackInfo;)V has 0 override(s) in child classes
[08:48:01] [Worker-Main-3/DEBUG] [mixin/]: sodium-neoforge.mixins.json:core.model.quad.BakedQuadMixin from mod sodium->@Inject::init([IILnet/minecraft/core/Direction;Lnet/minecraft/client/renderer/texture/TextureAtlasSprite;ZZLorg/spongepowered/asm/mixin/injection/callback/CallbackInfo;)V won't be passed a CallbackInfo as a result
[08:48:01] [Worker-Main-3/DEBUG] [mixin/]: Mixing features.model.MultiPartBakedModelMixin from sodium-neoforge.mixins.json into net.minecraft.client.resources.model.MultiPartBakedModel
[08:48:01] [Worker-Main-3/DEBUG] [mixin/]: sodium-neoforge.mixins.json:features.model.MultiPartBakedModelMixin from mod sodium: Class version 65 required is higher than the class version supported by the current version of Mixin (JAVA_17 supports class version 61)
[08:48:01] [Worker-Main-3/DEBUG] [mixin/]: Renaming synthetic method lambda$getRenderTypes$2(I)[Lnet/minecraft/client/resources/model/BakedModel; to md7ea5ce$sodium$lambda$getRenderTypes$2$0 in sodium-neoforge.mixins.json:features.model.MultiPartBakedModelMixin from mod sodium
[08:48:01] [Worker-Main-3/DEBUG] [mixin/]: Renaming synthetic method lambda$getQuads$1(I)[Lnet/minecraft/client/resources/model/BakedModel; to md7ea5ce$sodium$lambda$getQuads$1$1 in sodium-neoforge.mixins.json:features.model.MultiPartBakedModelMixin from mod sodium
[08:48:01] [Worker-Main-3/DEBUG] [mixin/]: Renaming synthetic method lambda$storeClassInfo$0(Lorg/apache/commons/lang3/tuple/Pair;)Z to md7ea5ce$sodium$lambda$storeClassInfo$0$2 in sodium-neoforge.mixins.json:features.model.MultiPartBakedModelMixin from mod sodium
[08:48:01] [Worker-Main-3/DEBUG] [mixin/]: Mixing client.MultipartBakedModelMixin from fabric-renderer-api-v1.mixins.json into net.minecraft.client.resources.model.MultiPartBakedModel
[08:48:01] [Worker-Main-3/DEBUG] [mixin/]: Renaming synthetic method lambda$emitBlockQuads$0(Lnet/minecraft/util/RandomSource;J)Lnet/minecraft/util/RandomSource; to md7ea5ce$fabric_renderer_api_v1$lambda$emitBlockQuads$0$3 in fabric-renderer-api-v1.mixins.json:client.MultipartBakedModelMixin from mod fabric_renderer_api_v1
[08:48:01] [Worker-Main-3/DEBUG] [mixin/]: sodium-neoforge.mixins.json:features.model.MultiPartBakedModelMixin from mod sodium->@Inject::storeClassInfo(Ljava/util/List;Lorg/spongepowered/asm/mixin/injection/callback/CallbackInfo;)V doesn't use it's CallbackInfo
[08:48:01] [Worker-Main-3/DEBUG] [mixin/]: sodium-neoforge.mixins.json:features.model.MultiPartBakedModelMixin from mod sodium->@Inject::storeClassInfo(Ljava/util/List;Lorg/spongepowered/asm/mixin/injection/callback/CallbackInfo;)V has 0 override(s) in child classes
[08:48:01] [Worker-Main-3/DEBUG] [mixin/]: sodium-neoforge.mixins.json:features.model.MultiPartBakedModelMixin from mod sodium->@Inject::storeClassInfo(Ljava/util/List;Lorg/spongepowered/asm/mixin/injection/callback/CallbackInfo;)V won't be passed a CallbackInfo as a result
[08:48:01] [Worker-Main-3/DEBUG] [mixin/]: fabric-renderer-api-v1.mixins.json:client.MultipartBakedModelMixin from mod fabric_renderer_api_v1->@Inject::onInit(Ljava/util/List;Lorg/spongepowered/asm/mixin/injection/callback/CallbackInfo;)V doesn't use it's CallbackInfo
[08:48:01] [Worker-Main-3/DEBUG] [mixin/]: fabric-renderer-api-v1.mixins.json:client.MultipartBakedModelMixin from mod fabric_renderer_api_v1->@Inject::onInit(Ljava/util/List;Lorg/spongepowered/asm/mixin/injection/callback/CallbackInfo;)V has 0 override(s) in child classes
[08:48:01] [Worker-Main-3/DEBUG] [mixin/]: fabric-renderer-api-v1.mixins.json:client.MultipartBakedModelMixin from mod fabric_renderer_api_v1->@Inject::onInit(Ljava/util/List;Lorg/spongepowered/asm/mixin/injection/callback/CallbackInfo;)V won't be passed a CallbackInfo as a result
[08:48:01] [Worker-Main-3/DEBUG] [mixin/]: Mixing features.model.WeightedBakedModelMixin from sodium-neoforge.mixins.json into net.minecraft.client.resources.model.WeightedBakedModel
[08:48:01] [Worker-Main-3/DEBUG] [mixin/]: sodium-neoforge.mixins.json:features.model.WeightedBakedModelMixin from mod sodium: Class version 65 required is higher than the class version supported by the current version of Mixin (JAVA_17 supports class version 61)
[08:48:01] [Worker-Main-3/DEBUG] [mixin/]: Mixing client.WeightedBakedModelMixin from fabric-renderer-api-v1.mixins.json into net.minecraft.client.resources.model.WeightedBakedModel
[08:48:01] [Worker-Main-3/DEBUG] [mixin/]: Renaming synthetic method lambda$emitItemQuads$1(Ljava/util/function/Supplier;)Lnet/minecraft/util/RandomSource; to md7ea5ce$fabric_renderer_api_v1$lambda$emitItemQuads$1$0 in fabric-renderer-api-v1.mixins.json:client.WeightedBakedModelMixin from mod fabric_renderer_api_v1
[08:48:01] [Worker-Main-3/DEBUG] [mixin/]: Renaming synthetic method lambda$emitBlockQuads$0(Ljava/util/function/Supplier;)Lnet/minecraft/util/RandomSource; to md7ea5ce$fabric_renderer_api_v1$lambda$emitBlockQuads$0$1 in fabric-renderer-api-v1.mixins.json:client.WeightedBakedModelMixin from mod fabric_renderer_api_v1
[08:48:01] [Worker-Main-3/DEBUG] [mixin/]: fabric-renderer-api-v1.mixins.json:client.WeightedBakedModelMixin from mod fabric_renderer_api_v1->@Inject::onInit(Ljava/util/List;Lorg/spongepowered/asm/mixin/injection/callback/CallbackInfo;)V doesn't use it's CallbackInfo
[08:48:01] [Worker-Main-3/DEBUG] [mixin/]: fabric-renderer-api-v1.mixins.json:client.WeightedBakedModelMixin from mod fabric_renderer_api_v1->@Inject::onInit(Ljava/util/List;Lorg/spongepowered/asm/mixin/injection/callback/CallbackInfo;)V has 0 override(s) in child classes
[08:48:01] [Worker-Main-3/DEBUG] [mixin/]: fabric-renderer-api-v1.mixins.json:client.WeightedBakedModelMixin from mod fabric_renderer_api_v1->@Inject::onInit(Ljava/util/List;Lorg/spongepowered/asm/mixin/injection/callback/CallbackInfo;)V won't be passed a CallbackInfo as a result
[08:48:02] [Render thread/WARN] [minecraft/SoundEngine]: Missing sound for event: minecraft:item.goat_horn.play
[08:48:02] [Render thread/WARN] [minecraft/SoundEngine]: Missing sound for event: minecraft:entity.goat.screaming.horn_break
[08:48:02] [Render thread/INFO] [mojang/Library]: OpenAL initialized on device OpenAL Soft on SteelSeries Sonar - Gaming (SteelSeries Sonar Virtual Audio Device)
[08:48:02] [Render thread/INFO] [minecraft/SoundEngine]: Sound engine started
[08:48:02] [Render thread/INFO] [minecraft/TextureAtlas]: Created: 1024x512x4 minecraft:textures/atlas/blocks.png-atlas
[08:48:02] [Render thread/DEBUG] [mixin/]: Mixing features.textures.animations.tracking.SpriteContentsTickerMixin from sodium-common.mixins.json into net.minecraft.client.renderer.texture.SpriteContents$Ticker
[08:48:02] [Render thread/DEBUG] [mixin/]: sodium-common.mixins.json:features.textures.animations.tracking.SpriteContentsTickerMixin from mod sodium: Class version 65 required is higher than the class version supported by the current version of Mixin (JAVA_17 supports class version 61)
[08:48:02] [Render thread/DEBUG] [mixin/]: Mixing features.textures.animations.upload.SpriteContentsTickerAccessor from sodium-common.mixins.json into net.minecraft.client.renderer.texture.SpriteContents$Ticker
[08:48:02] [Render thread/DEBUG] [mixin/]: sodium-common.mixins.json:features.textures.animations.upload.SpriteContentsTickerAccessor from mod sodium: Class version 65 required is higher than the class version supported by the current version of Mixin (JAVA_17 supports class version 61)
[08:48:02] [Render thread/DEBUG] [mixin/]: Mixing texture.SpriteContentsTickerAccessor from mixins.iris.json into net.minecraft.client.renderer.texture.SpriteContents$Ticker
[08:48:02] [Render thread/DEBUG] [mixin/]: mixins.iris.json:texture.SpriteContentsTickerAccessor from mod iris: Class version 65 required is higher than the class version supported by the current version of Mixin (JAVA_8 supports class version 52)
[08:48:02] [Render thread/DEBUG] [mixin/]: sodium-common.mixins.json:features.textures.animations.tracking.SpriteContentsTickerMixin from mod sodium->@Inject::assignParent(Lnet/minecraft/client/renderer/texture/SpriteContents;Lnet/minecraft/client/renderer/texture/SpriteContents$AnimatedTexture;Lnet/minecraft/client/renderer/texture/SpriteContents$InterpolationData;Lorg/spongepowered/asm/mixin/injection/callback/CallbackInfo;)V doesn't use it's CallbackInfo
[08:48:02] [Render thread/DEBUG] [mixin/]: sodium-common.mixins.json:features.textures.animations.tracking.SpriteContentsTickerMixin from mod sodium->@Inject::assignParent(Lnet/minecraft/client/renderer/texture/SpriteContents;Lnet/minecraft/client/renderer/texture/SpriteContents$AnimatedTexture;Lnet/minecraft/client/renderer/texture/SpriteContents$InterpolationData;Lorg/spongepowered/asm/mixin/injection/callback/CallbackInfo;)V has 0 override(s) in child classes
[08:48:02] [Render thread/DEBUG] [mixin/]: sodium-common.mixins.json:features.textures.animations.tracking.SpriteContentsTickerMixin from mod sodium->@Inject::assignParent(Lnet/minecraft/client/renderer/texture/SpriteContents;Lnet/minecraft/client/renderer/texture/SpriteContents$AnimatedTexture;Lnet/minecraft/client/renderer/texture/SpriteContents$InterpolationData;Lorg/spongepowered/asm/mixin/injection/callback/CallbackInfo;)V won't be passed a CallbackInfo as a result
[08:48:02] [Render thread/DEBUG] [mixin/]: sodium-common.mixins.json:features.textures.animations.tracking.SpriteContentsTickerMixin from mod sodium->@Inject::preTick(Lorg/spongepowered/asm/mixin/injection/callback/CallbackInfo;)V does use it's CallbackInfo
[08:48:02] [Render thread/DEBUG] [mixin/]: sodium-common.mixins.json:features.textures.animations.tracking.SpriteContentsTickerMixin from mod sodium->@Inject::postTick(Lorg/spongepowered/asm/mixin/injection/callback/CallbackInfo;)V doesn't use it's CallbackInfo
[08:48:02] [Render thread/DEBUG] [mixin/]: sodium-common.mixins.json:features.textures.animations.tracking.SpriteContentsTickerMixin from mod sodium->@Inject::postTick(Lorg/spongepowered/asm/mixin/injection/callback/CallbackInfo;)V has 0 override(s) in child classes
[08:48:02] [Render thread/DEBUG] [mixin/]: sodium-common.mixins.json:features.textures.animations.tracking.SpriteContentsTickerMixin from mod sodium->@Inject::postTick(Lorg/spongepowered/asm/mixin/injection/callback/CallbackInfo;)V won't be passed a CallbackInfo as a result
[08:48:02] [Render thread/DEBUG] [mixin/]: Unexpected: Registered method getAnimationInfo()Lnet/minecraft/client/renderer/texture/SpriteContents$AnimatedTexture; in net.minecraft.client.renderer.texture.SpriteContents$Ticker was not merged
[08:48:02] [Render thread/DEBUG] [mixin/]: Mixing features.textures.animations.upload.SpriteContentsInterpolationMixin from sodium-common.mixins.json into net.minecraft.client.renderer.texture.SpriteContents$InterpolationData
[08:48:02] [Render thread/DEBUG] [mixin/]: sodium-common.mixins.json:features.textures.animations.upload.SpriteContentsInterpolationMixin from mod sodium: Class version 65 required is higher than the class version supported by the current version of Mixin (JAVA_17 supports class version 61)
[08:48:02] [Render thread/DEBUG] [mixin/]: sodium-common.mixins.json:features.textures.animations.upload.SpriteContentsInterpolationMixin from mod sodium->@Inject::assignParent(Lnet/minecraft/client/renderer/texture/SpriteContents;Lorg/spongepowered/asm/mixin/injection/callback/CallbackInfo;)V doesn't use it's CallbackInfo
[08:48:02] [Render thread/INFO] [minecraft/TextureAtlas]: Created: 256x256x4 minecraft:textures/atlas/signs.png-atlas
[08:48:02] [Render thread/INFO] [minecraft/TextureAtlas]: Created: 512x512x4 minecraft:textures/atlas/shield_patterns.png-atlas
[08:48:02] [Render thread/INFO] [minecraft/TextureAtlas]: Created: 512x512x4 minecraft:textures/atlas/banner_patterns.png-atlas
[08:48:02] [Render thread/INFO] [minecraft/TextureAtlas]: Created: 1024x1024x4 minecraft:textures/atlas/armor_trims.png-atlas
[08:48:02] [Render thread/INFO] [minecraft/TextureAtlas]: Created: 128x64x4 minecraft:textures/atlas/decorated_pot.png-atlas
[08:48:02] [Render thread/INFO] [minecraft/TextureAtlas]: Created: 256x256x4 minecraft:textures/atlas/chest.png-atlas
[08:48:02] [Render thread/INFO] [minecraft/TextureAtlas]: Created: 512x256x4 minecraft:textures/atlas/beds.png-atlas
[08:48:02] [Render thread/INFO] [minecraft/TextureAtlas]: Created: 512x256x4 minecraft:textures/atlas/shulker_boxes.png-atlas
[08:48:02] [Render thread/DEBUG] [mixin/]: Mixing MixinBannerRenderer from iris-batched-entity-rendering.mixins.json into net.minecraft.client.renderer.blockentity.BannerRenderer
[08:48:02] [Render thread/DEBUG] [mixin/]: iris-batched-entity-rendering.mixins.json:MixinBannerRenderer from mod iris: Class version 65 required is higher than the class version supported by the current version of Mixin (JAVA_8 supports class version 52)
[08:48:02] [Render thread/DEBUG] [mixin/]: Renaming synthetic method lambda$iris$wrapBufferSource$0(Lnet/minecraft/client/renderer/RenderType;)Lnet/minecraft/client/renderer/RenderType; to md7ea5ce$iris$lambda$iris$wrapBufferSource$0$0 in iris-batched-entity-rendering.mixins.json:MixinBannerRenderer from mod iris
[08:48:02] [Render thread/DEBUG] [mixin/]: iris-batched-entity-rendering.mixins.json:MixinBannerRenderer from mod iris->@Inject::iris$endRenderingCanvas(Lcom/mojang/blaze3d/vertex/PoseStack;Lnet/minecraft/client/renderer/MultiBufferSource;IILnet/minecraft/client/model/geom/ModelPart;Lnet/minecraft/client/resources/model/Material;ZLnet/minecraft/world/item/DyeColor;Lnet/minecraft/world/level/block/entity/BannerPatternLayers;ZLorg/spongepowered/asm/mixin/injection/callback/CallbackInfo;)V doesn't use it's CallbackInfo
[08:48:02] [Render thread/DEBUG] [mixin/]: Mixing entity_render_context.MixinEnderDragonRenderer from mixins.iris.json into net.minecraft.client.renderer.entity.EnderDragonRenderer
[08:48:02] [Render thread/DEBUG] [mixin/]: mixins.iris.json:entity_render_context.MixinEnderDragonRenderer from mod iris: Class version 65 required is higher than the class version supported by the current version of Mixin (JAVA_8 supports class version 52)
[08:48:02] [Render thread/DEBUG] [mixin/]: mixins.iris.json:entity_render_context.MixinEnderDragonRenderer from mod iris->@Inject::changeId(FFFFILcom/mojang/blaze3d/vertex/PoseStack;Lnet/minecraft/client/renderer/MultiBufferSource;ILorg/spongepowered/asm/mixin/injection/callback/CallbackInfo;)V doesn't use it's CallbackInfo
[08:48:02] [Render thread/DEBUG] [mixin/]: mixins.iris.json:entity_render_context.MixinEnderDragonRenderer from mod iris->@Inject::changeId2(Lorg/spongepowered/asm/mixin/injection/callback/CallbackInfo;)V doesn't use it's CallbackInfo
[08:48:02] [Render thread/DEBUG] [mixin/]: Mixing features.render.entity.cull.EntityRendererMixin from sodium-common.mixins.json into net.minecraft.client.renderer.entity.EntityRenderer
[08:48:02] [Render thread/DEBUG] [mixin/]: sodium-common.mixins.json:features.render.entity.cull.EntityRendererMixin from mod sodium: Class version 65 required is higher than the class version supported by the current version of Mixin (JAVA_17 supports class version 61)
[08:48:02] [Render thread/DEBUG] [mixin/]: Mixing entity_render_context.MixinEntityRenderer from mixins.iris.json into net.minecraft.client.renderer.entity.EntityRenderer
[08:48:02] [Render thread/DEBUG] [mixin/]: mixins.iris.json:entity_render_context.MixinEntityRenderer from mod iris: Class version 65 required is higher than the class version supported by the current version of Mixin (JAVA_8 supports class version 52)
[08:48:02] [Render thread/DEBUG] [mixin/]: mixins.iris.json:entity_render_context.MixinEntityRenderer from mod iris->@Inject::setNameTagId(Lnet/minecraft/world/entity/Entity;Lnet/minecraft/network/chat/Component;Lcom/mojang/blaze3d/vertex/PoseStack;Lnet/minecraft/client/renderer/MultiBufferSource;IFLorg/spongepowered/asm/mixin/injection/callback/CallbackInfo;)V doesn't use it's CallbackInfo
[08:48:02] [Render thread/DEBUG] [mixin/]: mixins.iris.json:entity_render_context.MixinEntityRenderer from mod iris->@Inject::setNameTagId(Lnet/minecraft/world/entity/Entity;Lnet/minecraft/network/chat/Component;Lcom/mojang/blaze3d/vertex/PoseStack;Lnet/minecraft/client/renderer/MultiBufferSource;IFLorg/spongepowered/asm/mixin/injection/callback/CallbackInfo;)V has 0 override(s) in child classes
[08:48:02] [Render thread/DEBUG] [mixin/]: mixins.iris.json:entity_render_context.MixinEntityRenderer from mod iris->@Inject::setNameTagId(Lnet/minecraft/world/entity/Entity;Lnet/minecraft/network/chat/Component;Lcom/mojang/blaze3d/vertex/PoseStack;Lnet/minecraft/client/renderer/MultiBufferSource;IFLorg/spongepowered/asm/mixin/injection/callback/CallbackInfo;)V won't be passed a CallbackInfo as a result
[08:48:02] [Render thread/DEBUG] [mixin/]: mixins.iris.json:entity_render_context.MixinEntityRenderer from mod iris->@Inject::resetId(Lnet/minecraft/world/entity/Entity;Lnet/minecraft/network/chat/Component;Lcom/mojang/blaze3d/vertex/PoseStack;Lnet/minecraft/client/renderer/MultiBufferSource;IFLorg/spongepowered/asm/mixin/injection/callback/CallbackInfo;)V doesn't use it's CallbackInfo
[08:48:02] [Render thread/DEBUG] [mixin/]: mixins.iris.json:entity_render_context.MixinEntityRenderer from mod iris->@Inject::resetId(Lnet/minecraft/world/entity/Entity;Lnet/minecraft/network/chat/Component;Lcom/mojang/blaze3d/vertex/PoseStack;Lnet/minecraft/client/renderer/MultiBufferSource;IFLorg/spongepowered/asm/mixin/injection/callback/CallbackInfo;)V has 0 override(s) in child classes
[08:48:02] [Render thread/DEBUG] [mixin/]: mixins.iris.json:entity_render_context.MixinEntityRenderer from mod iris->@Inject::resetId(Lnet/minecraft/world/entity/Entity;Lnet/minecraft/network/chat/Component;Lcom/mojang/blaze3d/vertex/PoseStack;Lnet/minecraft/client/renderer/MultiBufferSource;IFLorg/spongepowered/asm/mixin/injection/callback/CallbackInfo;)V won't be passed a CallbackInfo as a result
[08:48:02] [Render thread/DEBUG] [mixin/]: Mixing shadows.MixinBeaconRenderer from mixins.iris.json into net.minecraft.client.renderer.blockentity.BeaconRenderer
[08:48:02] [Render thread/DEBUG] [mixin/]: mixins.iris.json:shadows.MixinBeaconRenderer from mod iris: Class version 65 required is higher than the class version supported by the current version of Mixin (JAVA_8 supports class version 52)
[08:48:02] [Render thread/DEBUG] [mixin/]: mixins.iris.json:shadows.MixinBeaconRenderer from mod iris->@Inject::iris$noLightBeamInShadowPass(Lcom/mojang/blaze3d/vertex/PoseStack;Lnet/minecraft/client/renderer/MultiBufferSource;Lnet/minecraft/resources/ResourceLocation;FFJIIIFFLorg/spongepowered/asm/mixin/injection/callback/CallbackInfo;)V does use it's CallbackInfo
[08:48:02] [Render thread/DEBUG] [mixin/]: Mixing features.render.entity.CubeMixin from sodium-common.mixins.json into net.minecraft.client.model.geom.ModelPart$Cube
[08:48:02] [Render thread/DEBUG] [mixin/]: sodium-common.mixins.json:features.render.entity.CubeMixin from mod sodium: Class version 65 required is higher than the class version supported by the current version of Mixin (JAVA_17 supports class version 61)
[08:48:02] [Render thread/DEBUG] [mixin/]: sodium-common.mixins.json:features.render.entity.CubeMixin from mod sodium->@Inject::onCompile(Lcom/mojang/blaze3d/vertex/PoseStack$Pose;Lcom/mojang/blaze3d/vertex/VertexConsumer;IIILorg/spongepowered/asm/mixin/injection/callback/CallbackInfo;)V does use it's CallbackInfo
[08:48:02] [Render thread/DEBUG] [mixin/]: Mixing entity_render_context.MixinHumanoidArmorLayer from mixins.iris.json into net.minecraft.client.renderer.entity.layers.HumanoidArmorLayer
[08:48:02] [Render thread/DEBUG] [mixin/]: mixins.iris.json:entity_render_context.MixinHumanoidArmorLayer from mod iris: Class version 65 required is higher than the class version supported by the current version of Mixin (JAVA_8 supports class version 52)
[08:48:02] [Render thread/DEBUG] [mixin/]: Mixing MixinHumanoidArmorLayer from mixins.iris.forge.json into net.minecraft.client.renderer.entity.layers.HumanoidArmorLayer
[08:48:02] [Render thread/DEBUG] [mixin/]: mixins.iris.forge.json:MixinHumanoidArmorLayer from mod iris: Class version 65 required is higher than the class version supported by the current version of Mixin (JAVA_8 supports class version 52)
[08:48:02] [Render thread/DEBUG] [mixin/]: mixins.iris.json:entity_render_context.MixinHumanoidArmorLayer from mod iris->@Inject::changeTrimTemp(Lnet/minecraft/core/Holder;Lcom/mojang/blaze3d/vertex/PoseStack;Lnet/minecraft/client/renderer/MultiBufferSource;ILnet/minecraft/world/item/armortrim/ArmorTrim;Lnet/minecraft/client/model/HumanoidModel;ZLorg/spongepowered/asm/mixin/injection/callback/CallbackInfo;)V doesn't use it's CallbackInfo
[08:48:02] [Render thread/DEBUG] [mixin/]: mixins.iris.json:entity_render_context.MixinHumanoidArmorLayer from mod iris->@Inject::changeTrimTemp(Lnet/minecraft/core/Holder;Lcom/mojang/blaze3d/vertex/PoseStack;Lnet/minecraft/client/renderer/MultiBufferSource;ILnet/minecraft/world/item/armortrim/ArmorTrim;Lnet/minecraft/client/model/HumanoidModel;ZLorg/spongepowered/asm/mixin/injection/callback/CallbackInfo;)V has 0 override(s) in child classes
[08:48:02] [Render thread/DEBUG] [mixin/]: mixins.iris.json:entity_render_context.MixinHumanoidArmorLayer from mod iris->@Inject::changeTrimTemp(Lnet/minecraft/core/Holder;Lcom/mojang/blaze3d/vertex/PoseStack;Lnet/minecraft/client/renderer/MultiBufferSource;ILnet/minecraft/world/item/armortrim/ArmorTrim;Lnet/minecraft/client/model/HumanoidModel;ZLorg/spongepowered/asm/mixin/injection/callback/CallbackInfo;)V won't be passed a CallbackInfo as a result
[08:48:02] [Render thread/DEBUG] [mixin/]: mixins.iris.json:entity_render_context.MixinHumanoidArmorLayer from mod iris->@Inject::changeTrimTemp2(Lnet/minecraft/core/Holder;Lcom/mojang/blaze3d/vertex/PoseStack;Lnet/minecraft/client/renderer/MultiBufferSource;ILnet/minecraft/world/item/armortrim/ArmorTrim;Lnet/minecraft/client/model/HumanoidModel;ZLorg/spongepowered/asm/mixin/injection/callback/CallbackInfo;)V doesn't use it's CallbackInfo
[08:48:02] [Render thread/DEBUG] [mixin/]: mixins.iris.json:entity_render_context.MixinHumanoidArmorLayer from mod iris->@Inject::changeTrimTemp2(Lnet/minecraft/core/Holder;Lcom/mojang/blaze3d/vertex/PoseStack;Lnet/minecraft/client/renderer/MultiBufferSource;ILnet/minecraft/world/item/armortrim/ArmorTrim;Lnet/minecraft/client/model/HumanoidModel;ZLorg/spongepowered/asm/mixin/injection/callback/CallbackInfo;)V has 0 override(s) in child classes
[08:48:02] [Render thread/DEBUG] [mixin/]: mixins.iris.json:entity_render_context.MixinHumanoidArmorLayer from mod iris->@Inject::changeTrimTemp2(Lnet/minecraft/core/Holder;Lcom/mojang/blaze3d/vertex/PoseStack;Lnet/minecraft/client/renderer/MultiBufferSource;ILnet/minecraft/world/item/armortrim/ArmorTrim;Lnet/minecraft/client/model/HumanoidModel;ZLorg/spongepowered/asm/mixin/injection/callback/CallbackInfo;)V won't be passed a CallbackInfo as a result
[08:48:02] [Render thread/DEBUG] [mixin/]: mixins.iris.json:entity_render_context.MixinHumanoidArmorLayer from mod iris->@Inject::changeId2(Lorg/spongepowered/asm/mixin/injection/callback/CallbackInfo;)V doesn't use it's CallbackInfo
[08:48:02] [Render thread/DEBUG] [mixin/]: mixins.iris.json:entity_render_context.MixinHumanoidArmorLayer from mod iris->@Inject::changeId2(Lorg/spongepowered/asm/mixin/injection/callback/CallbackInfo;)V has 0 override(s) in child classes
[08:48:02] [Render thread/DEBUG] [mixin/]: mixins.iris.json:entity_render_context.MixinHumanoidArmorLayer from mod iris->@Inject::changeId2(Lorg/spongepowered/asm/mixin/injection/callback/CallbackInfo;)V won't be passed a CallbackInfo as a result
[08:48:02] [Render thread/DEBUG] [mixin/]: mixins.iris.forge.json:MixinHumanoidArmorLayer from mod iris->@Inject::changeTrimTempForge(Lnet/minecraft/core/Holder;Lcom/mojang/blaze3d/vertex/PoseStack;Lnet/minecraft/client/renderer/MultiBufferSource;ILnet/minecraft/world/item/armortrim/ArmorTrim;Lnet/minecraft/client/model/Model;ZLorg/spongepowered/asm/mixin/injection/callback/CallbackInfo;)V doesn't use it's CallbackInfo
[08:48:02] [Render thread/DEBUG] [mixin/]: mixins.iris.forge.json:MixinHumanoidArmorLayer from mod iris->@Inject::changeTrimTempForge(Lnet/minecraft/core/Holder;Lcom/mojang/blaze3d/vertex/PoseStack;Lnet/minecraft/client/renderer/MultiBufferSource;ILnet/minecraft/world/item/armortrim/ArmorTrim;Lnet/minecraft/client/model/Model;ZLorg/spongepowered/asm/mixin/injection/callback/CallbackInfo;)V has 0 override(s) in child classes
[08:48:02] [Render thread/DEBUG] [mixin/]: mixins.iris.forge.json:MixinHumanoidArmorLayer from mod iris->@Inject::changeTrimTempForge(Lnet/minecraft/core/Holder;Lcom/mojang/blaze3d/vertex/PoseStack;Lnet/minecraft/client/renderer/MultiBufferSource;ILnet/minecraft/world/item/armortrim/ArmorTrim;Lnet/minecraft/client/model/Model;ZLorg/spongepowered/asm/mixin/injection/callback/CallbackInfo;)V won't be passed a CallbackInfo as a result
[08:48:02] [Render thread/DEBUG] [mixin/]: mixins.iris.forge.json:MixinHumanoidArmorLayer from mod iris->@Inject::changeIdF(Lcom/mojang/blaze3d/vertex/PoseStack;Lnet/minecraft/client/renderer/MultiBufferSource;Lnet/minecraft/world/entity/LivingEntity;Lnet/minecraft/world/entity/EquipmentSlot;ILnet/minecraft/client/model/HumanoidModel;FFFFFFLorg/spongepowered/asm/mixin/injection/callback/CallbackInfo;)V doesn't use it's CallbackInfo
[08:48:02] [Render thread/DEBUG] [mixin/]: mixins.iris.forge.json:MixinHumanoidArmorLayer from mod iris->@Inject::changeIdF(Lcom/mojang/blaze3d/vertex/PoseStack;Lnet/minecraft/client/renderer/MultiBufferSource;Lnet/minecraft/world/entity/LivingEntity;Lnet/minecraft/world/entity/EquipmentSlot;ILnet/minecraft/client/model/HumanoidModel;FFFFFFLorg/spongepowered/asm/mixin/injection/callback/CallbackInfo;)V has 0 override(s) in child classes
[08:48:02] [Render thread/DEBUG] [mixin/]: mixins.iris.forge.json:MixinHumanoidArmorLayer from mod iris->@Inject::changeIdF(Lcom/mojang/blaze3d/vertex/PoseStack;Lnet/minecraft/client/renderer/MultiBufferSource;Lnet/minecraft/world/entity/LivingEntity;Lnet/minecraft/world/entity/EquipmentSlot;ILnet/minecraft/client/model/HumanoidModel;FFFFFFLorg/spongepowered/asm/mixin/injection/callback/CallbackInfo;)V won't be passed a CallbackInfo as a result
[08:48:02] [Render thread/DEBUG] [mixin/]: mixins.iris.forge.json:MixinHumanoidArmorLayer from mod iris->@Inject::changeTrimTemp2Forge(Lnet/minecraft/core/Holder;Lcom/mojang/blaze3d/vertex/PoseStack;Lnet/minecraft/client/renderer/MultiBufferSource;ILnet/minecraft/world/item/armortrim/ArmorTrim;Lnet/minecraft/client/model/Model;ZLorg/spongepowered/asm/mixin/injection/callback/CallbackInfo;)V doesn't use it's CallbackInfo
[08:48:02] [Render thread/DEBUG] [mixin/]: mixins.iris.forge.json:MixinHumanoidArmorLayer from mod iris->@Inject::changeTrimTemp2Forge(Lnet/minecraft/core/Holder;Lcom/mojang/blaze3d/vertex/PoseStack;Lnet/minecraft/client/renderer/MultiBufferSource;ILnet/minecraft/world/item/armortrim/ArmorTrim;Lnet/minecraft/client/model/Model;ZLorg/spongepowered/asm/mixin/injection/callback/CallbackInfo;)V has 0 override(s) in child classes
[08:48:02] [Render thread/DEBUG] [mixin/]: mixins.iris.forge.json:MixinHumanoidArmorLayer from mod iris->@Inject::changeTrimTemp2Forge(Lnet/minecraft/core/Holder;Lcom/mojang/blaze3d/vertex/PoseStack;Lnet/minecraft/client/renderer/MultiBufferSource;ILnet/minecraft/world/item/armortrim/ArmorTrim;Lnet/minecraft/client/model/Model;ZLorg/spongepowered/asm/mixin/injection/callback/CallbackInfo;)V won't be passed a CallbackInfo as a result
[08:48:02] [Render thread/DEBUG] [mixin/]: Mixing entity_render_context.MixinElytraLayer from mixins.iris.json into net.minecraft.client.renderer.entity.layers.ElytraLayer
[08:48:02] [Render thread/DEBUG] [mixin/]: mixins.iris.json:entity_render_context.MixinElytraLayer from mod iris: Class version 65 required is higher than the class version supported by the current version of Mixin (JAVA_8 supports class version 52)
[08:48:02] [Render thread/DEBUG] [mixin/]: mixins.iris.json:entity_render_context.MixinElytraLayer from mod iris->@Inject::changeId(Lcom/mojang/blaze3d/vertex/PoseStack;Lnet/minecraft/client/renderer/MultiBufferSource;ILnet/minecraft/world/entity/LivingEntity;FFFFFFLorg/spongepowered/asm/mixin/injection/callback/CallbackInfo;)V doesn't use it's CallbackInfo
[08:48:02] [Render thread/DEBUG] [mixin/]: mixins.iris.json:entity_render_context.MixinElytraLayer from mod iris->@Inject::changeId(Lcom/mojang/blaze3d/vertex/PoseStack;Lnet/minecraft/client/renderer/MultiBufferSource;ILnet/minecraft/world/entity/LivingEntity;FFFFFFLorg/spongepowered/asm/mixin/injection/callback/CallbackInfo;)V has 0 override(s) in child classes
[08:48:02] [Render thread/DEBUG] [mixin/]: mixins.iris.json:entity_render_context.MixinElytraLayer from mod iris->@Inject::changeId(Lcom/mojang/blaze3d/vertex/PoseStack;Lnet/minecraft/client/renderer/MultiBufferSource;ILnet/minecraft/world/entity/LivingEntity;FFFFFFLorg/spongepowered/asm/mixin/injection/callback/CallbackInfo;)V won't be passed a CallbackInfo as a result
[08:48:02] [Render thread/DEBUG] [mixin/]: mixins.iris.json:entity_render_context.MixinElytraLayer from mod iris->@Inject::changeId2(Lorg/spongepowered/asm/mixin/injection/callback/CallbackInfo;)V doesn't use it's CallbackInfo
[08:48:02] [Render thread/DEBUG] [mixin/]: mixins.iris.json:entity_render_context.MixinElytraLayer from mod iris->@Inject::changeId2(Lorg/spongepowered/asm/mixin/injection/callback/CallbackInfo;)V has 0 override(s) in child classes
[08:48:02] [Render thread/DEBUG] [mixin/]: mixins.iris.json:entity_render_context.MixinElytraLayer from mod iris->@Inject::changeId2(Lorg/spongepowered/asm/mixin/injection/callback/CallbackInfo;)V won't be passed a CallbackInfo as a result
[08:48:02] [Render thread/DEBUG] [mixin/]: Mixing MixinFishingHookRenderer from iris-batched-entity-rendering.mixins.json into net.minecraft.client.renderer.entity.FishingHookRenderer
[08:48:02] [Render thread/DEBUG] [mixin/]: iris-batched-entity-rendering.mixins.json:MixinFishingHookRenderer from mod iris: Class version 65 required is higher than the class version supported by the current version of Mixin (JAVA_8 supports class version 52)
[08:48:02] [Render thread/DEBUG] [mixin/]: iris-batched-entity-rendering.mixins.json:MixinFishingHookRenderer from mod iris->@Inject::capture(Lnet/minecraft/world/entity/projectile/FishingHook;FFLcom/mojang/blaze3d/vertex/PoseStack;Lnet/minecraft/client/renderer/MultiBufferSource;ILorg/spongepowered/asm/mixin/injection/callback/CallbackInfo;)V doesn't use it's CallbackInfo
[08:48:02] [Render thread/DEBUG] [mixin/]: iris-batched-entity-rendering.mixins.json:MixinFishingHookRenderer from mod iris->@Inject::capture(Lnet/minecraft/world/entity/projectile/FishingHook;FFLcom/mojang/blaze3d/vertex/PoseStack;Lnet/minecraft/client/renderer/MultiBufferSource;ILorg/spongepowered/asm/mixin/injection/callback/CallbackInfo;)V has 0 override(s) in child classes
[08:48:02] [Render thread/DEBUG] [mixin/]: iris-batched-entity-rendering.mixins.json:MixinFishingHookRenderer from mod iris->@Inject::capture(Lnet/minecraft/world/entity/projectile/FishingHook;FFLcom/mojang/blaze3d/vertex/PoseStack;Lnet/minecraft/client/renderer/MultiBufferSource;ILorg/spongepowered/asm/mixin/injection/callback/CallbackInfo;)V won't be passed a CallbackInfo as a result
[08:48:02] [Render thread/DEBUG] [mixin/]: Mixing entity_render_context.MixinHorseArmorLayer from mixins.iris.json into net.minecraft.client.renderer.entity.layers.HorseArmorLayer
[08:48:02] [Render thread/DEBUG] [mixin/]: mixins.iris.json:entity_render_context.MixinHorseArmorLayer from mod iris: Class version 65 required is higher than the class version supported by the current version of Mixin (JAVA_8 supports class version 52)
[08:48:02] [Render thread/DEBUG] [mixin/]: mixins.iris.json:entity_render_context.MixinHorseArmorLayer from mod iris->@Inject::changeId(Lcom/mojang/blaze3d/vertex/PoseStack;Lnet/minecraft/client/renderer/MultiBufferSource;ILnet/minecraft/world/entity/animal/horse/Horse;FFFFFFLorg/spongepowered/asm/mixin/injection/callback/CallbackInfo;)V doesn't use it's CallbackInfo
[08:48:02] [Render thread/DEBUG] [mixin/]: mixins.iris.json:entity_render_context.MixinHorseArmorLayer from mod iris->@Inject::changeId(Lcom/mojang/blaze3d/vertex/PoseStack;Lnet/minecraft/client/renderer/MultiBufferSource;ILnet/minecraft/world/entity/animal/horse/Horse;FFFFFFLorg/spongepowered/asm/mixin/injection/callback/CallbackInfo;)V has 0 override(s) in child classes
[08:48:02] [Render thread/DEBUG] [mixin/]: mixins.iris.json:entity_render_context.MixinHorseArmorLayer from mod iris->@Inject::changeId(Lcom/mojang/blaze3d/vertex/PoseStack;Lnet/minecraft/client/renderer/MultiBufferSource;ILnet/minecraft/world/entity/animal/horse/Horse;FFFFFFLorg/spongepowered/asm/mixin/injection/callback/CallbackInfo;)V won't be passed a CallbackInfo as a result
[08:48:02] [Render thread/DEBUG] [mixin/]: mixins.iris.json:entity_render_context.MixinHorseArmorLayer from mod iris->@Inject::changeId2(Lorg/spongepowered/asm/mixin/injection/callback/CallbackInfo;)V doesn't use it's CallbackInfo
[08:48:02] [Render thread/DEBUG] [mixin/]: mixins.iris.json:entity_render_context.MixinHorseArmorLayer from mod iris->@Inject::changeId2(Lorg/spongepowered/asm/mixin/injection/callback/CallbackInfo;)V has 0 override(s) in child classes
[08:48:02] [Render thread/DEBUG] [mixin/]: mixins.iris.json:entity_render_context.MixinHorseArmorLayer from mod iris->@Inject::changeId2(Lorg/spongepowered/asm/mixin/injection/callback/CallbackInfo;)V won't be passed a CallbackInfo as a result
[08:48:02] [Render thread/DEBUG] [mixin/]: Mixing MixinLightningBoltRenderer from mixins.iris.json into net.minecraft.client.renderer.entity.LightningBoltRenderer
[08:48:02] [Render thread/DEBUG] [mixin/]: mixins.iris.json:MixinLightningBoltRenderer from mod iris: Class version 65 required is higher than the class version supported by the current version of Mixin (JAVA_8 supports class version 52)
[08:48:02] [Render thread/DEBUG] [mixin/]: Mixing entity_render_context.MixinCapeLayer from mixins.iris.json into net.minecraft.client.renderer.entity.layers.CapeLayer
[08:48:02] [Render thread/DEBUG] [mixin/]: mixins.iris.json:entity_render_context.MixinCapeLayer from mod iris: Class version 65 required is higher than the class version supported by the current version of Mixin (JAVA_8 supports class version 52)
[08:48:02] [Render thread/DEBUG] [mixin/]: mixins.iris.json:entity_render_context.MixinCapeLayer from mod iris->@Inject::changeId(Lcom/mojang/blaze3d/vertex/PoseStack;Lnet/minecraft/client/renderer/MultiBufferSource;ILnet/minecraft/client/player/AbstractClientPlayer;FFFFFFLorg/spongepowered/asm/mixin/injection/callback/CallbackInfo;)V doesn't use it's CallbackInfo
[08:48:02] [Render thread/DEBUG] [mixin/]: mixins.iris.json:entity_render_context.MixinCapeLayer from mod iris->@Inject::changeId(Lcom/mojang/blaze3d/vertex/PoseStack;Lnet/minecraft/client/renderer/MultiBufferSource;ILnet/minecraft/client/player/AbstractClientPlayer;FFFFFFLorg/spongepowered/asm/mixin/injection/callback/CallbackInfo;)V has 0 override(s) in child classes
[08:48:02] [Render thread/DEBUG] [mixin/]: mixins.iris.json:entity_render_context.MixinCapeLayer from mod iris->@Inject::changeId(Lcom/mojang/blaze3d/vertex/PoseStack;Lnet/minecraft/client/renderer/MultiBufferSource;ILnet/minecraft/client/player/AbstractClientPlayer;FFFFFFLorg/spongepowered/asm/mixin/injection/callback/CallbackInfo;)V won't be passed a CallbackInfo as a result
[08:48:02] [Render thread/DEBUG] [mixin/]: mixins.iris.json:entity_render_context.MixinCapeLayer from mod iris->@Inject::changeId2(Lorg/spongepowered/asm/mixin/injection/callback/CallbackInfo;)V doesn't use it's CallbackInfo
[08:48:02] [Render thread/DEBUG] [mixin/]: mixins.iris.json:entity_render_context.MixinCapeLayer from mod iris->@Inject::changeId2(Lorg/spongepowered/asm/mixin/injection/callback/CallbackInfo;)V has 0 override(s) in child classes
[08:48:02] [Render thread/DEBUG] [mixin/]: mixins.iris.json:entity_render_context.MixinCapeLayer from mod iris->@Inject::changeId2(Lorg/spongepowered/asm/mixin/injection/callback/CallbackInfo;)V won't be passed a CallbackInfo as a result
[08:48:02] [Render thread/INFO] [minecraft/TextureAtlas]: Created: 512x256x0 minecraft:textures/atlas/particles.png-atlas
[08:48:02] [Render thread/INFO] [minecraft/TextureAtlas]: Created: 512x256x0 minecraft:textures/atlas/paintings.png-atlas
[08:48:02] [Render thread/INFO] [minecraft/TextureAtlas]: Created: 256x128x0 minecraft:textures/atlas/mob_effects.png-atlas
[08:48:02] [Render thread/INFO] [minecraft/TextureAtlas]: Created: 64x64x0 minecraft:textures/atlas/map_decorations.png-atlas
[08:48:02] [Render thread/INFO] [minecraft/TextureAtlas]: Created: 1024x512x0 minecraft:textures/atlas/gui.png-atlas
[08:48:02] [Render thread/WARN] [minecraft/ShaderInstance]: Shader rendertype_entity_translucent_emissive could not find sampler named Sampler2 in the specified shader program.
[08:48:02] [Render thread/DEBUG] [mixin/]: Mixing state_tracking.MixinPostChain from mixins.iris.json into net.minecraft.client.renderer.PostChain
[08:48:02] [Render thread/DEBUG] [mixin/]: mixins.iris.json:state_tracking.MixinPostChain from mod iris: Class version 65 required is higher than the class version supported by the current version of Mixin (JAVA_8 supports class version 52)
[08:48:02] [Render thread/INFO] [ne.ne.ne.cl.en.an.js.AnimationLoader/]: Loaded 0 entity animations
[08:48:19] [Render thread/INFO] [minecraft/Minecraft]: Stopping!
[08:48:19] [Render thread/DEBUG] [mixin/]: Mixing MixinGlRenderDevice from mixins.iris.compat.sodium.json into net.caffeinemc.mods.sodium.client.gl.device.GLRenderDevice$ImmediateDrawCommandList
[08:48:19] [Render thread/DEBUG] [mixin/]: mixins.iris.compat.sodium.json:MixinGlRenderDevice from mod iris: Class version 65 required is higher than the class version supported by the current version of Mixin (JAVA_8 supports class version 52)

BUILD SUCCESSFUL in 49s
33 actionable tasks: 2 executed, 31 up-to-date
